num_params,num_params_q,model_size,model_size_q,flops_total,flops_fp,flops_q,flops_combined,activation_method,add_relu_to_downsample,approximation,augmentation,batch_norm,batch_size,batchnorm_at_end,bits,bits_a,block_config,builtin_profiler,clip_threshold,data_dir,data_path,dataset,dilated,downsample_sc_groups,downsample_structure,dry_run,dtype,epochs,fp_downsample_sc,gpus,growth_rate,improvement_block_type,init_features,initial_layers,initialization,interrupt_at,kvstore,log,log_interval,lr,lr_factor,lr_mode,lr_steps,mode,model,momentum,num_workers,optimizer,plot_network,pool_downsample_sc,prefix,profile,progress,reduction,resume,resume_states,save_frequency,seed,slices,start_epoch,test_run,use_pretrained,warmup_epochs,warmup_lr,wd,weight_quantization,write_summary,epoch,time,exp_folder_name,val_acc,val_acc_top_k_5,train_acc,train_acc_top_k_5
26825544,24956928,102.33,10.1,9870000000.0,174010000.0,9690000000.0,325460000.0,det_sign,,,medium,,16,False,1,1,"5,8,14,10",0,1.3,/mnt/ssd/datasets/ImageNet/extracted/rec,/mnt/ssd/datasets/cifar,imagenet,False,,"bn,max_pool,relu,fp_conv",False,float32,120,,"0,1,2,3",64,last,64,deepstem_grouped,gaussian,None,device,image-classification.log,100,0.002000,0.1,cosine,"30,60,90",cosine,densenet_flex,0.9,4,radam,meta/plot,,model,False,meta/eta,"2.2,2.7,2.7",,,1,123,,0,False,False,0,0.0,0.0,det_sign,meta/tblogs,1, 6810.649045,"403_densenet_5,8,12,10",0.331002,0.584879,0.150918,0.316935
26825544,24956928,102.33,10.1,9870000000.0,174010000.0,9690000000.0,325460000.0,det_sign,,,medium,,16,False,1,1,"5,8,14,10",0,1.3,/mnt/ssd/datasets/ImageNet/extracted/rec,/mnt/ssd/datasets/cifar,imagenet,False,,"bn,max_pool,relu,fp_conv",False,float32,120,,"0,1,2,3",64,last,64,deepstem_grouped,gaussian,None,device,image-classification.log,100,0.001999,0.1,cosine,"30,60,90",cosine,densenet_flex,0.9,4,radam,meta/plot,,model,False,meta/eta,"2.2,2.7,2.7",,,1,123,,0,False,False,0,0.0,0.0,det_sign,meta/tblogs,2, 6817.299671,"403_densenet_5,8,12,10",0.445162,0.697423,0.331573,0.566916
26825544,24956928,102.33,10.1,9870000000.0,174010000.0,9690000000.0,325460000.0,det_sign,,,medium,,16,False,1,1,"5,8,14,10",0,1.3,/mnt/ssd/datasets/ImageNet/extracted/rec,/mnt/ssd/datasets/cifar,imagenet,False,,"bn,max_pool,relu,fp_conv",False,float32,120,,"0,1,2,3",64,last,64,deepstem_grouped,gaussian,None,device,image-classification.log,100,0.001997,0.1,cosine,"30,60,90",cosine,densenet_flex,0.9,4,radam,meta/plot,,model,False,meta/eta,"2.2,2.7,2.7",,,1,123,,0,False,False,0,0.0,0.0,det_sign,meta/tblogs,3, 6814.249310,"403_densenet_5,8,12,10",0.495038,0.739537,0.401125,0.637894
26825544,24956928,102.33,10.1,9870000000.0,174010000.0,9690000000.0,325460000.0,det_sign,,,medium,,16,False,1,1,"5,8,14,10",0,1.3,/mnt/ssd/datasets/ImageNet/extracted/rec,/mnt/ssd/datasets/cifar,imagenet,False,,"bn,max_pool,relu,fp_conv",False,float32,120,,"0,1,2,3",64,last,64,deepstem_grouped,gaussian,None,device,image-classification.log,100,0.001995,0.1,cosine,"30,60,90",cosine,densenet_flex,0.9,4,radam,meta/plot,,model,False,meta/eta,"2.2,2.7,2.7",,,1,123,,0,False,False,0,0.0,0.0,det_sign,meta/tblogs,4, 6813.625430,"403_densenet_5,8,12,10",0.526689,0.764165,0.439357,0.674124
26825544,24956928,102.33,10.1,9870000000.0,174010000.0,9690000000.0,325460000.0,det_sign,,,medium,,16,False,1,1,"5,8,14,10",0,1.3,/mnt/ssd/datasets/ImageNet/extracted/rec,/mnt/ssd/datasets/cifar,imagenet,False,,"bn,max_pool,relu,fp_conv",False,float32,120,,"0,1,2,3",64,last,64,deepstem_grouped,gaussian,None,device,image-classification.log,100,0.001991,0.1,cosine,"30,60,90",cosine,densenet_flex,0.9,4,radam,meta/plot,,model,False,meta/eta,"2.2,2.7,2.7",,,1,123,,0,False,False,0,0.0,0.0,det_sign,meta/tblogs,5, 6807.953039,"403_densenet_5,8,12,10",0.544977,0.778573,0.464834,0.697121
26825544,24956928,102.33,10.1,9870000000.0,174010000.0,9690000000.0,325460000.0,det_sign,,,medium,,16,False,1,1,"5,8,14,10",0,1.3,/mnt/ssd/datasets/ImageNet/extracted/rec,/mnt/ssd/datasets/cifar,imagenet,False,,"bn,max_pool,relu,fp_conv",False,float32,120,,"0,1,2,3",64,last,64,deepstem_grouped,gaussian,None,device,image-classification.log,100,0.001988,0.1,cosine,"30,60,90",cosine,densenet_flex,0.9,4,radam,meta/plot,,model,False,meta/eta,"2.2,2.7,2.7",,,1,123,,0,False,False,0,0.0,0.0,det_sign,meta/tblogs,6, 6809.156672,"403_densenet_5,8,12,10",0.562000,0.790573,0.482776,0.713014
26825544,24956928,102.33,10.1,9870000000.0,174010000.0,9690000000.0,325460000.0,det_sign,,,medium,,16,False,1,1,"5,8,14,10",0,1.3,/mnt/ssd/datasets/ImageNet/extracted/rec,/mnt/ssd/datasets/cifar,imagenet,False,,"bn,max_pool,relu,fp_conv",False,float32,120,,"0,1,2,3",64,last,64,deepstem_grouped,gaussian,None,device,image-classification.log,100,0.001983,0.1,cosine,"30,60,90",cosine,densenet_flex,0.9,4,radam,meta/plot,,model,False,meta/eta,"2.2,2.7,2.7",,,1,123,,0,False,False,0,0.0,0.0,det_sign,meta/tblogs,7, 6812.593097,"403_densenet_5,8,12,10",0.572903,0.800876,0.496782,0.724471
26825544,24956928,102.33,10.1,9870000000.0,174010000.0,9690000000.0,325460000.0,det_sign,,,medium,,16,False,1,1,"5,8,14,10",0,1.3,/mnt/ssd/datasets/ImageNet/extracted/rec,/mnt/ssd/datasets/cifar,imagenet,False,,"bn,max_pool,relu,fp_conv",False,float32,120,,"0,1,2,3",64,last,64,deepstem_grouped,gaussian,None,device,image-classification.log,100,0.001978,0.1,cosine,"30,60,90",cosine,densenet_flex,0.9,4,radam,meta/plot,,model,False,meta/eta,"2.2,2.7,2.7",,,1,123,,0,False,False,0,0.0,0.0,det_sign,meta/tblogs,8, 6815.490288,"403_densenet_5,8,12,10",0.578625,0.804017,0.507682,0.733967
26825544,24956928,102.33,10.1,9870000000.0,174010000.0,9690000000.0,325460000.0,det_sign,,,medium,,16,False,1,1,"5,8,14,10",0,1.3,/mnt/ssd/datasets/ImageNet/extracted/rec,/mnt/ssd/datasets/cifar,imagenet,False,,"bn,max_pool,relu,fp_conv",False,float32,120,,"0,1,2,3",64,last,64,deepstem_grouped,gaussian,None,device,image-classification.log,100,0.001972,0.1,cosine,"30,60,90",cosine,densenet_flex,0.9,4,radam,meta/plot,,model,False,meta/eta,"2.2,2.7,2.7",,,1,123,,0,False,False,0,0.0,0.0,det_sign,meta/tblogs,9, 6818.597764,"403_densenet_5,8,12,10",0.584739,0.808684,0.517561,0.742606
26825544,24956928,102.33,10.1,9870000000.0,174010000.0,9690000000.0,325460000.0,det_sign,,,medium,,16,False,1,1,"5,8,14,10",0,1.3,/mnt/ssd/datasets/ImageNet/extracted/rec,/mnt/ssd/datasets/cifar,imagenet,False,,"bn,max_pool,relu,fp_conv",False,float32,120,,"0,1,2,3",64,last,64,deepstem_grouped,gaussian,None,device,image-classification.log,100,0.001966,0.1,cosine,"30,60,90",cosine,densenet_flex,0.9,4,radam,meta/plot,,model,False,meta/eta,"2.2,2.7,2.7",,,1,123,,0,False,False,0,0.0,0.0,det_sign,meta/tblogs,10, 6818.527925,"403_densenet_5,8,12,10",0.590369,0.814241,0.524974,0.748763
26825544,24956928,102.33,10.1,9870000000.0,174010000.0,9690000000.0,325460000.0,det_sign,,,medium,,16,False,1,1,"5,8,14,10",0,1.3,/mnt/ssd/datasets/ImageNet/extracted/rec,/mnt/ssd/datasets/cifar,imagenet,False,,"bn,max_pool,relu,fp_conv",False,float32,120,,"0,1,2,3",64,last,64,deepstem_grouped,gaussian,None,device,image-classification.log,100,0.001959,0.1,cosine,"30,60,90",cosine,densenet_flex,0.9,4,radam,meta/plot,,model,False,meta/eta,"2.2,2.7,2.7",,,1,123,,0,False,False,0,0.0,0.0,det_sign,meta/tblogs,11, 6819.096525,"403_densenet_5,8,12,10",0.594690,0.818562,0.532192,0.754255
26825544,24956928,102.33,10.1,9870000000.0,174010000.0,9690000000.0,325460000.0,det_sign,,,medium,,16,False,1,1,"5,8,14,10",0,1.3,/mnt/ssd/datasets/ImageNet/extracted/rec,/mnt/ssd/datasets/cifar,imagenet,False,,"bn,max_pool,relu,fp_conv",False,float32,120,,"0,1,2,3",64,last,64,deepstem_grouped,gaussian,None,device,image-classification.log,100,0.001951,0.1,cosine,"30,60,90",cosine,densenet_flex,0.9,4,radam,meta/plot,,model,False,meta/eta,"2.2,2.7,2.7",,,1,123,,0,False,False,0,0.0,0.0,det_sign,meta/tblogs,12, 6813.768313,"403_densenet_5,8,12,10",0.600352,0.822063,0.537594,0.759052
26825544,24956928,102.33,10.1,9870000000.0,174010000.0,9690000000.0,325460000.0,det_sign,,,medium,,16,False,1,1,"5,8,14,10",0,1.3,/mnt/ssd/datasets/ImageNet/extracted/rec,/mnt/ssd/datasets/cifar,imagenet,False,,"bn,max_pool,relu,fp_conv",False,float32,120,,"0,1,2,3",64,last,64,deepstem_grouped,gaussian,None,device,image-classification.log,100,0.001943,0.1,cosine,"30,60,90",cosine,densenet_flex,0.9,4,radam,meta/plot,,model,False,meta/eta,"2.2,2.7,2.7",,,1,123,,0,False,False,0,0.0,0.0,det_sign,meta/tblogs,13, 6812.236153,"403_densenet_5,8,12,10",0.605279,0.824968,0.543189,0.763586
26825544,24956928,102.33,10.1,9870000000.0,174010000.0,9690000000.0,325460000.0,det_sign,,,medium,,16,False,1,1,"5,8,14,10",0,1.3,/mnt/ssd/datasets/ImageNet/extracted/rec,/mnt/ssd/datasets/cifar,imagenet,False,,"bn,max_pool,relu,fp_conv",False,float32,120,,"0,1,2,3",64,last,64,deepstem_grouped,gaussian,None,device,image-classification.log,100,0.001934,0.1,cosine,"30,60,90",cosine,densenet_flex,0.9,4,radam,meta/plot,,model,False,meta/eta,"2.2,2.7,2.7",,,1,123,,0,False,False,0,0.0,0.0,det_sign,meta/tblogs,14, 6811.971140,"403_densenet_5,8,12,10",0.610335,0.826444,0.548292,0.767668
26825544,24956928,102.33,10.1,9870000000.0,174010000.0,9690000000.0,325460000.0,det_sign,,,medium,,16,False,1,1,"5,8,14,10",0,1.3,/mnt/ssd/datasets/ImageNet/extracted/rec,/mnt/ssd/datasets/cifar,imagenet,False,,"bn,max_pool,relu,fp_conv",False,float32,120,,"0,1,2,3",64,last,64,deepstem_grouped,gaussian,None,device,image-classification.log,100,0.001924,0.1,cosine,"30,60,90",cosine,densenet_flex,0.9,4,radam,meta/plot,,model,False,meta/eta,"2.2,2.7,2.7",,,1,123,,0,False,False,0,0.0,0.0,det_sign,meta/tblogs,15, 6818.125909,"403_densenet_5,8,12,10",0.612596,0.830186,0.552070,0.770151
26825544,24956928,102.33,10.1,9870000000.0,174010000.0,9690000000.0,325460000.0,det_sign,,,medium,,16,False,1,1,"5,8,14,10",0,1.3,/mnt/ssd/datasets/ImageNet/extracted/rec,/mnt/ssd/datasets/cifar,imagenet,False,,"bn,max_pool,relu,fp_conv",False,float32,120,,"0,1,2,3",64,last,64,deepstem_grouped,gaussian,None,device,image-classification.log,100,0.001914,0.1,cosine,"30,60,90",cosine,densenet_flex,0.9,4,radam,meta/plot,,model,False,meta/eta,"2.2,2.7,2.7",,,1,123,,0,False,False,0,0.0,0.0,det_sign,meta/tblogs,16, 6819.682775,"403_densenet_5,8,12,10",0.614497,0.833907,0.556777,0.773598
26825544,24956928,102.33,10.1,9870000000.0,174010000.0,9690000000.0,325460000.0,det_sign,,,medium,,16,False,1,1,"5,8,14,10",0,1.3,/mnt/ssd/datasets/ImageNet/extracted/rec,/mnt/ssd/datasets/cifar,imagenet,False,,"bn,max_pool,relu,fp_conv",False,float32,120,,"0,1,2,3",64,last,64,deepstem_grouped,gaussian,None,device,image-classification.log,100,0.001903,0.1,cosine,"30,60,90",cosine,densenet_flex,0.9,4,radam,meta/plot,,model,False,meta/eta,"2.2,2.7,2.7",,,1,123,,0,False,False,0,0.0,0.0,det_sign,meta/tblogs,17, 6817.521644,"403_densenet_5,8,12,10",0.616908,0.831941,0.560933,0.777116
26825544,24956928,102.33,10.1,9870000000.0,174010000.0,9690000000.0,325460000.0,det_sign,,,medium,,16,False,1,1,"5,8,14,10",0,1.3,/mnt/ssd/datasets/ImageNet/extracted/rec,/mnt/ssd/datasets/cifar,imagenet,False,,"bn,max_pool,relu,fp_conv",False,float32,120,,"0,1,2,3",64,last,64,deepstem_grouped,gaussian,None,device,image-classification.log,100,0.001891,0.1,cosine,"30,60,90",cosine,densenet_flex,0.9,4,radam,meta/plot,,model,False,meta/eta,"2.2,2.7,2.7",,,1,123,,0,False,False,0,0.0,0.0,det_sign,meta/tblogs,18, 6813.947610,"403_densenet_5,8,12,10",0.619838,0.835487,0.563817,0.780592
26825544,24956928,102.33,10.1,9870000000.0,174010000.0,9690000000.0,325460000.0,det_sign,,,medium,,16,False,1,1,"5,8,14,10",0,1.3,/mnt/ssd/datasets/ImageNet/extracted/rec,/mnt/ssd/datasets/cifar,imagenet,False,,"bn,max_pool,relu,fp_conv",False,float32,120,,"0,1,2,3",64,last,64,deepstem_grouped,gaussian,None,device,image-classification.log,100,0.001879,0.1,cosine,"30,60,90",cosine,densenet_flex,0.9,4,radam,meta/plot,,model,False,meta/eta,"2.2,2.7,2.7",,,1,123,,0,False,False,0,0.0,0.0,det_sign,meta/tblogs,19, 6820.141622,"403_densenet_5,8,12,10",0.622019,0.837528,0.566946,0.782308
26825544,24956928,102.33,10.1,9870000000.0,174010000.0,9690000000.0,325460000.0,det_sign,,,medium,,16,False,1,1,"5,8,14,10",0,1.3,/mnt/ssd/datasets/ImageNet/extracted/rec,/mnt/ssd/datasets/cifar,imagenet,False,,"bn,max_pool,relu,fp_conv",False,float32,120,,"0,1,2,3",64,last,64,deepstem_grouped,gaussian,None,device,image-classification.log,100,0.001866,0.1,cosine,"30,60,90",cosine,densenet_flex,0.9,4,radam,meta/plot,,model,False,meta/eta,"2.2,2.7,2.7",,,1,123,,0,False,False,0,0.0,0.0,det_sign,meta/tblogs,20, 6818.639572,"403_densenet_5,8,12,10",0.622479,0.837828,0.570864,0.784445
26825544,24956928,102.33,10.1,9870000000.0,174010000.0,9690000000.0,325460000.0,det_sign,,,medium,,16,False,1,1,"5,8,14,10",0,1.3,/mnt/ssd/datasets/ImageNet/extracted/rec,/mnt/ssd/datasets/cifar,imagenet,False,,"bn,max_pool,relu,fp_conv",False,float32,120,,"0,1,2,3",64,last,64,deepstem_grouped,gaussian,None,device,image-classification.log,100,0.001853,0.1,cosine,"30,60,90",cosine,densenet_flex,0.9,4,radam,meta/plot,,model,False,meta/eta,"2.2,2.7,2.7",,,1,123,,0,False,False,0,0.0,0.0,det_sign,meta/tblogs,21, 6819.786406,"403_densenet_5,8,12,10",0.625100,0.841312,0.572728,0.786711
26825544,24956928,102.33,10.1,9870000000.0,174010000.0,9690000000.0,325460000.0,det_sign,,,medium,,16,False,1,1,"5,8,14,10",0,1.3,/mnt/ssd/datasets/ImageNet/extracted/rec,/mnt/ssd/datasets/cifar,imagenet,False,,"bn,max_pool,relu,fp_conv",False,float32,120,,"0,1,2,3",64,last,64,deepstem_grouped,gaussian,None,device,image-classification.log,100,0.001839,0.1,cosine,"30,60,90",cosine,densenet_flex,0.9,4,radam,meta/plot,,model,False,meta/eta,"2.2,2.7,2.7",,,1,123,,0,False,False,0,0.0,0.0,det_sign,meta/tblogs,22, 6811.677551,"403_densenet_5,8,12,10",0.628041,0.841949,0.575897,0.789385
26825544,24956928,102.33,10.1,9870000000.0,174010000.0,9690000000.0,325460000.0,det_sign,,,medium,,16,False,1,1,"5,8,14,10",0,1.3,/mnt/ssd/datasets/ImageNet/extracted/rec,/mnt/ssd/datasets/cifar,imagenet,False,,"bn,max_pool,relu,fp_conv",False,float32,120,,"0,1,2,3",64,last,64,deepstem_grouped,gaussian,None,device,image-classification.log,100,0.001824,0.1,cosine,"30,60,90",cosine,densenet_flex,0.9,4,radam,meta/plot,,model,False,meta/eta,"2.2,2.7,2.7",,,1,123,,0,False,False,0,0.0,0.0,det_sign,meta/tblogs,23, 6811.656428,"403_densenet_5,8,12,10",0.631022,0.843870,0.578445,0.791061
26825544,24956928,102.33,10.1,9870000000.0,174010000.0,9690000000.0,325460000.0,det_sign,,,medium,,16,False,1,1,"5,8,14,10",0,1.3,/mnt/ssd/datasets/ImageNet/extracted/rec,/mnt/ssd/datasets/cifar,imagenet,False,,"bn,max_pool,relu,fp_conv",False,float32,120,,"0,1,2,3",64,last,64,deepstem_grouped,gaussian,None,device,image-classification.log,100,0.001809,0.1,cosine,"30,60,90",cosine,densenet_flex,0.9,4,radam,meta/plot,,model,False,meta/eta,"2.2,2.7,2.7",,,1,123,,0,False,False,0,0.0,0.0,det_sign,meta/tblogs,24, 6817.760406,"403_densenet_5,8,12,10",0.629942,0.841569,0.580588,0.792605
26825544,24956928,102.33,10.1,9870000000.0,174010000.0,9690000000.0,325460000.0,det_sign,,,medium,,16,False,1,1,"5,8,14,10",0,1.3,/mnt/ssd/datasets/ImageNet/extracted/rec,/mnt/ssd/datasets/cifar,imagenet,False,,"bn,max_pool,relu,fp_conv",False,float32,120,,"0,1,2,3",64,last,64,deepstem_grouped,gaussian,None,device,image-classification.log,100,0.001793,0.1,cosine,"30,60,90",cosine,densenet_flex,0.9,4,radam,meta/plot,,model,False,meta/eta,"2.2,2.7,2.7",,,1,123,,0,False,False,0,0.0,0.0,det_sign,meta/tblogs,25, 6823.242810,"403_densenet_5,8,12,10",0.631773,0.844369,0.582867,0.794579
26825544,24956928,102.33,10.1,9870000000.0,174010000.0,9690000000.0,325460000.0,det_sign,,,medium,,16,False,1,1,"5,8,14,10",0,1.3,/mnt/ssd/datasets/ImageNet/extracted/rec,/mnt/ssd/datasets/cifar,imagenet,False,,"bn,max_pool,relu,fp_conv",False,float32,120,,"0,1,2,3",64,last,64,deepstem_grouped,gaussian,None,device,image-classification.log,100,0.001777,0.1,cosine,"30,60,90",cosine,densenet_flex,0.9,4,radam,meta/plot,,model,False,meta/eta,"2.2,2.7,2.7",,,1,123,,0,False,False,0,0.0,0.0,det_sign,meta/tblogs,26, 6822.277693,"403_densenet_5,8,12,10",0.636004,0.846931,0.585422,0.796385
26825544,24956928,102.33,10.1,9870000000.0,174010000.0,9690000000.0,325460000.0,det_sign,,,medium,,16,False,1,1,"5,8,14,10",0,1.3,/mnt/ssd/datasets/ImageNet/extracted/rec,/mnt/ssd/datasets/cifar,imagenet,False,,"bn,max_pool,relu,fp_conv",False,float32,120,,"0,1,2,3",64,last,64,deepstem_grouped,gaussian,None,device,image-classification.log,100,0.001760,0.1,cosine,"30,60,90",cosine,densenet_flex,0.9,4,radam,meta/plot,,model,False,meta/eta,"2.2,2.7,2.7",,,1,123,,0,False,False,0,0.0,0.0,det_sign,meta/tblogs,27, 6822.451665,"403_densenet_5,8,12,10",0.634783,0.848512,0.587654,0.797900
26825544,24956928,102.33,10.1,9870000000.0,174010000.0,9690000000.0,325460000.0,det_sign,,,medium,,16,False,1,1,"5,8,14,10",0,1.3,/mnt/ssd/datasets/ImageNet/extracted/rec,/mnt/ssd/datasets/cifar,imagenet,False,,"bn,max_pool,relu,fp_conv",False,float32,120,,"0,1,2,3",64,last,64,deepstem_grouped,gaussian,None,device,image-classification.log,100,0.001743,0.1,cosine,"30,60,90",cosine,densenet_flex,0.9,4,radam,meta/plot,,model,False,meta/eta,"2.2,2.7,2.7",,,1,123,,0,False,False,0,0.0,0.0,det_sign,meta/tblogs,28, 6822.666414,"403_densenet_5,8,12,10",0.637544,0.848391,0.589508,0.799553
26825544,24956928,102.33,10.1,9870000000.0,174010000.0,9690000000.0,325460000.0,det_sign,,,medium,,16,False,1,1,"5,8,14,10",0,1.3,/mnt/ssd/datasets/ImageNet/extracted/rec,/mnt/ssd/datasets/cifar,imagenet,False,,"bn,max_pool,relu,fp_conv",False,float32,120,,"0,1,2,3",64,last,64,deepstem_grouped,gaussian,None,device,image-classification.log,100,0.001725,0.1,cosine,"30,60,90",cosine,densenet_flex,0.9,4,radam,meta/plot,,model,False,meta/eta,"2.2,2.7,2.7",,,1,123,,0,False,False,0,0.0,0.0,det_sign,meta/tblogs,29, 6821.598487,"403_densenet_5,8,12,10",0.638567,0.848685,0.591522,0.801262
26825544,24956928,102.33,10.1,9870000000.0,174010000.0,9690000000.0,325460000.0,det_sign,,,medium,,16,False,1,1,"5,8,14,10",0,1.3,/mnt/ssd/datasets/ImageNet/extracted/rec,/mnt/ssd/datasets/cifar,imagenet,False,,"bn,max_pool,relu,fp_conv",False,float32,120,,"0,1,2,3",64,last,64,deepstem_grouped,gaussian,None,device,image-classification.log,100,0.001707,0.1,cosine,"30,60,90",cosine,densenet_flex,0.9,4,radam,meta/plot,,model,False,meta/eta,"2.2,2.7,2.7",,,1,123,,0,False,False,0,0.0,0.0,det_sign,meta/tblogs,30, 6815.493336,"403_densenet_5,8,12,10",0.640665,0.849872,0.593594,0.802775
26825544,24956928,102.33,10.1,9870000000.0,174010000.0,9690000000.0,325460000.0,det_sign,,,medium,,16,False,1,1,"5,8,14,10",0,1.3,/mnt/ssd/datasets/ImageNet/extracted/rec,/mnt/ssd/datasets/cifar,imagenet,False,,"bn,max_pool,relu,fp_conv",False,float32,120,,"0,1,2,3",64,last,64,deepstem_grouped,gaussian,None,device,image-classification.log,100,0.001688,0.1,cosine,"30,60,90",cosine,densenet_flex,0.9,4,radam,meta/plot,,model,False,meta/eta,"2.2,2.7,2.7",,,1,123,,0,False,False,0,0.0,0.0,det_sign,meta/tblogs,31, 6815.097872,"403_densenet_5,8,12,10",0.643546,0.852373,0.595566,0.804242
26825544,24956928,102.33,10.1,9870000000.0,174010000.0,9690000000.0,325460000.0,det_sign,,,medium,,16,False,1,1,"5,8,14,10",0,1.3,/mnt/ssd/datasets/ImageNet/extracted/rec,/mnt/ssd/datasets/cifar,imagenet,False,,"bn,max_pool,relu,fp_conv",False,float32,120,,"0,1,2,3",64,last,64,deepstem_grouped,gaussian,None,device,image-classification.log,100,0.001669,0.1,cosine,"30,60,90",cosine,densenet_flex,0.9,4,radam,meta/plot,,model,False,meta/eta,"2.2,2.7,2.7",,,1,123,,0,False,False,0,0.0,0.0,det_sign,meta/tblogs,32, 6812.358992,"403_densenet_5,8,12,10",0.642165,0.851072,0.597202,0.805360
26825544,24956928,102.33,10.1,9870000000.0,174010000.0,9690000000.0,325460000.0,det_sign,,,medium,,16,False,1,1,"5,8,14,10",0,1.3,/mnt/ssd/datasets/ImageNet/extracted/rec,/mnt/ssd/datasets/cifar,imagenet,False,,"bn,max_pool,relu,fp_conv",False,float32,120,,"0,1,2,3",64,last,64,deepstem_grouped,gaussian,None,device,image-classification.log,100,0.001649,0.1,cosine,"30,60,90",cosine,densenet_flex,0.9,4,radam,meta/plot,,model,False,meta/eta,"2.2,2.7,2.7",,,1,123,,0,False,False,0,0.0,0.0,det_sign,meta/tblogs,33, 6819.842811,"403_densenet_5,8,12,10",0.644062,0.852502,0.598800,0.806829
26825544,24956928,102.33,10.1,9870000000.0,174010000.0,9690000000.0,325460000.0,det_sign,,,medium,,16,False,1,1,"5,8,14,10",0,1.3,/mnt/ssd/datasets/ImageNet/extracted/rec,/mnt/ssd/datasets/cifar,imagenet,False,,"bn,max_pool,relu,fp_conv",False,float32,120,,"0,1,2,3",64,last,64,deepstem_grouped,gaussian,None,device,image-classification.log,100,0.001629,0.1,cosine,"30,60,90",cosine,densenet_flex,0.9,4,radam,meta/plot,,model,False,meta/eta,"2.2,2.7,2.7",,,1,123,,0,False,False,0,0.0,0.0,det_sign,meta/tblogs,34, 6822.197255,"403_densenet_5,8,12,10",0.643906,0.853933,0.600751,0.807917
26825544,24956928,102.33,10.1,9870000000.0,174010000.0,9690000000.0,325460000.0,det_sign,,,medium,,16,False,1,1,"5,8,14,10",0,1.3,/mnt/ssd/datasets/ImageNet/extracted/rec,/mnt/ssd/datasets/cifar,imagenet,False,,"bn,max_pool,relu,fp_conv",False,float32,120,,"0,1,2,3",64,last,64,deepstem_grouped,gaussian,None,device,image-classification.log,100,0.001609,0.1,cosine,"30,60,90",cosine,densenet_flex,0.9,4,radam,meta/plot,,model,False,meta/eta,"2.2,2.7,2.7",,,1,123,,0,False,False,0,0.0,0.0,det_sign,meta/tblogs,35, 6818.185641,"403_densenet_5,8,12,10",0.645707,0.854173,0.602809,0.809488
26825544,24956928,102.33,10.1,9870000000.0,174010000.0,9690000000.0,325460000.0,det_sign,,,medium,,16,False,1,1,"5,8,14,10",0,1.3,/mnt/ssd/datasets/ImageNet/extracted/rec,/mnt/ssd/datasets/cifar,imagenet,False,,"bn,max_pool,relu,fp_conv",False,float32,120,,"0,1,2,3",64,last,64,deepstem_grouped,gaussian,None,device,image-classification.log,100,0.001588,0.1,cosine,"30,60,90",cosine,densenet_flex,0.9,4,radam,meta/plot,,model,False,meta/eta,"2.2,2.7,2.7",,,1,123,,0,False,False,0,0.0,0.0,det_sign,meta/tblogs,36, 6819.196686,"403_densenet_5,8,12,10",0.645387,0.854313,0.603746,0.810482
26825544,24956928,102.33,10.1,9870000000.0,174010000.0,9690000000.0,325460000.0,det_sign,,,medium,,16,False,1,1,"5,8,14,10",0,1.3,/mnt/ssd/datasets/ImageNet/extracted/rec,/mnt/ssd/datasets/cifar,imagenet,False,,"bn,max_pool,relu,fp_conv",False,float32,120,,"0,1,2,3",64,last,64,deepstem_grouped,gaussian,None,device,image-classification.log,100,0.001566,0.1,cosine,"30,60,90",cosine,densenet_flex,0.9,4,radam,meta/plot,,model,False,meta/eta,"2.2,2.7,2.7",,,1,123,,0,False,False,0,0.0,0.0,det_sign,meta/tblogs,37, 6818.681522,"403_densenet_5,8,12,10",0.647219,0.855519,0.605991,0.811527
26825544,24956928,102.33,10.1,9870000000.0,174010000.0,9690000000.0,325460000.0,det_sign,,,medium,,16,False,1,1,"5,8,14,10",0,1.3,/mnt/ssd/datasets/ImageNet/extracted/rec,/mnt/ssd/datasets/cifar,imagenet,False,,"bn,max_pool,relu,fp_conv",False,float32,120,,"0,1,2,3",64,last,64,deepstem_grouped,gaussian,None,device,image-classification.log,100,0.001545,0.1,cosine,"30,60,90",cosine,densenet_flex,0.9,4,radam,meta/plot,,model,False,meta/eta,"2.2,2.7,2.7",,,1,123,,0,False,False,0,0.0,0.0,det_sign,meta/tblogs,38, 6815.028366,"403_densenet_5,8,12,10",0.646787,0.855934,0.608138,0.813782
26825544,24956928,102.33,10.1,9870000000.0,174010000.0,9690000000.0,325460000.0,det_sign,,,medium,,16,False,1,1,"5,8,14,10",0,1.3,/mnt/ssd/datasets/ImageNet/extracted/rec,/mnt/ssd/datasets/cifar,imagenet,False,,"bn,max_pool,relu,fp_conv",False,float32,120,,"0,1,2,3",64,last,64,deepstem_grouped,gaussian,None,device,image-classification.log,100,0.001523,0.1,cosine,"30,60,90",cosine,densenet_flex,0.9,4,radam,meta/plot,,model,False,meta/eta,"2.2,2.7,2.7",,,1,123,,0,False,False,0,0.0,0.0,det_sign,meta/tblogs,39, 6821.527859,"403_densenet_5,8,12,10",0.651048,0.858715,0.609198,0.814234
26825544,24956928,102.33,10.1,9870000000.0,174010000.0,9690000000.0,325460000.0,det_sign,,,medium,,16,False,1,1,"5,8,14,10",0,1.3,/mnt/ssd/datasets/ImageNet/extracted/rec,/mnt/ssd/datasets/cifar,imagenet,False,,"bn,max_pool,relu,fp_conv",False,float32,120,,"0,1,2,3",64,last,64,deepstem_grouped,gaussian,None,device,image-classification.log,100,0.001500,0.1,cosine,"30,60,90",cosine,densenet_flex,0.9,4,radam,meta/plot,,model,False,meta/eta,"2.2,2.7,2.7",,,1,123,,0,False,False,0,0.0,0.0,det_sign,meta/tblogs,40, 6819.697425,"403_densenet_5,8,12,10",0.650848,0.858415,0.609535,0.815004
26825544,24956928,102.33,10.1,9870000000.0,174010000.0,9690000000.0,325460000.0,det_sign,,,medium,,16,False,1,1,"5,8,14,10",0,1.3,/mnt/ssd/datasets/ImageNet/extracted/rec,/mnt/ssd/datasets/cifar,imagenet,False,,"bn,max_pool,relu,fp_conv",False,float32,120,,"0,1,2,3",64,last,64,deepstem_grouped,gaussian,None,device,image-classification.log,100,0.001477,0.1,cosine,"30,60,90",cosine,densenet_flex,0.9,4,radam,meta/plot,,model,False,meta/eta,"2.2,2.7,2.7",,,1,123,,0,False,False,0,0.0,0.0,det_sign,meta/tblogs,41, 6818.244760,"403_densenet_5,8,12,10",0.651594,0.859455,0.612198,0.816560
26825544,24956928,102.33,10.1,9870000000.0,174010000.0,9690000000.0,325460000.0,det_sign,,,medium,,16,False,1,1,"5,8,14,10",0,1.3,/mnt/ssd/datasets/ImageNet/extracted/rec,/mnt/ssd/datasets/cifar,imagenet,False,,"bn,max_pool,relu,fp_conv",False,float32,120,,"0,1,2,3",64,last,64,deepstem_grouped,gaussian,None,device,image-classification.log,100,0.001454,0.1,cosine,"30,60,90",cosine,densenet_flex,0.9,4,radam,meta/plot,,model,False,meta/eta,"2.2,2.7,2.7",,,1,123,,0,False,False,0,0.0,0.0,det_sign,meta/tblogs,42, 6820.514537,"403_densenet_5,8,12,10",0.652609,0.859235,0.613451,0.817509
26825544,24956928,102.33,10.1,9870000000.0,174010000.0,9690000000.0,325460000.0,det_sign,,,medium,,16,False,1,1,"5,8,14,10",0,1.3,/mnt/ssd/datasets/ImageNet/extracted/rec,/mnt/ssd/datasets/cifar,imagenet,False,,"bn,max_pool,relu,fp_conv",False,float32,120,,"0,1,2,3",64,last,64,deepstem_grouped,gaussian,None,device,image-classification.log,100,0.001431,0.1,cosine,"30,60,90",cosine,densenet_flex,0.9,4,radam,meta/plot,,model,False,meta/eta,"2.2,2.7,2.7",,,1,123,,0,False,False,0,0.0,0.0,det_sign,meta/tblogs,43, 6817.565478,"403_densenet_5,8,12,10",0.654389,0.859515,0.614433,0.818253
26825544,24956928,102.33,10.1,9870000000.0,174010000.0,9690000000.0,325460000.0,det_sign,,,medium,,16,False,1,1,"5,8,14,10",0,1.3,/mnt/ssd/datasets/ImageNet/extracted/rec,/mnt/ssd/datasets/cifar,imagenet,False,,"bn,max_pool,relu,fp_conv",False,float32,120,,"0,1,2,3",64,last,64,deepstem_grouped,gaussian,None,device,image-classification.log,100,0.001407,0.1,cosine,"30,60,90",cosine,densenet_flex,0.9,4,radam,meta/plot,,model,False,meta/eta,"2.2,2.7,2.7",,,1,123,,0,False,False,0,0.0,0.0,det_sign,meta/tblogs,44, 6817.612539,"403_densenet_5,8,12,10",0.654790,0.860515,0.616247,0.819658
26825544,24956928,102.33,10.1,9870000000.0,174010000.0,9690000000.0,325460000.0,det_sign,,,medium,,16,False,1,1,"5,8,14,10",0,1.3,/mnt/ssd/datasets/ImageNet/extracted/rec,/mnt/ssd/datasets/cifar,imagenet,False,,"bn,max_pool,relu,fp_conv",False,float32,120,,"0,1,2,3",64,last,64,deepstem_grouped,gaussian,None,device,image-classification.log,100,0.001383,0.1,cosine,"30,60,90",cosine,densenet_flex,0.9,4,radam,meta/plot,,model,False,meta/eta,"2.2,2.7,2.7",,,1,123,,0,False,False,0,0.0,0.0,det_sign,meta/tblogs,45, 6821.999500,"403_densenet_5,8,12,10",0.655551,0.861033,0.617892,0.820502
26825544,24956928,102.33,10.1,9870000000.0,174010000.0,9690000000.0,325460000.0,det_sign,,,medium,,16,False,1,1,"5,8,14,10",0,1.3,/mnt/ssd/datasets/ImageNet/extracted/rec,/mnt/ssd/datasets/cifar,imagenet,False,,"bn,max_pool,relu,fp_conv",False,float32,120,,"0,1,2,3",64,last,64,deepstem_grouped,gaussian,None,device,image-classification.log,100,0.001358,0.1,cosine,"30,60,90",cosine,densenet_flex,0.9,4,radam,meta/plot,,model,False,meta/eta,"2.2,2.7,2.7",,,1,123,,0,False,False,0,0.0,0.0,det_sign,meta/tblogs,46, 6820.840914,"403_densenet_5,8,12,10",0.656010,0.860435,0.618361,0.821005
26825544,24956928,102.33,10.1,9870000000.0,174010000.0,9690000000.0,325460000.0,det_sign,,,medium,,16,False,1,1,"5,8,14,10",0,1.3,/mnt/ssd/datasets/ImageNet/extracted/rec,/mnt/ssd/datasets/cifar,imagenet,False,,"bn,max_pool,relu,fp_conv",False,float32,120,,"0,1,2,3",64,last,64,deepstem_grouped,gaussian,None,device,image-classification.log,100,0.001334,0.1,cosine,"30,60,90",cosine,densenet_flex,0.9,4,radam,meta/plot,,model,False,meta/eta,"2.2,2.7,2.7",,,1,123,,0,False,False,0,0.0,0.0,det_sign,meta/tblogs,47, 6824.944168,"403_densenet_5,8,12,10",0.654469,0.862536,0.620052,0.822324
26825544,24956928,102.33,10.1,9870000000.0,174010000.0,9690000000.0,325460000.0,det_sign,,,medium,,16,False,1,1,"5,8,14,10",0,1.3,/mnt/ssd/datasets/ImageNet/extracted/rec,/mnt/ssd/datasets/cifar,imagenet,False,,"bn,max_pool,relu,fp_conv",False,float32,120,,"0,1,2,3",64,last,64,deepstem_grouped,gaussian,None,device,image-classification.log,100,0.001309,0.1,cosine,"30,60,90",cosine,densenet_flex,0.9,4,radam,meta/plot,,model,False,meta/eta,"2.2,2.7,2.7",,,1,123,,0,False,False,0,0.0,0.0,det_sign,meta/tblogs,48, 6825.394356,"403_densenet_5,8,12,10",0.657951,0.862496,0.622102,0.823553
26825544,24956928,102.33,10.1,9870000000.0,174010000.0,9690000000.0,325460000.0,det_sign,,,medium,,16,False,1,1,"5,8,14,10",0,1.3,/mnt/ssd/datasets/ImageNet/extracted/rec,/mnt/ssd/datasets/cifar,imagenet,False,,"bn,max_pool,relu,fp_conv",False,float32,120,,"0,1,2,3",64,last,64,deepstem_grouped,gaussian,None,device,image-classification.log,100,0.001284,0.1,cosine,"30,60,90",cosine,densenet_flex,0.9,4,radam,meta/plot,,model,False,meta/eta,"2.2,2.7,2.7",,,1,123,,0,False,False,0,0.0,0.0,det_sign,meta/tblogs,49, 6820.911605,"403_densenet_5,8,12,10",0.662544,0.864390,0.622526,0.823962
26825544,24956928,102.33,10.1,9870000000.0,174010000.0,9690000000.0,325460000.0,det_sign,,,medium,,16,False,1,1,"5,8,14,10",0,1.3,/mnt/ssd/datasets/ImageNet/extracted/rec,/mnt/ssd/datasets/cifar,imagenet,False,,"bn,max_pool,relu,fp_conv",False,float32,120,,"0,1,2,3",64,last,64,deepstem_grouped,gaussian,None,device,image-classification.log,100,0.001259,0.1,cosine,"30,60,90",cosine,densenet_flex,0.9,4,radam,meta/plot,,model,False,meta/eta,"2.2,2.7,2.7",,,1,123,,0,False,False,0,0.0,0.0,det_sign,meta/tblogs,50, 6814.557675,"403_densenet_5,8,12,10",0.658351,0.863496,0.623917,0.825341
26825544,24956928,102.33,10.1,9870000000.0,174010000.0,9690000000.0,325460000.0,det_sign,,,medium,,16,False,1,1,"5,8,14,10",0,1.3,/mnt/ssd/datasets/ImageNet/extracted/rec,/mnt/ssd/datasets/cifar,imagenet,False,,"bn,max_pool,relu,fp_conv",False,float32,120,,"0,1,2,3",64,last,64,deepstem_grouped,gaussian,None,device,image-classification.log,100,0.001233,0.1,cosine,"30,60,90",cosine,densenet_flex,0.9,4,radam,meta/plot,,model,False,meta/eta,"2.2,2.7,2.7",,,1,123,,0,False,False,0,0.0,0.0,det_sign,meta/tblogs,51, 6818.758721,"403_densenet_5,8,12,10",0.661412,0.863956,0.625035,0.825251
26825544,24956928,102.33,10.1,9870000000.0,174010000.0,9690000000.0,325460000.0,det_sign,,,medium,,16,False,1,1,"5,8,14,10",0,1.3,/mnt/ssd/datasets/ImageNet/extracted/rec,/mnt/ssd/datasets/cifar,imagenet,False,,"bn,max_pool,relu,fp_conv",False,float32,120,,"0,1,2,3",64,last,64,deepstem_grouped,gaussian,None,device,image-classification.log,100,0.001208,0.1,cosine,"30,60,90",cosine,densenet_flex,0.9,4,radam,meta/plot,,model,False,meta/eta,"2.2,2.7,2.7",,,1,123,,0,False,False,0,0.0,0.0,det_sign,meta/tblogs,52, 6823.052988,"403_densenet_5,8,12,10",0.660651,0.864097,0.626353,0.826490
26825544,24956928,102.33,10.1,9870000000.0,174010000.0,9690000000.0,325460000.0,det_sign,,,medium,,16,False,1,1,"5,8,14,10",0,1.3,/mnt/ssd/datasets/ImageNet/extracted/rec,/mnt/ssd/datasets/cifar,imagenet,False,,"bn,max_pool,relu,fp_conv",False,float32,120,,"0,1,2,3",64,last,64,deepstem_grouped,gaussian,None,device,image-classification.log,100,0.001182,0.1,cosine,"30,60,90",cosine,densenet_flex,0.9,4,radam,meta/plot,,model,False,meta/eta,"2.2,2.7,2.7",,,1,123,,0,False,False,0,0.0,0.0,det_sign,meta/tblogs,53, 6824.991807,"403_densenet_5,8,12,10",0.661665,0.864790,0.627877,0.827444
26825544,24956928,102.33,10.1,9870000000.0,174010000.0,9690000000.0,325460000.0,det_sign,,,medium,,16,False,1,1,"5,8,14,10",0,1.3,/mnt/ssd/datasets/ImageNet/extracted/rec,/mnt/ssd/datasets/cifar,imagenet,False,,"bn,max_pool,relu,fp_conv",False,float32,120,,"0,1,2,3",64,last,64,deepstem_grouped,gaussian,None,device,image-classification.log,100,0.001156,0.1,cosine,"30,60,90",cosine,densenet_flex,0.9,4,radam,meta/plot,,model,False,meta/eta,"2.2,2.7,2.7",,,1,123,,0,False,False,0,0.0,0.0,det_sign,meta/tblogs,54, 6829.859946,"403_densenet_5,8,12,10",0.661052,0.864877,0.628758,0.828331
26825544,24956928,102.33,10.1,9870000000.0,174010000.0,9690000000.0,325460000.0,det_sign,,,medium,,16,False,1,1,"5,8,14,10",0,1.3,/mnt/ssd/datasets/ImageNet/extracted/rec,/mnt/ssd/datasets/cifar,imagenet,False,,"bn,max_pool,relu,fp_conv",False,float32,120,,"0,1,2,3",64,last,64,deepstem_grouped,gaussian,None,device,image-classification.log,100,0.001131,0.1,cosine,"30,60,90",cosine,densenet_flex,0.9,4,radam,meta/plot,,model,False,meta/eta,"2.2,2.7,2.7",,,1,123,,0,False,False,0,0.0,0.0,det_sign,meta/tblogs,55, 6829.320630,"403_densenet_5,8,12,10",0.663452,0.865557,0.630465,0.829052
26825544,24956928,102.33,10.1,9870000000.0,174010000.0,9690000000.0,325460000.0,det_sign,,,medium,,16,False,1,1,"5,8,14,10",0,1.3,/mnt/ssd/datasets/ImageNet/extracted/rec,/mnt/ssd/datasets/cifar,imagenet,False,,"bn,max_pool,relu,fp_conv",False,float32,120,,"0,1,2,3",64,last,64,deepstem_grouped,gaussian,None,device,image-classification.log,100,0.001105,0.1,cosine,"30,60,90",cosine,densenet_flex,0.9,4,radam,meta/plot,,model,False,meta/eta,"2.2,2.7,2.7",,,1,123,,0,False,False,0,0.0,0.0,det_sign,meta/tblogs,56, 6824.016332,"403_densenet_5,8,12,10",0.665873,0.867037,0.631292,0.829569
26825544,24956928,102.33,10.1,9870000000.0,174010000.0,9690000000.0,325460000.0,det_sign,,,medium,,16,False,1,1,"5,8,14,10",0,1.3,/mnt/ssd/datasets/ImageNet/extracted/rec,/mnt/ssd/datasets/cifar,imagenet,False,,"bn,max_pool,relu,fp_conv",False,float32,120,,"0,1,2,3",64,last,64,deepstem_grouped,gaussian,None,device,image-classification.log,100,0.001078,0.1,cosine,"30,60,90",cosine,densenet_flex,0.9,4,radam,meta/plot,,model,False,meta/eta,"2.2,2.7,2.7",,,1,123,,0,False,False,0,0.0,0.0,det_sign,meta/tblogs,57, 6825.837039,"403_densenet_5,8,12,10",0.662424,0.865729,0.632056,0.830890
26825544,24956928,102.33,10.1,9870000000.0,174010000.0,9690000000.0,325460000.0,det_sign,,,medium,,16,False,1,1,"5,8,14,10",0,1.3,/mnt/ssd/datasets/ImageNet/extracted/rec,/mnt/ssd/datasets/cifar,imagenet,False,,"bn,max_pool,relu,fp_conv",False,float32,120,,"0,1,2,3",64,last,64,deepstem_grouped,gaussian,None,device,image-classification.log,100,0.001052,0.1,cosine,"30,60,90",cosine,densenet_flex,0.9,4,radam,meta/plot,,model,False,meta/eta,"2.2,2.7,2.7",,,1,123,,0,False,False,0,0.0,0.0,det_sign,meta/tblogs,58, 6819.630478,"403_densenet_5,8,12,10",0.664193,0.866477,0.633993,0.831771
26825544,24956928,102.33,10.1,9870000000.0,174010000.0,9690000000.0,325460000.0,det_sign,,,medium,,16,False,1,1,"5,8,14,10",0,1.3,/mnt/ssd/datasets/ImageNet/extracted/rec,/mnt/ssd/datasets/cifar,imagenet,False,,"bn,max_pool,relu,fp_conv",False,float32,120,,"0,1,2,3",64,last,64,deepstem_grouped,gaussian,None,device,image-classification.log,100,0.001026,0.1,cosine,"30,60,90",cosine,densenet_flex,0.9,4,radam,meta/plot,,model,False,meta/eta,"2.2,2.7,2.7",,,1,123,,0,False,False,0,0.0,0.0,det_sign,meta/tblogs,59, 6817.340486,"403_densenet_5,8,12,10",0.665993,0.868358,0.634988,0.832589
26825544,24956928,102.33,10.1,9870000000.0,174010000.0,9690000000.0,325460000.0,det_sign,,,medium,,16,False,1,1,"5,8,14,10",0,1.3,/mnt/ssd/datasets/ImageNet/extracted/rec,/mnt/ssd/datasets/cifar,imagenet,False,,"bn,max_pool,relu,fp_conv",False,float32,120,,"0,1,2,3",64,last,64,deepstem_grouped,gaussian,None,device,image-classification.log,100,0.001000,0.1,cosine,"30,60,90",cosine,densenet_flex,0.9,4,radam,meta/plot,,model,False,meta/eta,"2.2,2.7,2.7",,,1,123,,0,False,False,0,0.0,0.0,det_sign,meta/tblogs,60, 6818.726462,"403_densenet_5,8,12,10",0.665213,0.868218,0.636610,0.833552
26825544,24956928,102.33,10.1,9870000000.0,174010000.0,9690000000.0,325460000.0,det_sign,,,medium,,16,False,1,1,"5,8,14,10",0,1.3,/mnt/ssd/datasets/ImageNet/extracted/rec,/mnt/ssd/datasets/cifar,imagenet,False,,"bn,max_pool,relu,fp_conv",False,float32,120,,"0,1,2,3",64,last,64,deepstem_grouped,gaussian,None,device,image-classification.log,100,0.000974,0.1,cosine,"30,60,90",cosine,densenet_flex,0.9,4,radam,meta/plot,,model,False,meta/eta,"2.2,2.7,2.7",,,1,123,,0,False,False,0,0.0,0.0,det_sign,meta/tblogs,61, 6819.114508,"403_densenet_5,8,12,10",0.668039,0.869945,0.637120,0.834131
26825544,24956928,102.33,10.1,9870000000.0,174010000.0,9690000000.0,325460000.0,det_sign,,,medium,,16,False,1,1,"5,8,14,10",0,1.3,/mnt/ssd/datasets/ImageNet/extracted/rec,/mnt/ssd/datasets/cifar,imagenet,False,,"bn,max_pool,relu,fp_conv",False,float32,120,,"0,1,2,3",64,last,64,deepstem_grouped,gaussian,None,device,image-classification.log,100,0.000948,0.1,cosine,"30,60,90",cosine,densenet_flex,0.9,4,radam,meta/plot,,model,False,meta/eta,"2.2,2.7,2.7",,,1,123,,0,False,False,0,0.0,0.0,det_sign,meta/tblogs,62, 6816.492760,"403_densenet_5,8,12,10",0.667294,0.867798,0.638927,0.835189
26825544,24956928,102.33,10.1,9870000000.0,174010000.0,9690000000.0,325460000.0,det_sign,,,medium,,16,False,1,1,"5,8,14,10",0,1.3,/mnt/ssd/datasets/ImageNet/extracted/rec,/mnt/ssd/datasets/cifar,imagenet,False,,"bn,max_pool,relu,fp_conv",False,float32,120,,"0,1,2,3",64,last,64,deepstem_grouped,gaussian,None,device,image-classification.log,100,0.000922,0.1,cosine,"30,60,90",cosine,densenet_flex,0.9,4,radam,meta/plot,,model,False,meta/eta,"2.2,2.7,2.7",,,1,123,,0,False,False,0,0.0,0.0,det_sign,meta/tblogs,63, 6814.583154,"403_densenet_5,8,12,10",0.669754,0.868918,0.639762,0.835980
26825544,24956928,102.33,10.1,9870000000.0,174010000.0,9690000000.0,325460000.0,det_sign,,,medium,,16,False,1,1,"5,8,14,10",0,1.3,/mnt/ssd/datasets/ImageNet/extracted/rec,/mnt/ssd/datasets/cifar,imagenet,False,,"bn,max_pool,relu,fp_conv",False,float32,120,,"0,1,2,3",64,last,64,deepstem_grouped,gaussian,None,device,image-classification.log,100,0.000895,0.1,cosine,"30,60,90",cosine,densenet_flex,0.9,4,radam,meta/plot,,model,False,meta/eta,"2.2,2.7,2.7",,,1,123,,0,False,False,0,0.0,0.0,det_sign,meta/tblogs,64, 6822.223304,"403_densenet_5,8,12,10",0.669314,0.868498,0.640697,0.836469
26825544,24956928,102.33,10.1,9870000000.0,174010000.0,9690000000.0,325460000.0,det_sign,,,medium,,16,False,1,1,"5,8,14,10",0,1.3,/mnt/ssd/datasets/ImageNet/extracted/rec,/mnt/ssd/datasets/cifar,imagenet,False,,"bn,max_pool,relu,fp_conv",False,float32,120,,"0,1,2,3",64,last,64,deepstem_grouped,gaussian,None,device,image-classification.log,100,0.000869,0.1,cosine,"30,60,90",cosine,densenet_flex,0.9,4,radam,meta/plot,,model,False,meta/eta,"2.2,2.7,2.7",,,1,123,,0,False,False,0,0.0,0.0,det_sign,meta/tblogs,65, 6822.044697,"403_densenet_5,8,12,10",0.669497,0.870125,0.642046,0.837170
26825544,24956928,102.33,10.1,9870000000.0,174010000.0,9690000000.0,325460000.0,det_sign,,,medium,,16,False,1,1,"5,8,14,10",0,1.3,/mnt/ssd/datasets/ImageNet/extracted/rec,/mnt/ssd/datasets/cifar,imagenet,False,,"bn,max_pool,relu,fp_conv",False,float32,120,,"0,1,2,3",64,last,64,deepstem_grouped,gaussian,None,device,image-classification.log,100,0.000844,0.1,cosine,"30,60,90",cosine,densenet_flex,0.9,4,radam,meta/plot,,model,False,meta/eta,"2.2,2.7,2.7",,,1,123,,0,False,False,0,0.0,0.0,det_sign,meta/tblogs,66, 6822.933049,"403_densenet_5,8,12,10",0.670515,0.870298,0.643644,0.838658
26825544,24956928,102.33,10.1,9870000000.0,174010000.0,9690000000.0,325460000.0,det_sign,,,medium,,16,False,1,1,"5,8,14,10",0,1.3,/mnt/ssd/datasets/ImageNet/extracted/rec,/mnt/ssd/datasets/cifar,imagenet,False,,"bn,max_pool,relu,fp_conv",False,float32,120,,"0,1,2,3",64,last,64,deepstem_grouped,gaussian,None,device,image-classification.log,100,0.000818,0.1,cosine,"30,60,90",cosine,densenet_flex,0.9,4,radam,meta/plot,,model,False,meta/eta,"2.2,2.7,2.7",,,1,123,,0,False,False,0,0.0,0.0,det_sign,meta/tblogs,67, 6825.616337,"403_densenet_5,8,12,10",0.671515,0.871019,0.644102,0.839133
26825544,24956928,102.33,10.1,9870000000.0,174010000.0,9690000000.0,325460000.0,det_sign,,,medium,,16,False,1,1,"5,8,14,10",0,1.3,/mnt/ssd/datasets/ImageNet/extracted/rec,/mnt/ssd/datasets/cifar,imagenet,False,,"bn,max_pool,relu,fp_conv",False,float32,120,,"0,1,2,3",64,last,64,deepstem_grouped,gaussian,None,device,image-classification.log,100,0.000792,0.1,cosine,"30,60,90",cosine,densenet_flex,0.9,4,radam,meta/plot,,model,False,meta/eta,"2.2,2.7,2.7",,,1,123,,0,False,False,0,0.0,0.0,det_sign,meta/tblogs,68, 6821.532806,"403_densenet_5,8,12,10",0.670074,0.869078,0.644900,0.839035
26825544,24956928,102.33,10.1,9870000000.0,174010000.0,9690000000.0,325460000.0,det_sign,,,medium,,16,False,1,1,"5,8,14,10",0,1.3,/mnt/ssd/datasets/ImageNet/extracted/rec,/mnt/ssd/datasets/cifar,imagenet,False,,"bn,max_pool,relu,fp_conv",False,float32,120,,"0,1,2,3",64,last,64,deepstem_grouped,gaussian,None,device,image-classification.log,100,0.000767,0.1,cosine,"30,60,90",cosine,densenet_flex,0.9,4,radam,meta/plot,,model,False,meta/eta,"2.2,2.7,2.7",,,1,123,,0,False,False,0,0.0,0.0,det_sign,meta/tblogs,69, 6813.761948,"403_densenet_5,8,12,10",0.673573,0.871663,0.645613,0.839849
26825544,24956928,102.33,10.1,9870000000.0,174010000.0,9690000000.0,325460000.0,det_sign,,,medium,,16,False,1,1,"5,8,14,10",0,1.3,/mnt/ssd/datasets/ImageNet/extracted/rec,/mnt/ssd/datasets/cifar,imagenet,False,,"bn,max_pool,relu,fp_conv",False,float32,120,,"0,1,2,3",64,last,64,deepstem_grouped,gaussian,None,device,image-classification.log,100,0.000741,0.1,cosine,"30,60,90",cosine,densenet_flex,0.9,4,radam,meta/plot,,model,False,meta/eta,"2.2,2.7,2.7",,,1,123,,0,False,False,0,0.0,0.0,det_sign,meta/tblogs,70, 6813.485929,"403_densenet_5,8,12,10",0.672415,0.871339,0.647201,0.840618
26825544,24956928,102.33,10.1,9870000000.0,174010000.0,9690000000.0,325460000.0,det_sign,,,medium,,16,False,1,1,"5,8,14,10",0,1.3,/mnt/ssd/datasets/ImageNet/extracted/rec,/mnt/ssd/datasets/cifar,imagenet,False,,"bn,max_pool,relu,fp_conv",False,float32,120,,"0,1,2,3",64,last,64,deepstem_grouped,gaussian,None,device,image-classification.log,100,0.000716,0.1,cosine,"30,60,90",cosine,densenet_flex,0.9,4,radam,meta/plot,,model,False,meta/eta,"2.2,2.7,2.7",,,1,123,,0,False,False,0,0.0,0.0,det_sign,meta/tblogs,71, 6816.528513,"403_densenet_5,8,12,10",0.673596,0.872219,0.648137,0.841617
26825544,24956928,102.33,10.1,9870000000.0,174010000.0,9690000000.0,325460000.0,det_sign,,,medium,,16,False,1,1,"5,8,14,10",0,1.3,/mnt/ssd/datasets/ImageNet/extracted/rec,/mnt/ssd/datasets/cifar,imagenet,False,,"bn,max_pool,relu,fp_conv",False,float32,120,,"0,1,2,3",64,last,64,deepstem_grouped,gaussian,None,device,image-classification.log,100,0.000691,0.1,cosine,"30,60,90",cosine,densenet_flex,0.9,4,radam,meta/plot,,model,False,meta/eta,"2.2,2.7,2.7",,,1,123,,0,False,False,0,0.0,0.0,det_sign,meta/tblogs,72, 6819.448412,"403_densenet_5,8,12,10",0.671755,0.871319,0.649049,0.842085
26825544,24956928,102.33,10.1,9870000000.0,174010000.0,9690000000.0,325460000.0,det_sign,,,medium,,16,False,1,1,"5,8,14,10",0,1.3,/mnt/ssd/datasets/ImageNet/extracted/rec,/mnt/ssd/datasets/cifar,imagenet,False,,"bn,max_pool,relu,fp_conv",False,float32,120,,"0,1,2,3",64,last,64,deepstem_grouped,gaussian,None,device,image-classification.log,100,0.000666,0.1,cosine,"30,60,90",cosine,densenet_flex,0.9,4,radam,meta/plot,,model,False,meta/eta,"2.2,2.7,2.7",,,1,123,,0,False,False,0,0.0,0.0,det_sign,meta/tblogs,73, 6822.427587,"403_densenet_5,8,12,10",0.675112,0.873402,0.650064,0.843236
26825544,24956928,102.33,10.1,9870000000.0,174010000.0,9690000000.0,325460000.0,det_sign,,,medium,,16,False,1,1,"5,8,14,10",0,1.3,/mnt/ssd/datasets/ImageNet/extracted/rec,/mnt/ssd/datasets/cifar,imagenet,False,,"bn,max_pool,relu,fp_conv",False,float32,120,,"0,1,2,3",64,last,64,deepstem_grouped,gaussian,None,device,image-classification.log,100,0.000642,0.1,cosine,"30,60,90",cosine,densenet_flex,0.9,4,radam,meta/plot,,model,False,meta/eta,"2.2,2.7,2.7",,,1,123,,0,False,False,0,0.0,0.0,det_sign,meta/tblogs,74, 6816.350801,"403_densenet_5,8,12,10",0.675856,0.874520,0.651550,0.843823
26825544,24956928,102.33,10.1,9870000000.0,174010000.0,9690000000.0,325460000.0,det_sign,,,medium,,16,False,1,1,"5,8,14,10",0,1.3,/mnt/ssd/datasets/ImageNet/extracted/rec,/mnt/ssd/datasets/cifar,imagenet,False,,"bn,max_pool,relu,fp_conv",False,float32,120,,"0,1,2,3",64,last,64,deepstem_grouped,gaussian,None,device,image-classification.log,100,0.000617,0.1,cosine,"30,60,90",cosine,densenet_flex,0.9,4,radam,meta/plot,,model,False,meta/eta,"2.2,2.7,2.7",,,1,123,,0,False,False,0,0.0,0.0,det_sign,meta/tblogs,75, 6820.124206,"403_densenet_5,8,12,10",0.675136,0.873700,0.652748,0.844247
26825544,24956928,102.33,10.1,9870000000.0,174010000.0,9690000000.0,325460000.0,det_sign,,,medium,,16,False,1,1,"5,8,14,10",0,1.3,/mnt/ssd/datasets/ImageNet/extracted/rec,/mnt/ssd/datasets/cifar,imagenet,False,,"bn,max_pool,relu,fp_conv",False,float32,120,,"0,1,2,3",64,last,64,deepstem_grouped,gaussian,None,device,image-classification.log,100,0.000593,0.1,cosine,"30,60,90",cosine,densenet_flex,0.9,4,radam,meta/plot,,model,False,meta/eta,"2.2,2.7,2.7",,,1,123,,0,False,False,0,0.0,0.0,det_sign,meta/tblogs,76, 6817.259689,"403_densenet_5,8,12,10",0.675636,0.873219,0.652773,0.844682
26825544,24956928,102.33,10.1,9870000000.0,174010000.0,9690000000.0,325460000.0,det_sign,,,medium,,16,False,1,1,"5,8,14,10",0,1.3,/mnt/ssd/datasets/ImageNet/extracted/rec,/mnt/ssd/datasets/cifar,imagenet,False,,"bn,max_pool,relu,fp_conv",False,float32,120,,"0,1,2,3",64,last,64,deepstem_grouped,gaussian,None,device,image-classification.log,100,0.000569,0.1,cosine,"30,60,90",cosine,densenet_flex,0.9,4,radam,meta/plot,,model,False,meta/eta,"2.2,2.7,2.7",,,1,123,,0,False,False,0,0.0,0.0,det_sign,meta/tblogs,77, 6813.799816,"403_densenet_5,8,12,10",0.674512,0.874121,0.654202,0.845190
26825544,24956928,102.33,10.1,9870000000.0,174010000.0,9690000000.0,325460000.0,det_sign,,,medium,,16,False,1,1,"5,8,14,10",0,1.3,/mnt/ssd/datasets/ImageNet/extracted/rec,/mnt/ssd/datasets/cifar,imagenet,False,,"bn,max_pool,relu,fp_conv",False,float32,120,,"0,1,2,3",64,last,64,deepstem_grouped,gaussian,None,device,image-classification.log,100,0.000546,0.1,cosine,"30,60,90",cosine,densenet_flex,0.9,4,radam,meta/plot,,model,False,meta/eta,"2.2,2.7,2.7",,,1,123,,0,False,False,0,0.0,0.0,det_sign,meta/tblogs,78, 6811.123375,"403_densenet_5,8,12,10",0.676216,0.875020,0.655084,0.846074
26825544,24956928,102.33,10.1,9870000000.0,174010000.0,9690000000.0,325460000.0,det_sign,,,medium,,16,False,1,1,"5,8,14,10",0,1.3,/mnt/ssd/datasets/ImageNet/extracted/rec,/mnt/ssd/datasets/cifar,imagenet,False,,"bn,max_pool,relu,fp_conv",False,float32,120,,"0,1,2,3",64,last,64,deepstem_grouped,gaussian,None,device,image-classification.log,100,0.000523,0.1,cosine,"30,60,90",cosine,densenet_flex,0.9,4,radam,meta/plot,,model,False,meta/eta,"2.2,2.7,2.7",,,1,123,,0,False,False,0,0.0,0.0,det_sign,meta/tblogs,79, 6816.960021,"403_densenet_5,8,12,10",0.678057,0.875760,0.655649,0.846394
26825544,24956928,102.33,10.1,9870000000.0,174010000.0,9690000000.0,325460000.0,det_sign,,,medium,,16,False,1,1,"5,8,14,10",0,1.3,/mnt/ssd/datasets/ImageNet/extracted/rec,/mnt/ssd/datasets/cifar,imagenet,False,,"bn,max_pool,relu,fp_conv",False,float32,120,,"0,1,2,3",64,last,64,deepstem_grouped,gaussian,None,device,image-classification.log,100,0.000500,0.1,cosine,"30,60,90",cosine,densenet_flex,0.9,4,radam,meta/plot,,model,False,meta/eta,"2.2,2.7,2.7",,,1,123,,0,False,False,0,0.0,0.0,det_sign,meta/tblogs,80, 6818.146612,"403_densenet_5,8,12,10",0.677897,0.875080,0.656498,0.847141
26825544,24956928,102.33,10.1,9870000000.0,174010000.0,9690000000.0,325460000.0,det_sign,,,medium,,16,False,1,1,"5,8,14,10",0,1.3,/mnt/ssd/datasets/ImageNet/extracted/rec,/mnt/ssd/datasets/cifar,imagenet,False,,"bn,max_pool,relu,fp_conv",False,float32,120,,"0,1,2,3",64,last,64,deepstem_grouped,gaussian,None,device,image-classification.log,100,0.000477,0.1,cosine,"30,60,90",cosine,densenet_flex,0.9,4,radam,meta/plot,,model,False,meta/eta,"2.2,2.7,2.7",,,1,123,,0,False,False,0,0.0,0.0,det_sign,meta/tblogs,81, 6823.147463,"403_densenet_5,8,12,10",0.678509,0.874421,0.657915,0.848358
26825544,24956928,102.33,10.1,9870000000.0,174010000.0,9690000000.0,325460000.0,det_sign,,,medium,,16,False,1,1,"5,8,14,10",0,1.3,/mnt/ssd/datasets/ImageNet/extracted/rec,/mnt/ssd/datasets/cifar,imagenet,False,,"bn,max_pool,relu,fp_conv",False,float32,120,,"0,1,2,3",64,last,64,deepstem_grouped,gaussian,None,device,image-classification.log,100,0.000455,0.1,cosine,"30,60,90",cosine,densenet_flex,0.9,4,radam,meta/plot,,model,False,meta/eta,"2.2,2.7,2.7",,,1,123,,0,False,False,0,0.0,0.0,det_sign,meta/tblogs,82, 6821.767657,"403_densenet_5,8,12,10",0.679157,0.875780,0.659255,0.848677
26825544,24956928,102.33,10.1,9870000000.0,174010000.0,9690000000.0,325460000.0,det_sign,,,medium,,16,False,1,1,"5,8,14,10",0,1.3,/mnt/ssd/datasets/ImageNet/extracted/rec,/mnt/ssd/datasets/cifar,imagenet,False,,"bn,max_pool,relu,fp_conv",False,float32,120,,"0,1,2,3",64,last,64,deepstem_grouped,gaussian,None,device,image-classification.log,100,0.000434,0.1,cosine,"30,60,90",cosine,densenet_flex,0.9,4,radam,meta/plot,,model,False,meta/eta,"2.2,2.7,2.7",,,1,123,,0,False,False,0,0.0,0.0,det_sign,meta/tblogs,83, 6820.661354,"403_densenet_5,8,12,10",0.677937,0.876360,0.659819,0.848882
26825544,24956928,102.33,10.1,9870000000.0,174010000.0,9690000000.0,325460000.0,det_sign,,,medium,,16,False,1,1,"5,8,14,10",0,1.3,/mnt/ssd/datasets/ImageNet/extracted/rec,/mnt/ssd/datasets/cifar,imagenet,False,,"bn,max_pool,relu,fp_conv",False,float32,120,,"0,1,2,3",64,last,64,deepstem_grouped,gaussian,None,device,image-classification.log,100,0.000412,0.1,cosine,"30,60,90",cosine,densenet_flex,0.9,4,radam,meta/plot,,model,False,meta/eta,"2.2,2.7,2.7",,,1,123,,0,False,False,0,0.0,0.0,det_sign,meta/tblogs,84, 6819.669928,"403_densenet_5,8,12,10",0.679457,0.875800,0.660761,0.849780
26825544,24956928,102.33,10.1,9870000000.0,174010000.0,9690000000.0,325460000.0,det_sign,,,medium,,16,False,1,1,"5,8,14,10",0,1.3,/mnt/ssd/datasets/ImageNet/extracted/rec,/mnt/ssd/datasets/cifar,imagenet,False,,"bn,max_pool,relu,fp_conv",False,float32,120,,"0,1,2,3",64,last,64,deepstem_grouped,gaussian,None,device,image-classification.log,100,0.000391,0.1,cosine,"30,60,90",cosine,densenet_flex,0.9,4,radam,meta/plot,,model,False,meta/eta,"2.2,2.7,2.7",,,1,123,,0,False,False,0,0.0,0.0,det_sign,meta/tblogs,85, 6818.014161,"403_densenet_5,8,12,10",0.680287,0.878297,0.660838,0.849711
26825544,24956928,102.33,10.1,9870000000.0,174010000.0,9690000000.0,325460000.0,det_sign,,,medium,,16,False,1,1,"5,8,14,10",0,1.3,/mnt/ssd/datasets/ImageNet/extracted/rec,/mnt/ssd/datasets/cifar,imagenet,False,,"bn,max_pool,relu,fp_conv",False,float32,120,,"0,1,2,3",64,last,64,deepstem_grouped,gaussian,None,device,image-classification.log,100,0.000371,0.1,cosine,"30,60,90",cosine,densenet_flex,0.9,4,radam,meta/plot,,model,False,meta/eta,"2.2,2.7,2.7",,,1,123,,0,False,False,0,0.0,0.0,det_sign,meta/tblogs,86, 6822.183648,"403_densenet_5,8,12,10",0.682758,0.877081,0.662418,0.851400
26825544,24956928,102.33,10.1,9870000000.0,174010000.0,9690000000.0,325460000.0,det_sign,,,medium,,16,False,1,1,"5,8,14,10",0,1.3,/mnt/ssd/datasets/ImageNet/extracted/rec,/mnt/ssd/datasets/cifar,imagenet,False,,"bn,max_pool,relu,fp_conv",False,float32,120,,"0,1,2,3",64,last,64,deepstem_grouped,gaussian,None,device,image-classification.log,100,0.000351,0.1,cosine,"30,60,90",cosine,densenet_flex,0.9,4,radam,meta/plot,,model,False,meta/eta,"2.2,2.7,2.7",,,1,123,,0,False,False,0,0.0,0.0,det_sign,meta/tblogs,87, 6811.728456,"403_densenet_5,8,12,10",0.681978,0.876560,0.662921,0.850738
26825544,24956928,102.33,10.1,9870000000.0,174010000.0,9690000000.0,325460000.0,det_sign,,,medium,,16,False,1,1,"5,8,14,10",0,1.3,/mnt/ssd/datasets/ImageNet/extracted/rec,/mnt/ssd/datasets/cifar,imagenet,False,,"bn,max_pool,relu,fp_conv",False,float32,120,,"0,1,2,3",64,last,64,deepstem_grouped,gaussian,None,device,image-classification.log,100,0.000331,0.1,cosine,"30,60,90",cosine,densenet_flex,0.9,4,radam,meta/plot,,model,False,meta/eta,"2.2,2.7,2.7",,,1,123,,0,False,False,0,0.0,0.0,det_sign,meta/tblogs,88, 6811.532244,"403_densenet_5,8,12,10",0.680178,0.878321,0.663879,0.851648
26825544,24956928,102.33,10.1,9870000000.0,174010000.0,9690000000.0,325460000.0,det_sign,,,medium,,16,False,1,1,"5,8,14,10",0,1.3,/mnt/ssd/datasets/ImageNet/extracted/rec,/mnt/ssd/datasets/cifar,imagenet,False,,"bn,max_pool,relu,fp_conv",False,float32,120,,"0,1,2,3",64,last,64,deepstem_grouped,gaussian,None,device,image-classification.log,100,0.000312,0.1,cosine,"30,60,90",cosine,densenet_flex,0.9,4,radam,meta/plot,,model,False,meta/eta,"2.2,2.7,2.7",,,1,123,,0,False,False,0,0.0,0.0,det_sign,meta/tblogs,89, 6815.645349,"403_densenet_5,8,12,10",0.680487,0.876778,0.664968,0.852599
26825544,24956928,102.33,10.1,9870000000.0,174010000.0,9690000000.0,325460000.0,det_sign,,,medium,,16,False,1,1,"5,8,14,10",0,1.3,/mnt/ssd/datasets/ImageNet/extracted/rec,/mnt/ssd/datasets/cifar,imagenet,False,,"bn,max_pool,relu,fp_conv",False,float32,120,,"0,1,2,3",64,last,64,deepstem_grouped,gaussian,None,device,image-classification.log,100,0.000293,0.1,cosine,"30,60,90",cosine,densenet_flex,0.9,4,radam,meta/plot,,model,False,meta/eta,"2.2,2.7,2.7",,,1,123,,0,False,False,0,0.0,0.0,det_sign,meta/tblogs,90, 6816.104774,"403_densenet_5,8,12,10",0.681698,0.878721,0.666201,0.853352
26825544,24956928,102.33,10.1,9870000000.0,174010000.0,9690000000.0,325460000.0,det_sign,,,medium,,16,False,1,1,"5,8,14,10",0,1.3,/mnt/ssd/datasets/ImageNet/extracted/rec,/mnt/ssd/datasets/cifar,imagenet,False,,"bn,max_pool,relu,fp_conv",False,float32,120,,"0,1,2,3",64,last,64,deepstem_grouped,gaussian,None,device,image-classification.log,100,0.000275,0.1,cosine,"30,60,90",cosine,densenet_flex,0.9,4,radam,meta/plot,,model,False,meta/eta,"2.2,2.7,2.7",,,1,123,,0,False,False,0,0.0,0.0,det_sign,meta/tblogs,91, 6814.164416,"403_densenet_5,8,12,10",0.682438,0.878101,0.666845,0.853775
26825544,24956928,102.33,10.1,9870000000.0,174010000.0,9690000000.0,325460000.0,det_sign,,,medium,,16,False,1,1,"5,8,14,10",0,1.3,/mnt/ssd/datasets/ImageNet/extracted/rec,/mnt/ssd/datasets/cifar,imagenet,False,,"bn,max_pool,relu,fp_conv",False,float32,120,,"0,1,2,3",64,last,64,deepstem_grouped,gaussian,None,device,image-classification.log,100,0.000257,0.1,cosine,"30,60,90",cosine,densenet_flex,0.9,4,radam,meta/plot,,model,False,meta/eta,"2.2,2.7,2.7",,,1,123,,0,False,False,0,0.0,0.0,det_sign,meta/tblogs,92, 6818.796781,"403_densenet_5,8,12,10",0.683799,0.878801,0.667218,0.853942
26825544,24956928,102.33,10.1,9870000000.0,174010000.0,9690000000.0,325460000.0,det_sign,,,medium,,16,False,1,1,"5,8,14,10",0,1.3,/mnt/ssd/datasets/ImageNet/extracted/rec,/mnt/ssd/datasets/cifar,imagenet,False,,"bn,max_pool,relu,fp_conv",False,float32,120,,"0,1,2,3",64,last,64,deepstem_grouped,gaussian,None,device,image-classification.log,100,0.000240,0.1,cosine,"30,60,90",cosine,densenet_flex,0.9,4,radam,meta/plot,,model,False,meta/eta,"2.2,2.7,2.7",,,1,123,,0,False,False,0,0.0,0.0,det_sign,meta/tblogs,93, 6822.423175,"403_densenet_5,8,12,10",0.683384,0.878477,0.667851,0.854568
26825544,24956928,102.33,10.1,9870000000.0,174010000.0,9690000000.0,325460000.0,det_sign,,,medium,,16,False,1,1,"5,8,14,10",0,1.3,/mnt/ssd/datasets/ImageNet/extracted/rec,/mnt/ssd/datasets/cifar,imagenet,False,,"bn,max_pool,relu,fp_conv",False,float32,120,,"0,1,2,3",64,last,64,deepstem_grouped,gaussian,None,device,image-classification.log,100,0.000223,0.1,cosine,"30,60,90",cosine,densenet_flex,0.9,4,radam,meta/plot,,model,False,meta/eta,"2.2,2.7,2.7",,,1,123,,0,False,False,0,0.0,0.0,det_sign,meta/tblogs,94, 6823.412871,"403_densenet_5,8,12,10",0.685519,0.878901,0.668520,0.854946
26825544,24956928,102.33,10.1,9870000000.0,174010000.0,9690000000.0,325460000.0,det_sign,,,medium,,16,False,1,1,"5,8,14,10",0,1.3,/mnt/ssd/datasets/ImageNet/extracted/rec,/mnt/ssd/datasets/cifar,imagenet,False,,"bn,max_pool,relu,fp_conv",False,float32,120,,"0,1,2,3",64,last,64,deepstem_grouped,gaussian,None,device,image-classification.log,100,0.000207,0.1,cosine,"30,60,90",cosine,densenet_flex,0.9,4,radam,meta/plot,,model,False,meta/eta,"2.2,2.7,2.7",,,1,123,,0,False,False,0,0.0,0.0,det_sign,meta/tblogs,95, 6812.028928,"403_densenet_5,8,12,10",0.684819,0.879061,0.670007,0.855486
26825544,24956928,102.33,10.1,9870000000.0,174010000.0,9690000000.0,325460000.0,det_sign,,,medium,,16,False,1,1,"5,8,14,10",0,1.3,/mnt/ssd/datasets/ImageNet/extracted/rec,/mnt/ssd/datasets/cifar,imagenet,False,,"bn,max_pool,relu,fp_conv",False,float32,120,,"0,1,2,3",64,last,64,deepstem_grouped,gaussian,None,device,image-classification.log,100,0.000191,0.1,cosine,"30,60,90",cosine,densenet_flex,0.9,4,radam,meta/plot,,model,False,meta/eta,"2.2,2.7,2.7",,,1,123,,0,False,False,0,0.0,0.0,det_sign,meta/tblogs,96, 6812.853163,"403_densenet_5,8,12,10",0.683219,0.879641,0.670606,0.855599
26825544,24956928,102.33,10.1,9870000000.0,174010000.0,9690000000.0,325460000.0,det_sign,,,medium,,16,False,1,1,"5,8,14,10",0,1.3,/mnt/ssd/datasets/ImageNet/extracted/rec,/mnt/ssd/datasets/cifar,imagenet,False,,"bn,max_pool,relu,fp_conv",False,float32,120,,"0,1,2,3",64,last,64,deepstem_grouped,gaussian,None,device,image-classification.log,100,0.000176,0.1,cosine,"30,60,90",cosine,densenet_flex,0.9,4,radam,meta/plot,,model,False,meta/eta,"2.2,2.7,2.7",,,1,123,,0,False,False,0,0.0,0.0,det_sign,meta/tblogs,97, 6814.770731,"403_densenet_5,8,12,10",0.684902,0.879016,0.671218,0.856626
26825544,24956928,102.33,10.1,9870000000.0,174010000.0,9690000000.0,325460000.0,det_sign,,,medium,,16,False,1,1,"5,8,14,10",0,1.3,/mnt/ssd/datasets/ImageNet/extracted/rec,/mnt/ssd/datasets/cifar,imagenet,False,,"bn,max_pool,relu,fp_conv",False,float32,120,,"0,1,2,3",64,last,64,deepstem_grouped,gaussian,None,device,image-classification.log,100,0.000161,0.1,cosine,"30,60,90",cosine,densenet_flex,0.9,4,radam,meta/plot,,model,False,meta/eta,"2.2,2.7,2.7",,,1,123,,0,False,False,0,0.0,0.0,det_sign,meta/tblogs,98, 6812.638026,"403_densenet_5,8,12,10",0.684299,0.879501,0.671900,0.857321
26825544,24956928,102.33,10.1,9870000000.0,174010000.0,9690000000.0,325460000.0,det_sign,,,medium,,16,False,1,1,"5,8,14,10",0,1.3,/mnt/ssd/datasets/ImageNet/extracted/rec,/mnt/ssd/datasets/cifar,imagenet,False,,"bn,max_pool,relu,fp_conv",False,float32,120,,"0,1,2,3",64,last,64,deepstem_grouped,gaussian,None,device,image-classification.log,100,0.000147,0.1,cosine,"30,60,90",cosine,densenet_flex,0.9,4,radam,meta/plot,,model,False,meta/eta,"2.2,2.7,2.7",,,1,123,,0,False,False,0,0.0,0.0,det_sign,meta/tblogs,99, 6816.360901,"403_densenet_5,8,12,10",0.685960,0.879702,0.673016,0.857819
26825544,24956928,102.33,10.1,9870000000.0,174010000.0,9690000000.0,325460000.0,det_sign,,,medium,,16,False,1,1,"5,8,14,10",0,1.3,/mnt/ssd/datasets/ImageNet/extracted/rec,/mnt/ssd/datasets/cifar,imagenet,False,,"bn,max_pool,relu,fp_conv",False,float32,120,,"0,1,2,3",64,last,64,deepstem_grouped,gaussian,None,device,image-classification.log,100,0.000134,0.1,cosine,"30,60,90",cosine,densenet_flex,0.9,4,radam,meta/plot,,model,False,meta/eta,"2.2,2.7,2.7",,,1,123,,0,False,False,0,0.0,0.0,det_sign,meta/tblogs,100, 6819.452525,"403_densenet_5,8,12,10",0.685479,0.880262,0.673255,0.857666
26825544,24956928,102.33,10.1,9870000000.0,174010000.0,9690000000.0,325460000.0,det_sign,,,medium,,16,False,1,1,"5,8,14,10",0,1.3,/mnt/ssd/datasets/ImageNet/extracted/rec,/mnt/ssd/datasets/cifar,imagenet,False,,"bn,max_pool,relu,fp_conv",False,float32,120,,"0,1,2,3",64,last,64,deepstem_grouped,gaussian,None,device,image-classification.log,100,0.000121,0.1,cosine,"30,60,90",cosine,densenet_flex,0.9,4,radam,meta/plot,,model,False,meta/eta,"2.2,2.7,2.7",,,1,123,,0,False,False,0,0.0,0.0,det_sign,meta/tblogs,101, 6821.572200,"403_densenet_5,8,12,10",0.685961,0.880375,0.673686,0.858345
26825544,24956928,102.33,10.1,9870000000.0,174010000.0,9690000000.0,325460000.0,det_sign,,,medium,,16,False,1,1,"5,8,14,10",0,1.3,/mnt/ssd/datasets/ImageNet/extracted/rec,/mnt/ssd/datasets/cifar,imagenet,False,,"bn,max_pool,relu,fp_conv",False,float32,120,,"0,1,2,3",64,last,64,deepstem_grouped,gaussian,None,device,image-classification.log,100,0.000109,0.1,cosine,"30,60,90",cosine,densenet_flex,0.9,4,radam,meta/plot,,model,False,meta/eta,"2.2,2.7,2.7",,,1,123,,0,False,False,0,0.0,0.0,det_sign,meta/tblogs,102, 6820.594620,"403_densenet_5,8,12,10",0.685839,0.881522,0.674644,0.858576
26825544,24956928,102.33,10.1,9870000000.0,174010000.0,9690000000.0,325460000.0,det_sign,,,medium,,16,False,1,1,"5,8,14,10",0,1.3,/mnt/ssd/datasets/ImageNet/extracted/rec,/mnt/ssd/datasets/cifar,imagenet,False,,"bn,max_pool,relu,fp_conv",False,float32,120,,"0,1,2,3",64,last,64,deepstem_grouped,gaussian,None,device,image-classification.log,100,0.000097,0.1,cosine,"30,60,90",cosine,densenet_flex,0.9,4,radam,meta/plot,,model,False,meta/eta,"2.2,2.7,2.7",,,1,123,,0,False,False,0,0.0,0.0,det_sign,meta/tblogs,103, 6818.121254,"403_densenet_5,8,12,10",0.687860,0.880482,0.675585,0.859251
26825544,24956928,102.33,10.1,9870000000.0,174010000.0,9690000000.0,325460000.0,det_sign,,,medium,,16,False,1,1,"5,8,14,10",0,1.3,/mnt/ssd/datasets/ImageNet/extracted/rec,/mnt/ssd/datasets/cifar,imagenet,False,,"bn,max_pool,relu,fp_conv",False,float32,120,,"0,1,2,3",64,last,64,deepstem_grouped,gaussian,None,device,image-classification.log,100,0.000086,0.1,cosine,"30,60,90",cosine,densenet_flex,0.9,4,radam,meta/plot,,model,False,meta/eta,"2.2,2.7,2.7",,,1,123,,0,False,False,0,0.0,0.0,det_sign,meta/tblogs,104, 6817.876837,"403_densenet_5,8,12,10",0.688340,0.881702,0.675800,0.859266
26825544,24956928,102.33,10.1,9870000000.0,174010000.0,9690000000.0,325460000.0,det_sign,,,medium,,16,False,1,1,"5,8,14,10",0,1.3,/mnt/ssd/datasets/ImageNet/extracted/rec,/mnt/ssd/datasets/cifar,imagenet,False,,"bn,max_pool,relu,fp_conv",False,float32,120,,"0,1,2,3",64,last,64,deepstem_grouped,gaussian,None,device,image-classification.log,100,0.000076,0.1,cosine,"30,60,90",cosine,densenet_flex,0.9,4,radam,meta/plot,,model,False,meta/eta,"2.2,2.7,2.7",,,1,123,,0,False,False,0,0.0,0.0,det_sign,meta/tblogs,105, 6815.901622,"403_densenet_5,8,12,10",0.687780,0.882153,0.676671,0.859679
26825544,24956928,102.33,10.1,9870000000.0,174010000.0,9690000000.0,325460000.0,det_sign,,,medium,,16,False,1,1,"5,8,14,10",0,1.3,/mnt/ssd/datasets/ImageNet/extracted/rec,/mnt/ssd/datasets/cifar,imagenet,False,,"bn,max_pool,relu,fp_conv",False,float32,120,,"0,1,2,3",64,last,64,deepstem_grouped,gaussian,None,device,image-classification.log,100,0.000066,0.1,cosine,"30,60,90",cosine,densenet_flex,0.9,4,radam,meta/plot,,model,False,meta/eta,"2.2,2.7,2.7",,,1,123,,0,False,False,0,0.0,0.0,det_sign,meta/tblogs,106, 6816.071714,"403_densenet_5,8,12,10",0.687120,0.881042,0.676995,0.860058
26825544,24956928,102.33,10.1,9870000000.0,174010000.0,9690000000.0,325460000.0,det_sign,,,medium,,16,False,1,1,"5,8,14,10",0,1.3,/mnt/ssd/datasets/ImageNet/extracted/rec,/mnt/ssd/datasets/cifar,imagenet,False,,"bn,max_pool,relu,fp_conv",False,float32,120,,"0,1,2,3",64,last,64,deepstem_grouped,gaussian,None,device,image-classification.log,100,0.000057,0.1,cosine,"30,60,90",cosine,densenet_flex,0.9,4,radam,meta/plot,,model,False,meta/eta,"2.2,2.7,2.7",,,1,123,,0,False,False,0,0.0,0.0,det_sign,meta/tblogs,107, 6818.050186,"403_densenet_5,8,12,10",0.688620,0.880542,0.677399,0.860398
26825544,24956928,102.33,10.1,9870000000.0,174010000.0,9690000000.0,325460000.0,det_sign,,,medium,,16,False,1,1,"5,8,14,10",0,1.3,/mnt/ssd/datasets/ImageNet/extracted/rec,/mnt/ssd/datasets/cifar,imagenet,False,,"bn,max_pool,relu,fp_conv",False,float32,120,,"0,1,2,3",64,last,64,deepstem_grouped,gaussian,None,device,image-classification.log,100,0.000049,0.1,cosine,"30,60,90",cosine,densenet_flex,0.9,4,radam,meta/plot,,model,False,meta/eta,"2.2,2.7,2.7",,,1,123,,0,False,False,0,0.0,0.0,det_sign,meta/tblogs,108, 6815.023072,"403_densenet_5,8,12,10",0.687820,0.882022,0.677571,0.860461
26825544,24956928,102.33,10.1,9870000000.0,174010000.0,9690000000.0,325460000.0,det_sign,,,medium,,16,False,1,1,"5,8,14,10",0,1.3,/mnt/ssd/datasets/ImageNet/extracted/rec,/mnt/ssd/datasets/cifar,imagenet,False,,"bn,max_pool,relu,fp_conv",False,float32,120,,"0,1,2,3",64,last,64,deepstem_grouped,gaussian,None,device,image-classification.log,100,0.000041,0.1,cosine,"30,60,90",cosine,densenet_flex,0.9,4,radam,meta/plot,,model,False,meta/eta,"2.2,2.7,2.7",,,1,123,,0,False,False,0,0.0,0.0,det_sign,meta/tblogs,109, 6817.076018,"403_densenet_5,8,12,10",0.686521,0.881754,0.678325,0.860721
26825544,24956928,102.33,10.1,9870000000.0,174010000.0,9690000000.0,325460000.0,det_sign,,,medium,,16,False,1,1,"5,8,14,10",0,1.3,/mnt/ssd/datasets/ImageNet/extracted/rec,/mnt/ssd/datasets/cifar,imagenet,False,,"bn,max_pool,relu,fp_conv",False,float32,120,,"0,1,2,3",64,last,64,deepstem_grouped,gaussian,None,device,image-classification.log,100,0.000034,0.1,cosine,"30,60,90",cosine,densenet_flex,0.9,4,radam,meta/plot,,model,False,meta/eta,"2.2,2.7,2.7",,,1,123,,0,False,False,0,0.0,0.0,det_sign,meta/tblogs,110, 6812.828801,"403_densenet_5,8,12,10",0.689201,0.880662,0.678575,0.861176
26825544,24956928,102.33,10.1,9870000000.0,174010000.0,9690000000.0,325460000.0,det_sign,,,medium,,16,False,1,1,"5,8,14,10",0,1.3,/mnt/ssd/datasets/ImageNet/extracted/rec,/mnt/ssd/datasets/cifar,imagenet,False,,"bn,max_pool,relu,fp_conv",False,float32,120,,"0,1,2,3",64,last,64,deepstem_grouped,gaussian,None,device,image-classification.log,100,0.000028,0.1,cosine,"30,60,90",cosine,densenet_flex,0.9,4,radam,meta/plot,,model,False,meta/eta,"2.2,2.7,2.7",,,1,123,,0,False,False,0,0.0,0.0,det_sign,meta/tblogs,111, 6812.275659,"403_densenet_5,8,12,10",0.690101,0.880422,0.679080,0.861527
26825544,24956928,102.33,10.1,9870000000.0,174010000.0,9690000000.0,325460000.0,det_sign,,,medium,,16,False,1,1,"5,8,14,10",0,1.3,/mnt/ssd/datasets/ImageNet/extracted/rec,/mnt/ssd/datasets/cifar,imagenet,False,,"bn,max_pool,relu,fp_conv",False,float32,120,,"0,1,2,3",64,last,64,deepstem_grouped,gaussian,None,device,image-classification.log,100,0.000022,0.1,cosine,"30,60,90",cosine,densenet_flex,0.9,4,radam,meta/plot,,model,False,meta/eta,"2.2,2.7,2.7",,,1,123,,0,False,False,0,0.0,0.0,det_sign,meta/tblogs,112, 6820.773433,"403_densenet_5,8,12,10",0.689701,0.881762,0.679816,0.861777
26825544,24956928,102.33,10.1,9870000000.0,174010000.0,9690000000.0,325460000.0,det_sign,,,medium,,16,False,1,1,"5,8,14,10",0,1.3,/mnt/ssd/datasets/ImageNet/extracted/rec,/mnt/ssd/datasets/cifar,imagenet,False,,"bn,max_pool,relu,fp_conv",False,float32,120,,"0,1,2,3",64,last,64,deepstem_grouped,gaussian,None,device,image-classification.log,100,0.000017,0.1,cosine,"30,60,90",cosine,densenet_flex,0.9,4,radam,meta/plot,,model,False,meta/eta,"2.2,2.7,2.7",,,1,123,,0,False,False,0,0.0,0.0,det_sign,meta/tblogs,113, 6821.960464,"403_densenet_5,8,12,10",0.688579,0.882033,0.680221,0.861902
26825544,24956928,102.33,10.1,9870000000.0,174010000.0,9690000000.0,325460000.0,det_sign,,,medium,,16,False,1,1,"5,8,14,10",0,1.3,/mnt/ssd/datasets/ImageNet/extracted/rec,/mnt/ssd/datasets/cifar,imagenet,False,,"bn,max_pool,relu,fp_conv",False,float32,120,,"0,1,2,3",64,last,64,deepstem_grouped,gaussian,None,device,image-classification.log,100,0.000012,0.1,cosine,"30,60,90",cosine,densenet_flex,0.9,4,radam,meta/plot,,model,False,meta/eta,"2.2,2.7,2.7",,,1,123,,0,False,False,0,0.0,0.0,det_sign,meta/tblogs,114, 6821.815003,"403_densenet_5,8,12,10",0.690061,0.882762,0.680026,0.861987
26825544,24956928,102.33,10.1,9870000000.0,174010000.0,9690000000.0,325460000.0,det_sign,,,medium,,16,False,1,1,"5,8,14,10",0,1.3,/mnt/ssd/datasets/ImageNet/extracted/rec,/mnt/ssd/datasets/cifar,imagenet,False,,"bn,max_pool,relu,fp_conv",False,float32,120,,"0,1,2,3",64,last,64,deepstem_grouped,gaussian,None,device,image-classification.log,100,0.000009,0.1,cosine,"30,60,90",cosine,densenet_flex,0.9,4,radam,meta/plot,,model,False,meta/eta,"2.2,2.7,2.7",,,1,123,,0,False,False,0,0.0,0.0,det_sign,meta/tblogs,115, 6824.993616,"403_densenet_5,8,12,10",0.689121,0.881842,0.680374,0.862427
26825544,24956928,102.33,10.1,9870000000.0,174010000.0,9690000000.0,325460000.0,det_sign,,,medium,,16,False,1,1,"5,8,14,10",0,1.3,/mnt/ssd/datasets/ImageNet/extracted/rec,/mnt/ssd/datasets/cifar,imagenet,False,,"bn,max_pool,relu,fp_conv",False,float32,120,,"0,1,2,3",64,last,64,deepstem_grouped,gaussian,None,device,image-classification.log,100,0.000005,0.1,cosine,"30,60,90",cosine,densenet_flex,0.9,4,radam,meta/plot,,model,False,meta/eta,"2.2,2.7,2.7",,,1,123,,0,False,False,0,0.0,0.0,det_sign,meta/tblogs,116, 6818.286321,"403_densenet_5,8,12,10",0.689020,0.882022,0.680940,0.862051
26825544,24956928,102.33,10.1,9870000000.0,174010000.0,9690000000.0,325460000.0,det_sign,,,medium,,16,False,1,1,"5,8,14,10",0,1.3,/mnt/ssd/datasets/ImageNet/extracted/rec,/mnt/ssd/datasets/cifar,imagenet,False,,"bn,max_pool,relu,fp_conv",False,float32,120,,"0,1,2,3",64,last,64,deepstem_grouped,gaussian,None,device,image-classification.log,100,0.000003,0.1,cosine,"30,60,90",cosine,densenet_flex,0.9,4,radam,meta/plot,,model,False,meta/eta,"2.2,2.7,2.7",,,1,123,,0,False,False,0,0.0,0.0,det_sign,meta/tblogs,117, 6812.732164,"403_densenet_5,8,12,10",0.689278,0.881893,0.680618,0.862889
26825544,24956928,102.33,10.1,9870000000.0,174010000.0,9690000000.0,325460000.0,det_sign,,,medium,,16,False,1,1,"5,8,14,10",0,1.3,/mnt/ssd/datasets/ImageNet/extracted/rec,/mnt/ssd/datasets/cifar,imagenet,False,,"bn,max_pool,relu,fp_conv",False,float32,120,,"0,1,2,3",64,last,64,deepstem_grouped,gaussian,None,device,image-classification.log,100,0.000001,0.1,cosine,"30,60,90",cosine,densenet_flex,0.9,4,radam,meta/plot,,model,False,meta/eta,"2.2,2.7,2.7",,,1,123,,0,False,False,0,0.0,0.0,det_sign,meta/tblogs,118, 6814.614914,"403_densenet_5,8,12,10",0.688800,0.881662,0.680733,0.862429
26825544,24956928,102.33,10.1,9870000000.0,174010000.0,9690000000.0,325460000.0,det_sign,,,medium,,16,False,1,1,"5,8,14,10",0,1.3,/mnt/ssd/datasets/ImageNet/extracted/rec,/mnt/ssd/datasets/cifar,imagenet,False,,"bn,max_pool,relu,fp_conv",False,float32,120,,"0,1,2,3",64,last,64,deepstem_grouped,gaussian,None,device,image-classification.log,100,0.000000,0.1,cosine,"30,60,90",cosine,densenet_flex,0.9,4,radam,meta/plot,,model,False,meta/eta,"2.2,2.7,2.7",,,1,123,,0,False,False,0,0.0,0.0,det_sign,meta/tblogs,119, 6817.281141,"403_densenet_5,8,12,10",0.691941,0.883283,0.681305,0.862616
26825544,24956928,102.33,10.1,9870000000.0,174010000.0,9690000000.0,325460000.0,det_sign,,,medium,,16,False,1,1,"5,8,14,10",0,1.3,/mnt/ssd/datasets/ImageNet/extracted/rec,/mnt/ssd/datasets/cifar,imagenet,False,,"bn,max_pool,relu,fp_conv",False,float32,120,,"0,1,2,3",64,last,64,deepstem_grouped,gaussian,None,device,image-classification.log,100,0.000000,0.1,cosine,"30,60,90",cosine,densenet_flex,0.9,4,radam,meta/plot,,model,False,meta/eta,"2.2,2.7,2.7",,,1,123,,0,False,False,0,0.0,0.0,det_sign,meta/tblogs,120, 6819.243573,"403_densenet_5,8,12,10",0.690301,0.882702,0.680945,0.862988
