num_params,num_params_q,model_size,model_size_q,flops_total,flops_fp,flops_q,flops_combined,activation_method,approximation,augmentation,batch_norm,batch_size,bits,bits_a,block_config,builtin_profiler,clip_threshold,data_dir,data_path,dataset,dilated,downsample_sc_groups,downsample_structure,dry_run,dtype,epochs,fp_downsample_sc,gpus,growth_rate,init_features,initial_layers,initialization,interrupt_at,kvstore,log,log_interval,lr,lr_factor,lr_mode,lr_steps,mode,model,momentum,num_workers,optimizer,plot_network,pool_downsample_sc,prefix,profile,progress,reduction,resume,resume_states,save_frequency,seed,slices,start_epoch,test_run,use_pretrained,warmup_epochs,warmup_lr,wd,weight_quantization,write_summary,epoch,time,exp_folder_name,val_acc,val_acc_top_k_5,train_acc,train_acc_top_k_5
11328328,10321920,43.21,5.07,5600000000.0,128850000.0,5470000000.0,214310000.0,det_sign,,medium,,32,1,1,"4,6,8,6",0,1.3,/mnt/ssd1/datasets/ImageNet/extracted/rec,/mnt/ssd1/joseph/cifar,imagenet,False,,"bn,max_pool,relu,fp_conv",False,float32,120,,"0,1",64,64,deepstem_grouped,gaussian,None,device,image-classification.log,100,0.002000,0.1,cosine,"30,60,90",cosine,densenet_flex,0.9,4,radam,meta/plot,,model,False,meta/eta,"2.7,2.7,2.7",,,1,123,,0,False,False,0,0.0,0.0,det_sign,meta/tblogs,1, 4304.485577,b75427ab9a420b4bd5cbc1472e05b558,0.309902,0.564698,0.147338,0.314863
11328328,10321920,43.21,5.07,5600000000.0,128850000.0,5470000000.0,214310000.0,det_sign,,medium,,32,1,1,"4,6,8,6",0,1.3,/mnt/ssd1/datasets/ImageNet/extracted/rec,/mnt/ssd1/joseph/cifar,imagenet,False,,"bn,max_pool,relu,fp_conv",False,float32,120,,"0,1",64,64,deepstem_grouped,gaussian,None,device,image-classification.log,100,0.001999,0.1,cosine,"30,60,90",cosine,densenet_flex,0.9,4,radam,meta/plot,,model,False,meta/eta,"2.7,2.7,2.7",,,1,123,,0,False,False,0,0.0,0.0,det_sign,meta/tblogs,2, 4304.256221,b75427ab9a420b4bd5cbc1472e05b558,0.414813,0.670595,0.314583,0.551211
11328328,10321920,43.21,5.07,5600000000.0,128850000.0,5470000000.0,214310000.0,det_sign,,medium,,32,1,1,"4,6,8,6",0,1.3,/mnt/ssd1/datasets/ImageNet/extracted/rec,/mnt/ssd1/joseph/cifar,imagenet,False,,"bn,max_pool,relu,fp_conv",False,float32,120,,"0,1",64,64,deepstem_grouped,gaussian,None,device,image-classification.log,100,0.001997,0.1,cosine,"30,60,90",cosine,densenet_flex,0.9,4,radam,meta/plot,,model,False,meta/eta,"2.7,2.7,2.7",,,1,123,,0,False,False,0,0.0,0.0,det_sign,meta/tblogs,3, 4306.239928,b75427ab9a420b4bd5cbc1472e05b558,0.464949,0.716569,0.378644,0.618592
11328328,10321920,43.21,5.07,5600000000.0,128850000.0,5470000000.0,214310000.0,det_sign,,medium,,32,1,1,"4,6,8,6",0,1.3,/mnt/ssd1/datasets/ImageNet/extracted/rec,/mnt/ssd1/joseph/cifar,imagenet,False,,"bn,max_pool,relu,fp_conv",False,float32,120,,"0,1",64,64,deepstem_grouped,gaussian,None,device,image-classification.log,100,0.001995,0.1,cosine,"30,60,90",cosine,densenet_flex,0.9,4,radam,meta/plot,,model,False,meta/eta,"2.7,2.7,2.7",,,1,123,,0,False,False,0,0.0,0.0,det_sign,meta/tblogs,4, 4300.630820,b75427ab9a420b4bd5cbc1472e05b558,0.491937,0.734195,0.414315,0.652769
11328328,10321920,43.21,5.07,5600000000.0,128850000.0,5470000000.0,214310000.0,det_sign,,medium,,32,1,1,"4,6,8,6",0,1.3,/mnt/ssd1/datasets/ImageNet/extracted/rec,/mnt/ssd1/joseph/cifar,imagenet,False,,"bn,max_pool,relu,fp_conv",False,float32,120,,"0,1",64,64,deepstem_grouped,gaussian,None,device,image-classification.log,100,0.001991,0.1,cosine,"30,60,90",cosine,densenet_flex,0.9,4,radam,meta/plot,,model,False,meta/eta,"2.7,2.7,2.7",,,1,123,,0,False,False,0,0.0,0.0,det_sign,meta/tblogs,5, 4297.786041,b75427ab9a420b4bd5cbc1472e05b558,0.512148,0.754955,0.438092,0.674357
11328328,10321920,43.21,5.07,5600000000.0,128850000.0,5470000000.0,214310000.0,det_sign,,medium,,32,1,1,"4,6,8,6",0,1.3,/mnt/ssd1/datasets/ImageNet/extracted/rec,/mnt/ssd1/joseph/cifar,imagenet,False,,"bn,max_pool,relu,fp_conv",False,float32,120,,"0,1",64,64,deepstem_grouped,gaussian,None,device,image-classification.log,100,0.001988,0.1,cosine,"30,60,90",cosine,densenet_flex,0.9,4,radam,meta/plot,,model,False,meta/eta,"2.7,2.7,2.7",,,1,123,,0,False,False,0,0.0,0.0,det_sign,meta/tblogs,6, 4290.689967,b75427ab9a420b4bd5cbc1472e05b558,0.525088,0.762544,0.453962,0.689451
11328328,10321920,43.21,5.07,5600000000.0,128850000.0,5470000000.0,214310000.0,det_sign,,medium,,32,1,1,"4,6,8,6",0,1.3,/mnt/ssd1/datasets/ImageNet/extracted/rec,/mnt/ssd1/joseph/cifar,imagenet,False,,"bn,max_pool,relu,fp_conv",False,float32,120,,"0,1",64,64,deepstem_grouped,gaussian,None,device,image-classification.log,100,0.001983,0.1,cosine,"30,60,90",cosine,densenet_flex,0.9,4,radam,meta/plot,,model,False,meta/eta,"2.7,2.7,2.7",,,1,123,,0,False,False,0,0.0,0.0,det_sign,meta/tblogs,7, 4296.192279,b75427ab9a420b4bd5cbc1472e05b558,0.532871,0.768626,0.466431,0.700376
11328328,10321920,43.21,5.07,5600000000.0,128850000.0,5470000000.0,214310000.0,det_sign,,medium,,32,1,1,"4,6,8,6",0,1.3,/mnt/ssd1/datasets/ImageNet/extracted/rec,/mnt/ssd1/joseph/cifar,imagenet,False,,"bn,max_pool,relu,fp_conv",False,float32,120,,"0,1",64,64,deepstem_grouped,gaussian,None,device,image-classification.log,100,0.001978,0.1,cosine,"30,60,90",cosine,densenet_flex,0.9,4,radam,meta/plot,,model,False,meta/eta,"2.7,2.7,2.7",,,1,123,,0,False,False,0,0.0,0.0,det_sign,meta/tblogs,8, 4298.222062,b75427ab9a420b4bd5cbc1472e05b558,0.544694,0.778329,0.475815,0.709099
11328328,10321920,43.21,5.07,5600000000.0,128850000.0,5470000000.0,214310000.0,det_sign,,medium,,32,1,1,"4,6,8,6",0,1.3,/mnt/ssd1/datasets/ImageNet/extracted/rec,/mnt/ssd1/joseph/cifar,imagenet,False,,"bn,max_pool,relu,fp_conv",False,float32,120,,"0,1",64,64,deepstem_grouped,gaussian,None,device,image-classification.log,100,0.001972,0.1,cosine,"30,60,90",cosine,densenet_flex,0.9,4,radam,meta/plot,,model,False,meta/eta,"2.7,2.7,2.7",,,1,123,,0,False,False,0,0.0,0.0,det_sign,meta/tblogs,9, 4326.765308,b75427ab9a420b4bd5cbc1472e05b558,0.550092,0.784167,0.484661,0.716387
11328328,10321920,43.21,5.07,5600000000.0,128850000.0,5470000000.0,214310000.0,det_sign,,medium,,32,1,1,"4,6,8,6",0,1.3,/mnt/ssd1/datasets/ImageNet/extracted/rec,/mnt/ssd1/joseph/cifar,imagenet,False,,"bn,max_pool,relu,fp_conv",False,float32,120,,"0,1",64,64,deepstem_grouped,gaussian,None,device,image-classification.log,100,0.001966,0.1,cosine,"30,60,90",cosine,densenet_flex,0.9,4,radam,meta/plot,,model,False,meta/eta,"2.7,2.7,2.7",,,1,123,,0,False,False,0,0.0,0.0,det_sign,meta/tblogs,10, 4333.979500,b75427ab9a420b4bd5cbc1472e05b558,0.554918,0.789713,0.492284,0.722975
11328328,10321920,43.21,5.07,5600000000.0,128850000.0,5470000000.0,214310000.0,det_sign,,medium,,32,1,1,"4,6,8,6",0,1.3,/mnt/ssd1/datasets/ImageNet/extracted/rec,/mnt/ssd1/joseph/cifar,imagenet,False,,"bn,max_pool,relu,fp_conv",False,float32,120,,"0,1",64,64,deepstem_grouped,gaussian,None,device,image-classification.log,100,0.001959,0.1,cosine,"30,60,90",cosine,densenet_flex,0.9,4,radam,meta/plot,,model,False,meta/eta,"2.7,2.7,2.7",,,1,123,,0,False,False,0,0.0,0.0,det_sign,meta/tblogs,11, 4335.517096,b75427ab9a420b4bd5cbc1472e05b558,0.558139,0.790453,0.497690,0.727949
11328328,10321920,43.21,5.07,5600000000.0,128850000.0,5470000000.0,214310000.0,det_sign,,medium,,32,1,1,"4,6,8,6",0,1.3,/mnt/ssd1/datasets/ImageNet/extracted/rec,/mnt/ssd1/joseph/cifar,imagenet,False,,"bn,max_pool,relu,fp_conv",False,float32,120,,"0,1",64,64,deepstem_grouped,gaussian,None,device,image-classification.log,100,0.001951,0.1,cosine,"30,60,90",cosine,densenet_flex,0.9,4,radam,meta/plot,,model,False,meta/eta,"2.7,2.7,2.7",,,1,123,,0,False,False,0,0.0,0.0,det_sign,meta/tblogs,12, 4340.289010,b75427ab9a420b4bd5cbc1472e05b558,0.563280,0.795234,0.503244,0.732259
11328328,10321920,43.21,5.07,5600000000.0,128850000.0,5470000000.0,214310000.0,det_sign,,medium,,32,1,1,"4,6,8,6",0,1.3,/mnt/ssd1/datasets/ImageNet/extracted/rec,/mnt/ssd1/joseph/cifar,imagenet,False,,"bn,max_pool,relu,fp_conv",False,float32,120,,"0,1",64,64,deepstem_grouped,gaussian,None,device,image-classification.log,100,0.001943,0.1,cosine,"30,60,90",cosine,densenet_flex,0.9,4,radam,meta/plot,,model,False,meta/eta,"2.7,2.7,2.7",,,1,123,,0,False,False,0,0.0,0.0,det_sign,meta/tblogs,13, 4345.864758,b75427ab9a420b4bd5cbc1472e05b558,0.566196,0.797814,0.508412,0.736596
11328328,10321920,43.21,5.07,5600000000.0,128850000.0,5470000000.0,214310000.0,det_sign,,medium,,32,1,1,"4,6,8,6",0,1.3,/mnt/ssd1/datasets/ImageNet/extracted/rec,/mnt/ssd1/joseph/cifar,imagenet,False,,"bn,max_pool,relu,fp_conv",False,float32,120,,"0,1",64,64,deepstem_grouped,gaussian,None,device,image-classification.log,100,0.001934,0.1,cosine,"30,60,90",cosine,densenet_flex,0.9,4,radam,meta/plot,,model,False,meta/eta,"2.7,2.7,2.7",,,1,123,,0,False,False,0,0.0,0.0,det_sign,meta/tblogs,14, 4349.235000,b75427ab9a420b4bd5cbc1472e05b558,0.570923,0.799436,0.512635,0.739851
11328328,10321920,43.21,5.07,5600000000.0,128850000.0,5470000000.0,214310000.0,det_sign,,medium,,32,1,1,"4,6,8,6",0,1.3,/mnt/ssd1/datasets/ImageNet/extracted/rec,/mnt/ssd1/joseph/cifar,imagenet,False,,"bn,max_pool,relu,fp_conv",False,float32,120,,"0,1",64,64,deepstem_grouped,gaussian,None,device,image-classification.log,100,0.001924,0.1,cosine,"30,60,90",cosine,densenet_flex,0.9,4,radam,meta/plot,,model,False,meta/eta,"2.7,2.7,2.7",,,1,123,,0,False,False,0,0.0,0.0,det_sign,meta/tblogs,15, 4348.152410,b75427ab9a420b4bd5cbc1472e05b558,0.577145,0.806158,0.517006,0.743738
11328328,10321920,43.21,5.07,5600000000.0,128850000.0,5470000000.0,214310000.0,det_sign,,medium,,32,1,1,"4,6,8,6",0,1.3,/mnt/ssd1/datasets/ImageNet/extracted/rec,/mnt/ssd1/joseph/cifar,imagenet,False,,"bn,max_pool,relu,fp_conv",False,float32,120,,"0,1",64,64,deepstem_grouped,gaussian,None,device,image-classification.log,100,0.001914,0.1,cosine,"30,60,90",cosine,densenet_flex,0.9,4,radam,meta/plot,,model,False,meta/eta,"2.7,2.7,2.7",,,1,123,,0,False,False,0,0.0,0.0,det_sign,meta/tblogs,16, 4320.994905,b75427ab9a420b4bd5cbc1472e05b558,0.572843,0.803857,0.519607,0.746114
11328328,10321920,43.21,5.07,5600000000.0,128850000.0,5470000000.0,214310000.0,det_sign,,medium,,32,1,1,"4,6,8,6",0,1.3,/mnt/ssd1/datasets/ImageNet/extracted/rec,/mnt/ssd1/joseph/cifar,imagenet,False,,"bn,max_pool,relu,fp_conv",False,float32,120,,"0,1",64,64,deepstem_grouped,gaussian,None,device,image-classification.log,100,0.001903,0.1,cosine,"30,60,90",cosine,densenet_flex,0.9,4,radam,meta/plot,,model,False,meta/eta,"2.7,2.7,2.7",,,1,123,,0,False,False,0,0.0,0.0,det_sign,meta/tblogs,17, 4277.700479,b75427ab9a420b4bd5cbc1472e05b558,0.578005,0.805946,0.522738,0.748356
11328328,10321920,43.21,5.07,5600000000.0,128850000.0,5470000000.0,214310000.0,det_sign,,medium,,32,1,1,"4,6,8,6",0,1.3,/mnt/ssd1/datasets/ImageNet/extracted/rec,/mnt/ssd1/joseph/cifar,imagenet,False,,"bn,max_pool,relu,fp_conv",False,float32,120,,"0,1",64,64,deepstem_grouped,gaussian,None,device,image-classification.log,100,0.001891,0.1,cosine,"30,60,90",cosine,densenet_flex,0.9,4,radam,meta/plot,,model,False,meta/eta,"2.7,2.7,2.7",,,1,123,,0,False,False,0,0.0,0.0,det_sign,meta/tblogs,18, 4283.209858,b75427ab9a420b4bd5cbc1472e05b558,0.583867,0.811300,0.525418,0.750354
11328328,10321920,43.21,5.07,5600000000.0,128850000.0,5470000000.0,214310000.0,det_sign,,medium,,32,1,1,"4,6,8,6",0,1.3,/mnt/ssd1/datasets/ImageNet/extracted/rec,/mnt/ssd1/joseph/cifar,imagenet,False,,"bn,max_pool,relu,fp_conv",False,float32,120,,"0,1",64,64,deepstem_grouped,gaussian,None,device,image-classification.log,100,0.001879,0.1,cosine,"30,60,90",cosine,densenet_flex,0.9,4,radam,meta/plot,,model,False,meta/eta,"2.7,2.7,2.7",,,1,123,,0,False,False,0,0.0,0.0,det_sign,meta/tblogs,19, 4287.660134,b75427ab9a420b4bd5cbc1472e05b558,0.588588,0.812980,0.528634,0.753448
11328328,10321920,43.21,5.07,5600000000.0,128850000.0,5470000000.0,214310000.0,det_sign,,medium,,32,1,1,"4,6,8,6",0,1.3,/mnt/ssd1/datasets/ImageNet/extracted/rec,/mnt/ssd1/joseph/cifar,imagenet,False,,"bn,max_pool,relu,fp_conv",False,float32,120,,"0,1",64,64,deepstem_grouped,gaussian,None,device,image-classification.log,100,0.001866,0.1,cosine,"30,60,90",cosine,densenet_flex,0.9,4,radam,meta/plot,,model,False,meta/eta,"2.7,2.7,2.7",,,1,123,,0,False,False,0,0.0,0.0,det_sign,meta/tblogs,20, 4295.673746,b75427ab9a420b4bd5cbc1472e05b558,0.585627,0.813920,0.530754,0.755337
11328328,10321920,43.21,5.07,5600000000.0,128850000.0,5470000000.0,214310000.0,det_sign,,medium,,32,1,1,"4,6,8,6",0,1.3,/mnt/ssd1/datasets/ImageNet/extracted/rec,/mnt/ssd1/joseph/cifar,imagenet,False,,"bn,max_pool,relu,fp_conv",False,float32,120,,"0,1",64,64,deepstem_grouped,gaussian,None,device,image-classification.log,100,0.001853,0.1,cosine,"30,60,90",cosine,densenet_flex,0.9,4,radam,meta/plot,,model,False,meta/eta,"2.7,2.7,2.7",,,1,123,,0,False,False,0,0.0,0.0,det_sign,meta/tblogs,21, 4287.732245,b75427ab9a420b4bd5cbc1472e05b558,0.585918,0.813299,0.532650,0.756401
11328328,10321920,43.21,5.07,5600000000.0,128850000.0,5470000000.0,214310000.0,det_sign,,medium,,32,1,1,"4,6,8,6",0,1.3,/mnt/ssd1/datasets/ImageNet/extracted/rec,/mnt/ssd1/joseph/cifar,imagenet,False,,"bn,max_pool,relu,fp_conv",False,float32,120,,"0,1",64,64,deepstem_grouped,gaussian,None,device,image-classification.log,100,0.001839,0.1,cosine,"30,60,90",cosine,densenet_flex,0.9,4,radam,meta/plot,,model,False,meta/eta,"2.7,2.7,2.7",,,1,123,,0,False,False,0,0.0,0.0,det_sign,meta/tblogs,22, 4295.392552,b75427ab9a420b4bd5cbc1472e05b558,0.590649,0.816421,0.535074,0.758750
11328328,10321920,43.21,5.07,5600000000.0,128850000.0,5470000000.0,214310000.0,det_sign,,medium,,32,1,1,"4,6,8,6",0,1.3,/mnt/ssd1/datasets/ImageNet/extracted/rec,/mnt/ssd1/joseph/cifar,imagenet,False,,"bn,max_pool,relu,fp_conv",False,float32,120,,"0,1",64,64,deepstem_grouped,gaussian,None,device,image-classification.log,100,0.001824,0.1,cosine,"30,60,90",cosine,densenet_flex,0.9,4,radam,meta/plot,,model,False,meta/eta,"2.7,2.7,2.7",model/densenet_flex_1bit_0021_acc_0.5906.params,model/densenet_flex_1bit_0021_acc_0.5906.states,1,123,,22,False,False,0,0.0,0.0,det_sign,meta/tblogs,23, 4337.697666,b75427ab9a420b4bd5cbc1472e05b558,0.589035,0.816576,0.537130,0.759993
11328328,10321920,43.21,5.07,5600000000.0,128850000.0,5470000000.0,214310000.0,det_sign,,medium,,32,1,1,"4,6,8,6",0,1.3,/mnt/ssd1/datasets/ImageNet/extracted/rec,/mnt/ssd1/joseph/cifar,imagenet,False,,"bn,max_pool,relu,fp_conv",False,float32,120,,"0,1",64,64,deepstem_grouped,gaussian,None,device,image-classification.log,100,0.001809,0.1,cosine,"30,60,90",cosine,densenet_flex,0.9,4,radam,meta/plot,,model,False,meta/eta,"2.7,2.7,2.7",model/densenet_flex_1bit_0021_acc_0.5906.params,model/densenet_flex_1bit_0021_acc_0.5906.states,1,123,,22,False,False,0,0.0,0.0,det_sign,meta/tblogs,24, 4341.002884,b75427ab9a420b4bd5cbc1472e05b558,0.593730,0.818402,0.539775,0.762730
11328328,10321920,43.21,5.07,5600000000.0,128850000.0,5470000000.0,214310000.0,det_sign,,medium,,32,1,1,"4,6,8,6",0,1.3,/mnt/ssd1/datasets/ImageNet/extracted/rec,/mnt/ssd1/joseph/cifar,imagenet,False,,"bn,max_pool,relu,fp_conv",False,float32,120,,"0,1",64,64,deepstem_grouped,gaussian,None,device,image-classification.log,100,0.001793,0.1,cosine,"30,60,90",cosine,densenet_flex,0.9,4,radam,meta/plot,,model,False,meta/eta,"2.7,2.7,2.7",model/densenet_flex_1bit_0021_acc_0.5906.params,model/densenet_flex_1bit_0021_acc_0.5906.states,1,123,,22,False,False,0,0.0,0.0,det_sign,meta/tblogs,25, 4329.994883,b75427ab9a420b4bd5cbc1472e05b558,0.596591,0.820323,0.541783,0.764197
11328328,10321920,43.21,5.07,5600000000.0,128850000.0,5470000000.0,214310000.0,det_sign,,medium,,32,1,1,"4,6,8,6",0,1.3,/mnt/ssd1/datasets/ImageNet/extracted/rec,/mnt/ssd1/joseph/cifar,imagenet,False,,"bn,max_pool,relu,fp_conv",False,float32,120,,"0,1",64,64,deepstem_grouped,gaussian,None,device,image-classification.log,100,0.001777,0.1,cosine,"30,60,90",cosine,densenet_flex,0.9,4,radam,meta/plot,,model,False,meta/eta,"2.7,2.7,2.7",model/densenet_flex_1bit_0021_acc_0.5906.params,model/densenet_flex_1bit_0021_acc_0.5906.states,1,123,,22,False,False,0,0.0,0.0,det_sign,meta/tblogs,26, 4334.519988,b75427ab9a420b4bd5cbc1472e05b558,0.599952,0.820863,0.542931,0.765593
11328328,10321920,43.21,5.07,5600000000.0,128850000.0,5470000000.0,214310000.0,det_sign,,medium,,32,1,1,"4,6,8,6",0,1.3,/mnt/ssd1/datasets/ImageNet/extracted/rec,/mnt/ssd1/joseph/cifar,imagenet,False,,"bn,max_pool,relu,fp_conv",False,float32,120,,"0,1",64,64,deepstem_grouped,gaussian,None,device,image-classification.log,100,0.001760,0.1,cosine,"30,60,90",cosine,densenet_flex,0.9,4,radam,meta/plot,,model,False,meta/eta,"2.7,2.7,2.7",model/densenet_flex_1bit_0021_acc_0.5906.params,model/densenet_flex_1bit_0021_acc_0.5906.states,1,123,,22,False,False,0,0.0,0.0,det_sign,meta/tblogs,27, 4336.588935,b75427ab9a420b4bd5cbc1472e05b558,0.601303,0.823869,0.545766,0.767341
11328328,10321920,43.21,5.07,5600000000.0,128850000.0,5470000000.0,214310000.0,det_sign,,medium,,32,1,1,"4,6,8,6",0,1.3,/mnt/ssd1/datasets/ImageNet/extracted/rec,/mnt/ssd1/joseph/cifar,imagenet,False,,"bn,max_pool,relu,fp_conv",False,float32,120,,"0,1",64,64,deepstem_grouped,gaussian,None,device,image-classification.log,100,0.001743,0.1,cosine,"30,60,90",cosine,densenet_flex,0.9,4,radam,meta/plot,,model,False,meta/eta,"2.7,2.7,2.7",model/densenet_flex_1bit_0021_acc_0.5906.params,model/densenet_flex_1bit_0021_acc_0.5906.states,1,123,,22,False,False,0,0.0,0.0,det_sign,meta/tblogs,28, 4330.840644,b75427ab9a420b4bd5cbc1472e05b558,0.599612,0.822023,0.547602,0.768305
11328328,10321920,43.21,5.07,5600000000.0,128850000.0,5470000000.0,214310000.0,det_sign,,medium,,32,1,1,"4,6,8,6",0,1.3,/mnt/ssd1/datasets/ImageNet/extracted/rec,/mnt/ssd1/joseph/cifar,imagenet,False,,"bn,max_pool,relu,fp_conv",False,float32,120,,"0,1",64,64,deepstem_grouped,gaussian,None,device,image-classification.log,100,0.001725,0.1,cosine,"30,60,90",cosine,densenet_flex,0.9,4,radam,meta/plot,,model,False,meta/eta,"2.7,2.7,2.7",model/densenet_flex_1bit_0021_acc_0.5906.params,model/densenet_flex_1bit_0021_acc_0.5906.states,1,123,,22,False,False,0,0.0,0.0,det_sign,meta/tblogs,29, 4331.543156,b75427ab9a420b4bd5cbc1472e05b558,0.604373,0.825404,0.548876,0.769401
11328328,10321920,43.21,5.07,5600000000.0,128850000.0,5470000000.0,214310000.0,det_sign,,medium,,32,1,1,"4,6,8,6",0,1.3,/mnt/ssd1/datasets/ImageNet/extracted/rec,/mnt/ssd1/joseph/cifar,imagenet,False,,"bn,max_pool,relu,fp_conv",False,float32,120,,"0,1",64,64,deepstem_grouped,gaussian,None,device,image-classification.log,100,0.001707,0.1,cosine,"30,60,90",cosine,densenet_flex,0.9,4,radam,meta/plot,,model,False,meta/eta,"2.7,2.7,2.7",model/densenet_flex_1bit_0021_acc_0.5906.params,model/densenet_flex_1bit_0021_acc_0.5906.states,1,123,,22,False,False,0,0.0,0.0,det_sign,meta/tblogs,30, 4337.425897,b75427ab9a420b4bd5cbc1472e05b558,0.603153,0.824824,0.550595,0.771198
11328328,10321920,43.21,5.07,5600000000.0,128850000.0,5470000000.0,214310000.0,det_sign,,medium,,32,1,1,"4,6,8,6",0,1.3,/mnt/ssd1/datasets/ImageNet/extracted/rec,/mnt/ssd1/joseph/cifar,imagenet,False,,"bn,max_pool,relu,fp_conv",False,float32,120,,"0,1",64,64,deepstem_grouped,gaussian,None,device,image-classification.log,100,0.001688,0.1,cosine,"30,60,90",cosine,densenet_flex,0.9,4,radam,meta/plot,,model,False,meta/eta,"2.7,2.7,2.7",model/densenet_flex_1bit_0021_acc_0.5906.params,model/densenet_flex_1bit_0021_acc_0.5906.states,1,123,,22,False,False,0,0.0,0.0,det_sign,meta/tblogs,31, 4337.790779,b75427ab9a420b4bd5cbc1472e05b558,0.602362,0.825547,0.552147,0.772817
11328328,10321920,43.21,5.07,5600000000.0,128850000.0,5470000000.0,214310000.0,det_sign,,medium,,32,1,1,"4,6,8,6",0,1.3,/mnt/ssd1/datasets/ImageNet/extracted/rec,/mnt/ssd1/joseph/cifar,imagenet,False,,"bn,max_pool,relu,fp_conv",False,float32,120,,"0,1",64,64,deepstem_grouped,gaussian,None,device,image-classification.log,100,0.001669,0.1,cosine,"30,60,90",cosine,densenet_flex,0.9,4,radam,meta/plot,,model,False,meta/eta,"2.7,2.7,2.7",model/densenet_flex_1bit_0021_acc_0.5906.params,model/densenet_flex_1bit_0021_acc_0.5906.states,1,123,,22,False,False,0,0.0,0.0,det_sign,meta/tblogs,32, 4337.074170,b75427ab9a420b4bd5cbc1472e05b558,0.605134,0.825804,0.554097,0.774017
11328328,10321920,43.21,5.07,5600000000.0,128850000.0,5470000000.0,214310000.0,det_sign,,medium,,32,1,1,"4,6,8,6",0,1.3,/mnt/ssd1/datasets/ImageNet/extracted/rec,/mnt/ssd1/joseph/cifar,imagenet,False,,"bn,max_pool,relu,fp_conv",False,float32,120,,"0,1",64,64,deepstem_grouped,gaussian,None,device,image-classification.log,100,0.001649,0.1,cosine,"30,60,90",cosine,densenet_flex,0.9,4,radam,meta/plot,,model,False,meta/eta,"2.7,2.7,2.7",model/densenet_flex_1bit_0021_acc_0.5906.params,model/densenet_flex_1bit_0021_acc_0.5906.states,1,123,,22,False,False,0,0.0,0.0,det_sign,meta/tblogs,33, 4334.319743,b75427ab9a420b4bd5cbc1472e05b558,0.605574,0.826464,0.555255,0.774679
11328328,10321920,43.21,5.07,5600000000.0,128850000.0,5470000000.0,214310000.0,det_sign,,medium,,32,1,1,"4,6,8,6",0,1.3,/mnt/ssd1/datasets/ImageNet/extracted/rec,/mnt/ssd1/joseph/cifar,imagenet,False,,"bn,max_pool,relu,fp_conv",False,float32,120,,"0,1",64,64,deepstem_grouped,gaussian,None,device,image-classification.log,100,0.001629,0.1,cosine,"30,60,90",cosine,densenet_flex,0.9,4,radam,meta/plot,,model,False,meta/eta,"2.7,2.7,2.7",model/densenet_flex_1bit_0021_acc_0.5906.params,model/densenet_flex_1bit_0021_acc_0.5906.states,1,123,,22,False,False,0,0.0,0.0,det_sign,meta/tblogs,34, 4339.472804,b75427ab9a420b4bd5cbc1472e05b558,0.606614,0.827945,0.556822,0.775912
11328328,10321920,43.21,5.07,5600000000.0,128850000.0,5470000000.0,214310000.0,det_sign,,medium,,32,1,1,"4,6,8,6",0,1.3,/mnt/ssd1/datasets/ImageNet/extracted/rec,/mnt/ssd1/joseph/cifar,imagenet,False,,"bn,max_pool,relu,fp_conv",False,float32,120,,"0,1",64,64,deepstem_grouped,gaussian,None,device,image-classification.log,100,0.001609,0.1,cosine,"30,60,90",cosine,densenet_flex,0.9,4,radam,meta/plot,,model,False,meta/eta,"2.7,2.7,2.7",model/densenet_flex_1bit_0021_acc_0.5906.params,model/densenet_flex_1bit_0021_acc_0.5906.states,1,123,,22,False,False,0,0.0,0.0,det_sign,meta/tblogs,35, 4335.907238,b75427ab9a420b4bd5cbc1472e05b558,0.606578,0.827965,0.558557,0.777631
11328328,10321920,43.21,5.07,5600000000.0,128850000.0,5470000000.0,214310000.0,det_sign,,medium,,32,1,1,"4,6,8,6",0,1.3,/mnt/ssd1/datasets/ImageNet/extracted/rec,/mnt/ssd1/joseph/cifar,imagenet,False,,"bn,max_pool,relu,fp_conv",False,float32,120,,"0,1",64,64,deepstem_grouped,gaussian,None,device,image-classification.log,100,0.001588,0.1,cosine,"30,60,90",cosine,densenet_flex,0.9,4,radam,meta/plot,,model,False,meta/eta,"2.7,2.7,2.7",model/densenet_flex_1bit_0021_acc_0.5906.params,model/densenet_flex_1bit_0021_acc_0.5906.states,1,123,,22,False,False,0,0.0,0.0,det_sign,meta/tblogs,36, 4339.155221,b75427ab9a420b4bd5cbc1472e05b558,0.612976,0.831046,0.559944,0.778224
11328328,10321920,43.21,5.07,5600000000.0,128850000.0,5470000000.0,214310000.0,det_sign,,medium,,32,1,1,"4,6,8,6",0,1.3,/mnt/ssd1/datasets/ImageNet/extracted/rec,/mnt/ssd1/joseph/cifar,imagenet,False,,"bn,max_pool,relu,fp_conv",False,float32,120,,"0,1",64,64,deepstem_grouped,gaussian,None,device,image-classification.log,100,0.001566,0.1,cosine,"30,60,90",cosine,densenet_flex,0.9,4,radam,meta/plot,,model,False,meta/eta,"2.7,2.7,2.7",model/densenet_flex_1bit_0021_acc_0.5906.params,model/densenet_flex_1bit_0021_acc_0.5906.states,1,123,,22,False,False,0,0.0,0.0,det_sign,meta/tblogs,37, 4333.941745,b75427ab9a420b4bd5cbc1472e05b558,0.612036,0.830726,0.560638,0.779163
11328328,10321920,43.21,5.07,5600000000.0,128850000.0,5470000000.0,214310000.0,det_sign,,medium,,32,1,1,"4,6,8,6",0,1.3,/mnt/ssd1/datasets/ImageNet/extracted/rec,/mnt/ssd1/joseph/cifar,imagenet,False,,"bn,max_pool,relu,fp_conv",False,float32,120,,"0,1",64,64,deepstem_grouped,gaussian,None,device,image-classification.log,100,0.001545,0.1,cosine,"30,60,90",cosine,densenet_flex,0.9,4,radam,meta/plot,,model,False,meta/eta,"2.7,2.7,2.7",model/densenet_flex_1bit_0021_acc_0.5906.params,model/densenet_flex_1bit_0021_acc_0.5906.states,1,123,,22,False,False,0,0.0,0.0,det_sign,meta/tblogs,38, 4338.615005,b75427ab9a420b4bd5cbc1472e05b558,0.611256,0.831826,0.562953,0.780710
11328328,10321920,43.21,5.07,5600000000.0,128850000.0,5470000000.0,214310000.0,det_sign,,medium,,32,1,1,"4,6,8,6",0,1.3,/mnt/ssd1/datasets/ImageNet/extracted/rec,/mnt/ssd1/joseph/cifar,imagenet,False,,"bn,max_pool,relu,fp_conv",False,float32,120,,"0,1",64,64,deepstem_grouped,gaussian,None,device,image-classification.log,100,0.001523,0.1,cosine,"30,60,90",cosine,densenet_flex,0.9,4,radam,meta/plot,,model,False,meta/eta,"2.7,2.7,2.7",model/densenet_flex_1bit_0021_acc_0.5906.params,model/densenet_flex_1bit_0021_acc_0.5906.states,1,123,,22,False,False,0,0.0,0.0,det_sign,meta/tblogs,39, 4343.784334,b75427ab9a420b4bd5cbc1472e05b558,0.607717,0.829344,0.563910,0.781045
11328328,10321920,43.21,5.07,5600000000.0,128850000.0,5470000000.0,214310000.0,det_sign,,medium,,32,1,1,"4,6,8,6",0,1.3,/mnt/ssd1/datasets/ImageNet/extracted/rec,/mnt/ssd1/joseph/cifar,imagenet,False,,"bn,max_pool,relu,fp_conv",False,float32,120,,"0,1",64,64,deepstem_grouped,gaussian,None,device,image-classification.log,100,0.001500,0.1,cosine,"30,60,90",cosine,densenet_flex,0.9,4,radam,meta/plot,,model,False,meta/eta,"2.7,2.7,2.7",model/densenet_flex_1bit_0021_acc_0.5906.params,model/densenet_flex_1bit_0021_acc_0.5906.states,1,123,,22,False,False,0,0.0,0.0,det_sign,meta/tblogs,40, 4336.192843,b75427ab9a420b4bd5cbc1472e05b558,0.612076,0.831126,0.564228,0.781877
11328328,10321920,43.21,5.07,5600000000.0,128850000.0,5470000000.0,214310000.0,det_sign,,medium,,32,1,1,"4,6,8,6",0,1.3,/mnt/ssd1/datasets/ImageNet/extracted/rec,/mnt/ssd1/joseph/cifar,imagenet,False,,"bn,max_pool,relu,fp_conv",False,float32,120,,"0,1",64,64,deepstem_grouped,gaussian,None,device,image-classification.log,100,0.001477,0.1,cosine,"30,60,90",cosine,densenet_flex,0.9,4,radam,meta/plot,,model,False,meta/eta,"2.7,2.7,2.7",model/densenet_flex_1bit_0021_acc_0.5906.params,model/densenet_flex_1bit_0021_acc_0.5906.states,1,123,,22,False,False,0,0.0,0.0,det_sign,meta/tblogs,41, 4342.437477,b75427ab9a420b4bd5cbc1472e05b558,0.613176,0.833407,0.565867,0.783292
11328328,10321920,43.21,5.07,5600000000.0,128850000.0,5470000000.0,214310000.0,det_sign,,medium,,32,1,1,"4,6,8,6",0,1.3,/mnt/ssd1/datasets/ImageNet/extracted/rec,/mnt/ssd1/joseph/cifar,imagenet,False,,"bn,max_pool,relu,fp_conv",False,float32,120,,"0,1",64,64,deepstem_grouped,gaussian,None,device,image-classification.log,100,0.001454,0.1,cosine,"30,60,90",cosine,densenet_flex,0.9,4,radam,meta/plot,,model,False,meta/eta,"2.7,2.7,2.7",model/densenet_flex_1bit_0021_acc_0.5906.params,model/densenet_flex_1bit_0021_acc_0.5906.states,1,123,,22,False,False,0,0.0,0.0,det_sign,meta/tblogs,42, 4341.599024,b75427ab9a420b4bd5cbc1472e05b558,0.616157,0.835107,0.567106,0.783862
11328328,10321920,43.21,5.07,5600000000.0,128850000.0,5470000000.0,214310000.0,det_sign,,medium,,32,1,1,"4,6,8,6",0,1.3,/mnt/ssd1/datasets/ImageNet/extracted/rec,/mnt/ssd1/joseph/cifar,imagenet,False,,"bn,max_pool,relu,fp_conv",False,float32,120,,"0,1",64,64,deepstem_grouped,gaussian,None,device,image-classification.log,100,0.001431,0.1,cosine,"30,60,90",cosine,densenet_flex,0.9,4,radam,meta/plot,,model,False,meta/eta,"2.7,2.7,2.7",model/densenet_flex_1bit_0021_acc_0.5906.params,model/densenet_flex_1bit_0021_acc_0.5906.states,1,123,,22,False,False,0,0.0,0.0,det_sign,meta/tblogs,43, 4341.662298,b75427ab9a420b4bd5cbc1472e05b558,0.613311,0.832141,0.568216,0.785197
11328328,10321920,43.21,5.07,5600000000.0,128850000.0,5470000000.0,214310000.0,det_sign,,medium,,32,1,1,"4,6,8,6",0,1.3,/mnt/ssd1/datasets/ImageNet/extracted/rec,/mnt/ssd1/joseph/cifar,imagenet,False,,"bn,max_pool,relu,fp_conv",False,float32,120,,"0,1",64,64,deepstem_grouped,gaussian,None,device,image-classification.log,100,0.001407,0.1,cosine,"30,60,90",cosine,densenet_flex,0.9,4,radam,meta/plot,,model,False,meta/eta,"2.7,2.7,2.7",model/densenet_flex_1bit_0021_acc_0.5906.params,model/densenet_flex_1bit_0021_acc_0.5906.states,1,123,,22,False,False,0,0.0,0.0,det_sign,meta/tblogs,44, 4341.048650,b75427ab9a420b4bd5cbc1472e05b558,0.603393,0.827225,0.570654,0.786191
11328328,10321920,43.21,5.07,5600000000.0,128850000.0,5470000000.0,214310000.0,det_sign,,medium,,32,1,1,"4,6,8,6",0,1.3,/mnt/ssd1/datasets/ImageNet/extracted/rec,/mnt/ssd1/joseph/cifar,imagenet,False,,"bn,max_pool,relu,fp_conv",False,float32,120,,"0,1",64,64,deepstem_grouped,gaussian,None,device,image-classification.log,100,0.001383,0.1,cosine,"30,60,90",cosine,densenet_flex,0.9,4,radam,meta/plot,,model,False,meta/eta,"2.7,2.7,2.7",model/densenet_flex_1bit_0021_acc_0.5906.params,model/densenet_flex_1bit_0021_acc_0.5906.states,1,123,,22,False,False,0,0.0,0.0,det_sign,meta/tblogs,45, 4342.676500,b75427ab9a420b4bd5cbc1472e05b558,0.617198,0.836008,0.570605,0.787230
11328328,10321920,43.21,5.07,5600000000.0,128850000.0,5470000000.0,214310000.0,det_sign,,medium,,32,1,1,"4,6,8,6",0,1.3,/mnt/ssd1/datasets/ImageNet/extracted/rec,/mnt/ssd1/joseph/cifar,imagenet,False,,"bn,max_pool,relu,fp_conv",False,float32,120,,"0,1",64,64,deepstem_grouped,gaussian,None,device,image-classification.log,100,0.001358,0.1,cosine,"30,60,90",cosine,densenet_flex,0.9,4,radam,meta/plot,,model,False,meta/eta,"2.7,2.7,2.7",model/densenet_flex_1bit_0021_acc_0.5906.params,model/densenet_flex_1bit_0021_acc_0.5906.states,1,123,,22,False,False,0,0.0,0.0,det_sign,meta/tblogs,46, 4340.506434,b75427ab9a420b4bd5cbc1472e05b558,0.618298,0.836948,0.572032,0.787515
11328328,10321920,43.21,5.07,5600000000.0,128850000.0,5470000000.0,214310000.0,det_sign,,medium,,32,1,1,"4,6,8,6",0,1.3,/mnt/ssd1/datasets/ImageNet/extracted/rec,/mnt/ssd1/joseph/cifar,imagenet,False,,"bn,max_pool,relu,fp_conv",False,float32,120,,"0,1",64,64,deepstem_grouped,gaussian,None,device,image-classification.log,100,0.001334,0.1,cosine,"30,60,90",cosine,densenet_flex,0.9,4,radam,meta/plot,,model,False,meta/eta,"2.7,2.7,2.7",model/densenet_flex_1bit_0021_acc_0.5906.params,model/densenet_flex_1bit_0021_acc_0.5906.states,1,123,,22,False,False,0,0.0,0.0,det_sign,meta/tblogs,47, 4341.650245,b75427ab9a420b4bd5cbc1472e05b558,0.619385,0.838735,0.572104,0.788037
11328328,10321920,43.21,5.07,5600000000.0,128850000.0,5470000000.0,214310000.0,det_sign,,medium,,32,1,1,"4,6,8,6",0,1.3,/mnt/ssd1/datasets/ImageNet/extracted/rec,/mnt/ssd1/joseph/cifar,imagenet,False,,"bn,max_pool,relu,fp_conv",False,float32,120,,"0,1",64,64,deepstem_grouped,gaussian,None,device,image-classification.log,100,0.001309,0.1,cosine,"30,60,90",cosine,densenet_flex,0.9,4,radam,meta/plot,,model,False,meta/eta,"2.7,2.7,2.7",model/densenet_flex_1bit_0021_acc_0.5906.params,model/densenet_flex_1bit_0021_acc_0.5906.states,1,123,,22,False,False,0,0.0,0.0,det_sign,meta/tblogs,48, 4343.136788,b75427ab9a420b4bd5cbc1472e05b558,0.621679,0.836828,0.573480,0.788938
11328328,10321920,43.21,5.07,5600000000.0,128850000.0,5470000000.0,214310000.0,det_sign,,medium,,32,1,1,"4,6,8,6",0,1.3,/mnt/ssd1/datasets/ImageNet/extracted/rec,/mnt/ssd1/joseph/cifar,imagenet,False,,"bn,max_pool,relu,fp_conv",False,float32,120,,"0,1",64,64,deepstem_grouped,gaussian,None,device,image-classification.log,100,0.001284,0.1,cosine,"30,60,90",cosine,densenet_flex,0.9,4,radam,meta/plot,,model,False,meta/eta,"2.7,2.7,2.7",model/densenet_flex_1bit_0021_acc_0.5906.params,model/densenet_flex_1bit_0021_acc_0.5906.states,1,123,,22,False,False,0,0.0,0.0,det_sign,meta/tblogs,49, 4340.654770,b75427ab9a420b4bd5cbc1472e05b558,0.620319,0.837828,0.574937,0.789898
11328328,10321920,43.21,5.07,5600000000.0,128850000.0,5470000000.0,214310000.0,det_sign,,medium,,32,1,1,"4,6,8,6",0,1.3,/mnt/ssd1/datasets/ImageNet/extracted/rec,/mnt/ssd1/joseph/cifar,imagenet,False,,"bn,max_pool,relu,fp_conv",False,float32,120,,"0,1",64,64,deepstem_grouped,gaussian,None,device,image-classification.log,100,0.001259,0.1,cosine,"30,60,90",cosine,densenet_flex,0.9,4,radam,meta/plot,,model,False,meta/eta,"2.7,2.7,2.7",model/densenet_flex_1bit_0021_acc_0.5906.params,model/densenet_flex_1bit_0021_acc_0.5906.states,1,123,,22,False,False,0,0.0,0.0,det_sign,meta/tblogs,50, 4336.000100,b75427ab9a420b4bd5cbc1472e05b558,0.621379,0.838168,0.576705,0.791004
11328328,10321920,43.21,5.07,5600000000.0,128850000.0,5470000000.0,214310000.0,det_sign,,medium,,32,1,1,"4,6,8,6",0,1.3,/mnt/ssd1/datasets/ImageNet/extracted/rec,/mnt/ssd1/joseph/cifar,imagenet,False,,"bn,max_pool,relu,fp_conv",False,float32,120,,"0,1",64,64,deepstem_grouped,gaussian,None,device,image-classification.log,100,0.001233,0.1,cosine,"30,60,90",cosine,densenet_flex,0.9,4,radam,meta/plot,,model,False,meta/eta,"2.7,2.7,2.7",model/densenet_flex_1bit_0021_acc_0.5906.params,model/densenet_flex_1bit_0021_acc_0.5906.states,1,123,,22,False,False,0,0.0,0.0,det_sign,meta/tblogs,51, 4346.942789,b75427ab9a420b4bd5cbc1472e05b558,0.623641,0.838195,0.577491,0.792559
11328328,10321920,43.21,5.07,5600000000.0,128850000.0,5470000000.0,214310000.0,det_sign,,medium,,32,1,1,"4,6,8,6",0,1.3,/mnt/ssd1/datasets/ImageNet/extracted/rec,/mnt/ssd1/joseph/cifar,imagenet,False,,"bn,max_pool,relu,fp_conv",False,float32,120,,"0,1",64,64,deepstem_grouped,gaussian,None,device,image-classification.log,100,0.001208,0.1,cosine,"30,60,90",cosine,densenet_flex,0.9,4,radam,meta/plot,,model,False,meta/eta,"2.7,2.7,2.7",model/densenet_flex_1bit_0021_acc_0.5906.params,model/densenet_flex_1bit_0021_acc_0.5906.states,1,123,,22,False,False,0,0.0,0.0,det_sign,meta/tblogs,52, 4342.556576,b75427ab9a420b4bd5cbc1472e05b558,0.623920,0.837588,0.578295,0.792730
11328328,10321920,43.21,5.07,5600000000.0,128850000.0,5470000000.0,214310000.0,det_sign,,medium,,32,1,1,"4,6,8,6",0,1.3,/mnt/ssd1/datasets/ImageNet/extracted/rec,/mnt/ssd1/joseph/cifar,imagenet,False,,"bn,max_pool,relu,fp_conv",False,float32,120,,"0,1",64,64,deepstem_grouped,gaussian,None,device,image-classification.log,100,0.001182,0.1,cosine,"30,60,90",cosine,densenet_flex,0.9,4,radam,meta/plot,,model,False,meta/eta,"2.7,2.7,2.7",model/densenet_flex_1bit_0021_acc_0.5906.params,model/densenet_flex_1bit_0021_acc_0.5906.states,1,123,,22,False,False,0,0.0,0.0,det_sign,meta/tblogs,53, 4338.867213,b75427ab9a420b4bd5cbc1472e05b558,0.622419,0.840769,0.579503,0.793351
11328328,10321920,43.21,5.07,5600000000.0,128850000.0,5470000000.0,214310000.0,det_sign,,medium,,32,1,1,"4,6,8,6",0,1.3,/mnt/ssd1/datasets/ImageNet/extracted/rec,/mnt/ssd1/joseph/cifar,imagenet,False,,"bn,max_pool,relu,fp_conv",False,float32,120,,"0,1",64,64,deepstem_grouped,gaussian,None,device,image-classification.log,100,0.001156,0.1,cosine,"30,60,90",cosine,densenet_flex,0.9,4,radam,meta/plot,,model,False,meta/eta,"2.7,2.7,2.7",model/densenet_flex_1bit_0021_acc_0.5906.params,model/densenet_flex_1bit_0021_acc_0.5906.states,1,123,,22,False,False,0,0.0,0.0,det_sign,meta/tblogs,54, 4344.857906,b75427ab9a420b4bd5cbc1472e05b558,0.623640,0.839489,0.580780,0.794650
11328328,10321920,43.21,5.07,5600000000.0,128850000.0,5470000000.0,214310000.0,det_sign,,medium,,32,1,1,"4,6,8,6",0,1.3,/mnt/ssd1/datasets/ImageNet/extracted/rec,/mnt/ssd1/joseph/cifar,imagenet,False,,"bn,max_pool,relu,fp_conv",False,float32,120,,"0,1",64,64,deepstem_grouped,gaussian,None,device,image-classification.log,100,0.001131,0.1,cosine,"30,60,90",cosine,densenet_flex,0.9,4,radam,meta/plot,,model,False,meta/eta,"2.7,2.7,2.7",model/densenet_flex_1bit_0021_acc_0.5906.params,model/densenet_flex_1bit_0021_acc_0.5906.states,1,123,,22,False,False,0,0.0,0.0,det_sign,meta/tblogs,55, 4335.085354,b75427ab9a420b4bd5cbc1472e05b558,0.625260,0.841252,0.580748,0.794579
11328328,10321920,43.21,5.07,5600000000.0,128850000.0,5470000000.0,214310000.0,det_sign,,medium,,32,1,1,"4,6,8,6",0,1.3,/mnt/ssd1/datasets/ImageNet/extracted/rec,/mnt/ssd1/joseph/cifar,imagenet,False,,"bn,max_pool,relu,fp_conv",False,float32,120,,"0,1",64,64,deepstem_grouped,gaussian,None,device,image-classification.log,100,0.001105,0.1,cosine,"30,60,90",cosine,densenet_flex,0.9,4,radam,meta/plot,,model,False,meta/eta,"2.7,2.7,2.7",model/densenet_flex_1bit_0021_acc_0.5906.params,model/densenet_flex_1bit_0021_acc_0.5906.states,1,123,,22,False,False,0,0.0,0.0,det_sign,meta/tblogs,56, 4343.214595,b75427ab9a420b4bd5cbc1472e05b558,0.625540,0.840489,0.582537,0.795774
11328328,10321920,43.21,5.07,5600000000.0,128850000.0,5470000000.0,214310000.0,det_sign,,medium,,32,1,1,"4,6,8,6",0,1.3,/mnt/ssd1/datasets/ImageNet/extracted/rec,/mnt/ssd1/joseph/cifar,imagenet,False,,"bn,max_pool,relu,fp_conv",False,float32,120,,"0,1",64,64,deepstem_grouped,gaussian,None,device,image-classification.log,100,0.001078,0.1,cosine,"30,60,90",cosine,densenet_flex,0.9,4,radam,meta/plot,,model,False,meta/eta,"2.7,2.7,2.7",model/densenet_flex_1bit_0021_acc_0.5906.params,model/densenet_flex_1bit_0021_acc_0.5906.states,1,123,,22,False,False,0,0.0,0.0,det_sign,meta/tblogs,57, 4342.977819,b75427ab9a420b4bd5cbc1472e05b558,0.627241,0.841749,0.583712,0.796527
11328328,10321920,43.21,5.07,5600000000.0,128850000.0,5470000000.0,214310000.0,det_sign,,medium,,32,1,1,"4,6,8,6",0,1.3,/mnt/ssd1/datasets/ImageNet/extracted/rec,/mnt/ssd1/joseph/cifar,imagenet,False,,"bn,max_pool,relu,fp_conv",False,float32,120,,"0,1",64,64,deepstem_grouped,gaussian,None,device,image-classification.log,100,0.001052,0.1,cosine,"30,60,90",cosine,densenet_flex,0.9,4,radam,meta/plot,,model,False,meta/eta,"2.7,2.7,2.7",model/densenet_flex_1bit_0021_acc_0.5906.params,model/densenet_flex_1bit_0021_acc_0.5906.states,1,123,,22,False,False,0,0.0,0.0,det_sign,meta/tblogs,58, 4346.116707,b75427ab9a420b4bd5cbc1472e05b558,0.628881,0.844130,0.584776,0.797236
11328328,10321920,43.21,5.07,5600000000.0,128850000.0,5470000000.0,214310000.0,det_sign,,medium,,32,1,1,"4,6,8,6",0,1.3,/mnt/ssd1/datasets/ImageNet/extracted/rec,/mnt/ssd1/joseph/cifar,imagenet,False,,"bn,max_pool,relu,fp_conv",False,float32,120,,"0,1",64,64,deepstem_grouped,gaussian,None,device,image-classification.log,100,0.001026,0.1,cosine,"30,60,90",cosine,densenet_flex,0.9,4,radam,meta/plot,,model,False,meta/eta,"2.7,2.7,2.7",model/densenet_flex_1bit_0021_acc_0.5906.params,model/densenet_flex_1bit_0021_acc_0.5906.states,1,123,,22,False,False,0,0.0,0.0,det_sign,meta/tblogs,59, 4353.144906,b75427ab9a420b4bd5cbc1472e05b558,0.628796,0.843370,0.585493,0.797834
11328328,10321920,43.21,5.07,5600000000.0,128850000.0,5470000000.0,214310000.0,det_sign,,medium,,32,1,1,"4,6,8,6",0,1.3,/mnt/ssd1/datasets/ImageNet/extracted/rec,/mnt/ssd1/joseph/cifar,imagenet,False,,"bn,max_pool,relu,fp_conv",False,float32,120,,"0,1",64,64,deepstem_grouped,gaussian,None,device,image-classification.log,100,0.001000,0.1,cosine,"30,60,90",cosine,densenet_flex,0.9,4,radam,meta/plot,,model,False,meta/eta,"2.7,2.7,2.7",model/densenet_flex_1bit_0021_acc_0.5906.params,model/densenet_flex_1bit_0021_acc_0.5906.states,1,123,,22,False,False,0,0.0,0.0,det_sign,meta/tblogs,60, 4370.357798,b75427ab9a420b4bd5cbc1472e05b558,0.631062,0.843010,0.586396,0.798298
11328328,10321920,43.21,5.07,5600000000.0,128850000.0,5470000000.0,214310000.0,det_sign,,medium,,32,1,1,"4,6,8,6",0,1.3,/mnt/ssd1/datasets/ImageNet/extracted/rec,/mnt/ssd1/joseph/cifar,imagenet,False,,"bn,max_pool,relu,fp_conv",False,float32,120,,"0,1",64,64,deepstem_grouped,gaussian,None,device,image-classification.log,100,0.000974,0.1,cosine,"30,60,90",cosine,densenet_flex,0.9,4,radam,meta/plot,,model,False,meta/eta,"2.7,2.7,2.7",model/densenet_flex_1bit_0021_acc_0.5906.params,model/densenet_flex_1bit_0021_acc_0.5906.states,1,123,,22,False,False,0,0.0,0.0,det_sign,meta/tblogs,61, 4360.367377,b75427ab9a420b4bd5cbc1472e05b558,0.628641,0.843970,0.587164,0.799413
11328328,10321920,43.21,5.07,5600000000.0,128850000.0,5470000000.0,214310000.0,det_sign,,medium,,32,1,1,"4,6,8,6",0,1.3,/mnt/ssd1/datasets/ImageNet/extracted/rec,/mnt/ssd1/joseph/cifar,imagenet,False,,"bn,max_pool,relu,fp_conv",False,float32,120,,"0,1",64,64,deepstem_grouped,gaussian,None,device,image-classification.log,100,0.000948,0.1,cosine,"30,60,90",cosine,densenet_flex,0.9,4,radam,meta/plot,,model,False,meta/eta,"2.7,2.7,2.7",model/densenet_flex_1bit_0021_acc_0.5906.params,model/densenet_flex_1bit_0021_acc_0.5906.states,1,123,,22,False,False,0,0.0,0.0,det_sign,meta/tblogs,62, 4361.683477,b75427ab9a420b4bd5cbc1472e05b558,0.629221,0.841749,0.588241,0.800195
11328328,10321920,43.21,5.07,5600000000.0,128850000.0,5470000000.0,214310000.0,det_sign,,medium,,32,1,1,"4,6,8,6",0,1.3,/mnt/ssd1/datasets/ImageNet/extracted/rec,/mnt/ssd1/joseph/cifar,imagenet,False,,"bn,max_pool,relu,fp_conv",False,float32,120,,"0,1",64,64,deepstem_grouped,gaussian,None,device,image-classification.log,100,0.000922,0.1,cosine,"30,60,90",cosine,densenet_flex,0.9,4,radam,meta/plot,,model,False,meta/eta,"2.7,2.7,2.7",model/densenet_flex_1bit_0021_acc_0.5906.params,model/densenet_flex_1bit_0021_acc_0.5906.states,1,123,,22,False,False,0,0.0,0.0,det_sign,meta/tblogs,63, 4370.390607,b75427ab9a420b4bd5cbc1472e05b558,0.630295,0.844729,0.589096,0.800427
11328328,10321920,43.21,5.07,5600000000.0,128850000.0,5470000000.0,214310000.0,det_sign,,medium,,32,1,1,"4,6,8,6",0,1.3,/mnt/ssd1/datasets/ImageNet/extracted/rec,/mnt/ssd1/joseph/cifar,imagenet,False,,"bn,max_pool,relu,fp_conv",False,float32,120,,"0,1",64,64,deepstem_grouped,gaussian,None,device,image-classification.log,100,0.000895,0.1,cosine,"30,60,90",cosine,densenet_flex,0.9,4,radam,meta/plot,,model,False,meta/eta,"2.7,2.7,2.7",model/densenet_flex_1bit_0021_acc_0.5906.params,model/densenet_flex_1bit_0021_acc_0.5906.states,1,123,,22,False,False,0,0.0,0.0,det_sign,meta/tblogs,64, 4353.944232,b75427ab9a420b4bd5cbc1472e05b558,0.631622,0.843370,0.590595,0.801732
11328328,10321920,43.21,5.07,5600000000.0,128850000.0,5470000000.0,214310000.0,det_sign,,medium,,32,1,1,"4,6,8,6",0,1.3,/mnt/ssd1/datasets/ImageNet/extracted/rec,/mnt/ssd1/joseph/cifar,imagenet,False,,"bn,max_pool,relu,fp_conv",False,float32,120,,"0,1",64,64,deepstem_grouped,gaussian,None,device,image-classification.log,100,0.000869,0.1,cosine,"30,60,90",cosine,densenet_flex,0.9,4,radam,meta/plot,,model,False,meta/eta,"2.7,2.7,2.7",model/densenet_flex_1bit_0021_acc_0.5906.params,model/densenet_flex_1bit_0021_acc_0.5906.states,1,123,,22,False,False,0,0.0,0.0,det_sign,meta/tblogs,65, 4343.385612,b75427ab9a420b4bd5cbc1472e05b558,0.636404,0.846531,0.591205,0.801984
11328328,10321920,43.21,5.07,5600000000.0,128850000.0,5470000000.0,214310000.0,det_sign,,medium,,32,1,1,"4,6,8,6",0,1.3,/mnt/ssd1/datasets/ImageNet/extracted/rec,/mnt/ssd1/joseph/cifar,imagenet,False,,"bn,max_pool,relu,fp_conv",False,float32,120,,"0,1",64,64,deepstem_grouped,gaussian,None,device,image-classification.log,100,0.000844,0.1,cosine,"30,60,90",cosine,densenet_flex,0.9,4,radam,meta/plot,,model,False,meta/eta,"2.7,2.7,2.7",model/densenet_flex_1bit_0021_acc_0.5906.params,model/densenet_flex_1bit_0021_acc_0.5906.states,1,123,,22,False,False,0,0.0,0.0,det_sign,meta/tblogs,66, 4335.562954,b75427ab9a420b4bd5cbc1472e05b558,0.633083,0.844650,0.592055,0.802926
11328328,10321920,43.21,5.07,5600000000.0,128850000.0,5470000000.0,214310000.0,det_sign,,medium,,32,1,1,"4,6,8,6",0,1.3,/mnt/ssd1/datasets/ImageNet/extracted/rec,/mnt/ssd1/joseph/cifar,imagenet,False,,"bn,max_pool,relu,fp_conv",False,float32,120,,"0,1",64,64,deepstem_grouped,gaussian,None,device,image-classification.log,100,0.000818,0.1,cosine,"30,60,90",cosine,densenet_flex,0.9,4,radam,meta/plot,,model,False,meta/eta,"2.7,2.7,2.7",model/densenet_flex_1bit_0021_acc_0.5906.params,model/densenet_flex_1bit_0021_acc_0.5906.states,1,123,,22,False,False,0,0.0,0.0,det_sign,meta/tblogs,67, 4338.971859,b75427ab9a420b4bd5cbc1472e05b558,0.634331,0.845588,0.593026,0.803625
11328328,10321920,43.21,5.07,5600000000.0,128850000.0,5470000000.0,214310000.0,det_sign,,medium,,32,1,1,"4,6,8,6",0,1.3,/mnt/ssd1/datasets/ImageNet/extracted/rec,/mnt/ssd1/joseph/cifar,imagenet,False,,"bn,max_pool,relu,fp_conv",False,float32,120,,"0,1",64,64,deepstem_grouped,gaussian,None,device,image-classification.log,100,0.000792,0.1,cosine,"30,60,90",cosine,densenet_flex,0.9,4,radam,meta/plot,,model,False,meta/eta,"2.7,2.7,2.7",model/densenet_flex_1bit_0021_acc_0.5906.params,model/densenet_flex_1bit_0021_acc_0.5906.states,1,123,,22,False,False,0,0.0,0.0,det_sign,meta/tblogs,68, 4342.065746,b75427ab9a420b4bd5cbc1472e05b558,0.632802,0.846451,0.593292,0.803149
11328328,10321920,43.21,5.07,5600000000.0,128850000.0,5470000000.0,214310000.0,det_sign,,medium,,32,1,1,"4,6,8,6",0,1.3,/mnt/ssd1/datasets/ImageNet/extracted/rec,/mnt/ssd1/joseph/cifar,imagenet,False,,"bn,max_pool,relu,fp_conv",False,float32,120,,"0,1",64,64,deepstem_grouped,gaussian,None,device,image-classification.log,100,0.000767,0.1,cosine,"30,60,90",cosine,densenet_flex,0.9,4,radam,meta/plot,,model,False,meta/eta,"2.7,2.7,2.7",model/densenet_flex_1bit_0021_acc_0.5906.params,model/densenet_flex_1bit_0021_acc_0.5906.states,1,123,,22,False,False,0,0.0,0.0,det_sign,meta/tblogs,69, 4337.967571,b75427ab9a420b4bd5cbc1472e05b558,0.632502,0.847171,0.594310,0.804349
11328328,10321920,43.21,5.07,5600000000.0,128850000.0,5470000000.0,214310000.0,det_sign,,medium,,32,1,1,"4,6,8,6",0,1.3,/mnt/ssd1/datasets/ImageNet/extracted/rec,/mnt/ssd1/joseph/cifar,imagenet,False,,"bn,max_pool,relu,fp_conv",False,float32,120,,"0,1",64,64,deepstem_grouped,gaussian,None,device,image-classification.log,100,0.000741,0.1,cosine,"30,60,90",cosine,densenet_flex,0.9,4,radam,meta/plot,,model,False,meta/eta,"2.7,2.7,2.7",model/densenet_flex_1bit_0021_acc_0.5906.params,model/densenet_flex_1bit_0021_acc_0.5906.states,1,123,,22,False,False,0,0.0,0.0,det_sign,meta/tblogs,70, 4335.815272,b75427ab9a420b4bd5cbc1472e05b558,0.634763,0.848612,0.595530,0.805847
11328328,10321920,43.21,5.07,5600000000.0,128850000.0,5470000000.0,214310000.0,det_sign,,medium,,32,1,1,"4,6,8,6",0,1.3,/mnt/ssd1/datasets/ImageNet/extracted/rec,/mnt/ssd1/joseph/cifar,imagenet,False,,"bn,max_pool,relu,fp_conv",False,float32,120,,"0,1",64,64,deepstem_grouped,gaussian,None,device,image-classification.log,100,0.000716,0.1,cosine,"30,60,90",cosine,densenet_flex,0.9,4,radam,meta/plot,,model,False,meta/eta,"2.7,2.7,2.7",model/densenet_flex_1bit_0021_acc_0.5906.params,model/densenet_flex_1bit_0021_acc_0.5906.states,1,123,,22,False,False,0,0.0,0.0,det_sign,meta/tblogs,71, 4341.207993,b75427ab9a420b4bd5cbc1472e05b558,0.637148,0.849824,0.596224,0.805874
11328328,10321920,43.21,5.07,5600000000.0,128850000.0,5470000000.0,214310000.0,det_sign,,medium,,32,1,1,"4,6,8,6",0,1.3,/mnt/ssd1/datasets/ImageNet/extracted/rec,/mnt/ssd1/joseph/cifar,imagenet,False,,"bn,max_pool,relu,fp_conv",False,float32,120,,"0,1",64,64,deepstem_grouped,gaussian,None,device,image-classification.log,100,0.000691,0.1,cosine,"30,60,90",cosine,densenet_flex,0.9,4,radam,meta/plot,,model,False,meta/eta,"2.7,2.7,2.7",model/densenet_flex_1bit_0021_acc_0.5906.params,model/densenet_flex_1bit_0021_acc_0.5906.states,1,123,,22,False,False,0,0.0,0.0,det_sign,meta/tblogs,72, 4330.682512,b75427ab9a420b4bd5cbc1472e05b558,0.637684,0.850352,0.597396,0.806747
11328328,10321920,43.21,5.07,5600000000.0,128850000.0,5470000000.0,214310000.0,det_sign,,medium,,32,1,1,"4,6,8,6",0,1.3,/mnt/ssd1/datasets/ImageNet/extracted/rec,/mnt/ssd1/joseph/cifar,imagenet,False,,"bn,max_pool,relu,fp_conv",False,float32,120,,"0,1",64,64,deepstem_grouped,gaussian,None,device,image-classification.log,100,0.000666,0.1,cosine,"30,60,90",cosine,densenet_flex,0.9,4,radam,meta/plot,,model,False,meta/eta,"2.7,2.7,2.7",model/densenet_flex_1bit_0021_acc_0.5906.params,model/densenet_flex_1bit_0021_acc_0.5906.states,1,123,,22,False,False,0,0.0,0.0,det_sign,meta/tblogs,73, 4334.369876,b75427ab9a420b4bd5cbc1472e05b558,0.635903,0.850292,0.598029,0.807189
11328328,10321920,43.21,5.07,5600000000.0,128850000.0,5470000000.0,214310000.0,det_sign,,medium,,32,1,1,"4,6,8,6",0,1.3,/mnt/ssd1/datasets/ImageNet/extracted/rec,/mnt/ssd1/joseph/cifar,imagenet,False,,"bn,max_pool,relu,fp_conv",False,float32,120,,"0,1",64,64,deepstem_grouped,gaussian,None,device,image-classification.log,100,0.000642,0.1,cosine,"30,60,90",cosine,densenet_flex,0.9,4,radam,meta/plot,,model,False,meta/eta,"2.7,2.7,2.7",model/densenet_flex_1bit_0021_acc_0.5906.params,model/densenet_flex_1bit_0021_acc_0.5906.states,1,123,,22,False,False,0,0.0,0.0,det_sign,meta/tblogs,74, 4336.212001,b75427ab9a420b4bd5cbc1472e05b558,0.639725,0.850392,0.599228,0.808073
11328328,10321920,43.21,5.07,5600000000.0,128850000.0,5470000000.0,214310000.0,det_sign,,medium,,32,1,1,"4,6,8,6",0,1.3,/mnt/ssd1/datasets/ImageNet/extracted/rec,/mnt/ssd1/joseph/cifar,imagenet,False,,"bn,max_pool,relu,fp_conv",False,float32,120,,"0,1",64,64,deepstem_grouped,gaussian,None,device,image-classification.log,100,0.000617,0.1,cosine,"30,60,90",cosine,densenet_flex,0.9,4,radam,meta/plot,,model,False,meta/eta,"2.7,2.7,2.7",model/densenet_flex_1bit_0021_acc_0.5906.params,model/densenet_flex_1bit_0021_acc_0.5906.states,1,123,,22,False,False,0,0.0,0.0,det_sign,meta/tblogs,75, 4331.809342,b75427ab9a420b4bd5cbc1472e05b558,0.638867,0.850204,0.600557,0.808517
11328328,10321920,43.21,5.07,5600000000.0,128850000.0,5470000000.0,214310000.0,det_sign,,medium,,32,1,1,"4,6,8,6",0,1.3,/mnt/ssd1/datasets/ImageNet/extracted/rec,/mnt/ssd1/joseph/cifar,imagenet,False,,"bn,max_pool,relu,fp_conv",False,float32,120,,"0,1",64,64,deepstem_grouped,gaussian,None,device,image-classification.log,100,0.000593,0.1,cosine,"30,60,90",cosine,densenet_flex,0.9,4,radam,meta/plot,,model,False,meta/eta,"2.7,2.7,2.7",model/densenet_flex_1bit_0021_acc_0.5906.params,model/densenet_flex_1bit_0021_acc_0.5906.states,1,123,,22,False,False,0,0.0,0.0,det_sign,meta/tblogs,76, 4337.610260,b75427ab9a420b4bd5cbc1472e05b558,0.640665,0.850892,0.600755,0.808987
11328328,10321920,43.21,5.07,5600000000.0,128850000.0,5470000000.0,214310000.0,det_sign,,medium,,32,1,1,"4,6,8,6",0,1.3,/mnt/ssd1/datasets/ImageNet/extracted/rec,/mnt/ssd1/joseph/cifar,imagenet,False,,"bn,max_pool,relu,fp_conv",False,float32,120,,"0,1",64,64,deepstem_grouped,gaussian,None,device,image-classification.log,100,0.000569,0.1,cosine,"30,60,90",cosine,densenet_flex,0.9,4,radam,meta/plot,,model,False,meta/eta,"2.7,2.7,2.7",model/densenet_flex_1bit_0021_acc_0.5906.params,model/densenet_flex_1bit_0021_acc_0.5906.states,1,123,,22,False,False,0,0.0,0.0,det_sign,meta/tblogs,77, 4337.300930,b75427ab9a420b4bd5cbc1472e05b558,0.640465,0.850252,0.602272,0.810097
11328328,10321920,43.21,5.07,5600000000.0,128850000.0,5470000000.0,214310000.0,det_sign,,medium,,32,1,1,"4,6,8,6",0,1.3,/mnt/ssd1/datasets/ImageNet/extracted/rec,/mnt/ssd1/joseph/cifar,imagenet,False,,"bn,max_pool,relu,fp_conv",False,float32,120,,"0,1",64,64,deepstem_grouped,gaussian,None,device,image-classification.log,100,0.000546,0.1,cosine,"30,60,90",cosine,densenet_flex,0.9,4,radam,meta/plot,,model,False,meta/eta,"2.7,2.7,2.7",model/densenet_flex_1bit_0021_acc_0.5906.params,model/densenet_flex_1bit_0021_acc_0.5906.states,1,123,,22,False,False,0,0.0,0.0,det_sign,meta/tblogs,78, 4338.850131,b75427ab9a420b4bd5cbc1472e05b558,0.640885,0.851112,0.602849,0.810916
11328328,10321920,43.21,5.07,5600000000.0,128850000.0,5470000000.0,214310000.0,det_sign,,medium,,32,1,1,"4,6,8,6",0,1.3,/mnt/ssd1/datasets/ImageNet/extracted/rec,/mnt/ssd1/joseph/cifar,imagenet,False,,"bn,max_pool,relu,fp_conv",False,float32,120,,"0,1",64,64,deepstem_grouped,gaussian,None,device,image-classification.log,100,0.000523,0.1,cosine,"30,60,90",cosine,densenet_flex,0.9,4,radam,meta/plot,,model,False,meta/eta,"2.7,2.7,2.7",model/densenet_flex_1bit_0021_acc_0.5906.params,model/densenet_flex_1bit_0021_acc_0.5906.states,1,123,,22,False,False,0,0.0,0.0,det_sign,meta/tblogs,79, 4339.447232,b75427ab9a420b4bd5cbc1472e05b558,0.641145,0.851463,0.602652,0.811040
11328328,10321920,43.21,5.07,5600000000.0,128850000.0,5470000000.0,214310000.0,det_sign,,medium,,32,1,1,"4,6,8,6",0,1.3,/mnt/ssd1/datasets/ImageNet/extracted/rec,/mnt/ssd1/joseph/cifar,imagenet,False,,"bn,max_pool,relu,fp_conv",False,float32,120,,"0,1",64,64,deepstem_grouped,gaussian,None,device,image-classification.log,100,0.000500,0.1,cosine,"30,60,90",cosine,densenet_flex,0.9,4,radam,meta/plot,,model,False,meta/eta,"2.7,2.7,2.7",model/densenet_flex_1bit_0021_acc_0.5906.params,model/densenet_flex_1bit_0021_acc_0.5906.states,1,123,,22,False,False,0,0.0,0.0,det_sign,meta/tblogs,80, 4336.025765,b75427ab9a420b4bd5cbc1472e05b558,0.639004,0.853333,0.604499,0.811650
11328328,10321920,43.21,5.07,5600000000.0,128850000.0,5470000000.0,214310000.0,det_sign,,medium,,32,1,1,"4,6,8,6",0,1.3,/mnt/ssd1/datasets/ImageNet/extracted/rec,/mnt/ssd1/joseph/cifar,imagenet,False,,"bn,max_pool,relu,fp_conv",False,float32,120,,"0,1",64,64,deepstem_grouped,gaussian,None,device,image-classification.log,100,0.000477,0.1,cosine,"30,60,90",cosine,densenet_flex,0.9,4,radam,meta/plot,,model,False,meta/eta,"2.7,2.7,2.7",model/densenet_flex_1bit_0021_acc_0.5906.params,model/densenet_flex_1bit_0021_acc_0.5906.states,1,123,,22,False,False,0,0.0,0.0,det_sign,meta/tblogs,81, 4340.199589,b75427ab9a420b4bd5cbc1472e05b558,0.644666,0.853293,0.605058,0.812053
11328328,10321920,43.21,5.07,5600000000.0,128850000.0,5470000000.0,214310000.0,det_sign,,medium,,32,1,1,"4,6,8,6",0,1.3,/mnt/ssd1/datasets/ImageNet/extracted/rec,/mnt/ssd1/joseph/cifar,imagenet,False,,"bn,max_pool,relu,fp_conv",False,float32,120,,"0,1",64,64,deepstem_grouped,gaussian,None,device,image-classification.log,100,0.000455,0.1,cosine,"30,60,90",cosine,densenet_flex,0.9,4,radam,meta/plot,,model,False,meta/eta,"2.7,2.7,2.7",model/densenet_flex_1bit_0021_acc_0.5906.params,model/densenet_flex_1bit_0021_acc_0.5906.states,1,123,,22,False,False,0,0.0,0.0,det_sign,meta/tblogs,82, 4353.252373,b75427ab9a420b4bd5cbc1472e05b558,0.642546,0.852273,0.605508,0.812344
11328328,10321920,43.21,5.07,5600000000.0,128850000.0,5470000000.0,214310000.0,det_sign,,medium,,32,1,1,"4,6,8,6",0,1.3,/mnt/ssd1/datasets/ImageNet/extracted/rec,/mnt/ssd1/joseph/cifar,imagenet,False,,"bn,max_pool,relu,fp_conv",False,float32,120,,"0,1",64,64,deepstem_grouped,gaussian,None,device,image-classification.log,100,0.000434,0.1,cosine,"30,60,90",cosine,densenet_flex,0.9,4,radam,meta/plot,,model,False,meta/eta,"2.7,2.7,2.7",model/densenet_flex_1bit_0021_acc_0.5906.params,model/densenet_flex_1bit_0021_acc_0.5906.states,1,123,,22,False,False,0,0.0,0.0,det_sign,meta/tblogs,83, 4345.957994,b75427ab9a420b4bd5cbc1472e05b558,0.642223,0.851822,0.606539,0.813163
11328328,10321920,43.21,5.07,5600000000.0,128850000.0,5470000000.0,214310000.0,det_sign,,medium,,32,1,1,"4,6,8,6",0,1.3,/mnt/ssd1/datasets/ImageNet/extracted/rec,/mnt/ssd1/joseph/cifar,imagenet,False,,"bn,max_pool,relu,fp_conv",False,float32,120,,"0,1",64,64,deepstem_grouped,gaussian,None,device,image-classification.log,100,0.000412,0.1,cosine,"30,60,90",cosine,densenet_flex,0.9,4,radam,meta/plot,,model,False,meta/eta,"2.7,2.7,2.7",model/densenet_flex_1bit_0021_acc_0.5906.params,model/densenet_flex_1bit_0021_acc_0.5906.states,1,123,,22,False,False,0,0.0,0.0,det_sign,meta/tblogs,84, 4346.769974,b75427ab9a420b4bd5cbc1472e05b558,0.642346,0.852673,0.607353,0.813687
11328328,10321920,43.21,5.07,5600000000.0,128850000.0,5470000000.0,214310000.0,det_sign,,medium,,32,1,1,"4,6,8,6",0,1.3,/mnt/ssd1/datasets/ImageNet/extracted/rec,/mnt/ssd1/joseph/cifar,imagenet,False,,"bn,max_pool,relu,fp_conv",False,float32,120,,"0,1",64,64,deepstem_grouped,gaussian,None,device,image-classification.log,100,0.000391,0.1,cosine,"30,60,90",cosine,densenet_flex,0.9,4,radam,meta/plot,,model,False,meta/eta,"2.7,2.7,2.7",model/densenet_flex_1bit_0021_acc_0.5906.params,model/densenet_flex_1bit_0021_acc_0.5906.states,1,123,,22,False,False,0,0.0,0.0,det_sign,meta/tblogs,85, 4342.651561,b75427ab9a420b4bd5cbc1472e05b558,0.641845,0.853333,0.608136,0.813722
11328328,10321920,43.21,5.07,5600000000.0,128850000.0,5470000000.0,214310000.0,det_sign,,medium,,32,1,1,"4,6,8,6",0,1.3,/mnt/ssd1/datasets/ImageNet/extracted/rec,/mnt/ssd1/joseph/cifar,imagenet,False,,"bn,max_pool,relu,fp_conv",False,float32,120,,"0,1",64,64,deepstem_grouped,gaussian,None,device,image-classification.log,100,0.000371,0.1,cosine,"30,60,90",cosine,densenet_flex,0.9,4,radam,meta/plot,,model,False,meta/eta,"2.7,2.7,2.7",model/densenet_flex_1bit_0021_acc_0.5906.params,model/densenet_flex_1bit_0021_acc_0.5906.states,1,123,,22,False,False,0,0.0,0.0,det_sign,meta/tblogs,86, 4342.406714,b75427ab9a420b4bd5cbc1472e05b558,0.644226,0.854333,0.608230,0.814700
11328328,10321920,43.21,5.07,5600000000.0,128850000.0,5470000000.0,214310000.0,det_sign,,medium,,32,1,1,"4,6,8,6",0,1.3,/mnt/ssd1/datasets/ImageNet/extracted/rec,/mnt/ssd1/joseph/cifar,imagenet,False,,"bn,max_pool,relu,fp_conv",False,float32,120,,"0,1",64,64,deepstem_grouped,gaussian,None,device,image-classification.log,100,0.000351,0.1,cosine,"30,60,90",cosine,densenet_flex,0.9,4,radam,meta/plot,,model,False,meta/eta,"2.7,2.7,2.7",model/densenet_flex_1bit_0021_acc_0.5906.params,model/densenet_flex_1bit_0021_acc_0.5906.states,1,123,,22,False,False,0,0.0,0.0,det_sign,meta/tblogs,87, 4347.263859,b75427ab9a420b4bd5cbc1472e05b558,0.644621,0.855059,0.609976,0.815411
11328328,10321920,43.21,5.07,5600000000.0,128850000.0,5470000000.0,214310000.0,det_sign,,medium,,32,1,1,"4,6,8,6",0,1.3,/mnt/ssd1/datasets/ImageNet/extracted/rec,/mnt/ssd1/joseph/cifar,imagenet,False,,"bn,max_pool,relu,fp_conv",False,float32,120,,"0,1",64,64,deepstem_grouped,gaussian,None,device,image-classification.log,100,0.000331,0.1,cosine,"30,60,90",cosine,densenet_flex,0.9,4,radam,meta/plot,,model,False,meta/eta,"2.7,2.7,2.7",model/densenet_flex_1bit_0021_acc_0.5906.params,model/densenet_flex_1bit_0021_acc_0.5906.states,1,123,,22,False,False,0,0.0,0.0,det_sign,meta/tblogs,88, 4341.666969,b75427ab9a420b4bd5cbc1472e05b558,0.644666,0.854914,0.609543,0.815588
11328328,10321920,43.21,5.07,5600000000.0,128850000.0,5470000000.0,214310000.0,det_sign,,medium,,32,1,1,"4,6,8,6",0,1.3,/mnt/ssd1/datasets/ImageNet/extracted/rec,/mnt/ssd1/joseph/cifar,imagenet,False,,"bn,max_pool,relu,fp_conv",False,float32,120,,"0,1",64,64,deepstem_grouped,gaussian,None,device,image-classification.log,100,0.000312,0.1,cosine,"30,60,90",cosine,densenet_flex,0.9,4,radam,meta/plot,,model,False,meta/eta,"2.7,2.7,2.7",model/densenet_flex_1bit_0021_acc_0.5906.params,model/densenet_flex_1bit_0021_acc_0.5906.states,1,123,,22,False,False,0,0.0,0.0,det_sign,meta/tblogs,89, 4345.040820,b75427ab9a420b4bd5cbc1472e05b558,0.644886,0.855294,0.610681,0.816293
11328328,10321920,43.21,5.07,5600000000.0,128850000.0,5470000000.0,214310000.0,det_sign,,medium,,32,1,1,"4,6,8,6",0,1.3,/mnt/ssd1/datasets/ImageNet/extracted/rec,/mnt/ssd1/joseph/cifar,imagenet,False,,"bn,max_pool,relu,fp_conv",False,float32,120,,"0,1",64,64,deepstem_grouped,gaussian,None,device,image-classification.log,100,0.000293,0.1,cosine,"30,60,90",cosine,densenet_flex,0.9,4,radam,meta/plot,,model,False,meta/eta,"2.7,2.7,2.7",model/densenet_flex_1bit_0021_acc_0.5906.params,model/densenet_flex_1bit_0021_acc_0.5906.states,1,123,,22,False,False,0,0.0,0.0,det_sign,meta/tblogs,90, 4342.939293,b75427ab9a420b4bd5cbc1472e05b558,0.646467,0.855914,0.611205,0.816536
11328328,10321920,43.21,5.07,5600000000.0,128850000.0,5470000000.0,214310000.0,det_sign,,medium,,32,1,1,"4,6,8,6",0,1.3,/mnt/ssd1/datasets/ImageNet/extracted/rec,/mnt/ssd1/joseph/cifar,imagenet,False,,"bn,max_pool,relu,fp_conv",False,float32,120,,"0,1",64,64,deepstem_grouped,gaussian,None,device,image-classification.log,100,0.000275,0.1,cosine,"30,60,90",cosine,densenet_flex,0.9,4,radam,meta/plot,,model,False,meta/eta,"2.7,2.7,2.7",model/densenet_flex_1bit_0021_acc_0.5906.params,model/densenet_flex_1bit_0021_acc_0.5906.states,1,123,,22,False,False,0,0.0,0.0,det_sign,meta/tblogs,91, 4343.547903,b75427ab9a420b4bd5cbc1472e05b558,0.648198,0.855199,0.612325,0.817480
11328328,10321920,43.21,5.07,5600000000.0,128850000.0,5470000000.0,214310000.0,det_sign,,medium,,32,1,1,"4,6,8,6",0,1.3,/mnt/ssd1/datasets/ImageNet/extracted/rec,/mnt/ssd1/joseph/cifar,imagenet,False,,"bn,max_pool,relu,fp_conv",False,float32,120,,"0,1",64,64,deepstem_grouped,gaussian,None,device,image-classification.log,100,0.000257,0.1,cosine,"30,60,90",cosine,densenet_flex,0.9,4,radam,meta/plot,,model,False,meta/eta,"2.7,2.7,2.7",model/densenet_flex_1bit_0021_acc_0.5906.params,model/densenet_flex_1bit_0021_acc_0.5906.states,1,123,,22,False,False,0,0.0,0.0,det_sign,meta/tblogs,92, 4347.258263,b75427ab9a420b4bd5cbc1472e05b558,0.648848,0.856474,0.612792,0.817719
11328328,10321920,43.21,5.07,5600000000.0,128850000.0,5470000000.0,214310000.0,det_sign,,medium,,32,1,1,"4,6,8,6",0,1.3,/mnt/ssd1/datasets/ImageNet/extracted/rec,/mnt/ssd1/joseph/cifar,imagenet,False,,"bn,max_pool,relu,fp_conv",False,float32,120,,"0,1",64,64,deepstem_grouped,gaussian,None,device,image-classification.log,100,0.000240,0.1,cosine,"30,60,90",cosine,densenet_flex,0.9,4,radam,meta/plot,,model,False,meta/eta,"2.7,2.7,2.7",model/densenet_flex_1bit_0021_acc_0.5906.params,model/densenet_flex_1bit_0021_acc_0.5906.states,1,123,,22,False,False,0,0.0,0.0,det_sign,meta/tblogs,93, 4350.308993,b75427ab9a420b4bd5cbc1472e05b558,0.647007,0.856874,0.613220,0.817794
11328328,10321920,43.21,5.07,5600000000.0,128850000.0,5470000000.0,214310000.0,det_sign,,medium,,32,1,1,"4,6,8,6",0,1.3,/mnt/ssd1/datasets/ImageNet/extracted/rec,/mnt/ssd1/joseph/cifar,imagenet,False,,"bn,max_pool,relu,fp_conv",False,float32,120,,"0,1",64,64,deepstem_grouped,gaussian,None,device,image-classification.log,100,0.000223,0.1,cosine,"30,60,90",cosine,densenet_flex,0.9,4,radam,meta/plot,,model,False,meta/eta,"2.7,2.7,2.7",model/densenet_flex_1bit_0021_acc_0.5906.params,model/densenet_flex_1bit_0021_acc_0.5906.states,1,123,,22,False,False,0,0.0,0.0,det_sign,meta/tblogs,94, 4347.852220,b75427ab9a420b4bd5cbc1472e05b558,0.646227,0.855474,0.613562,0.818022
11328328,10321920,43.21,5.07,5600000000.0,128850000.0,5470000000.0,214310000.0,det_sign,,medium,,32,1,1,"4,6,8,6",0,1.3,/mnt/ssd1/datasets/ImageNet/extracted/rec,/mnt/ssd1/joseph/cifar,imagenet,False,,"bn,max_pool,relu,fp_conv",False,float32,120,,"0,1",64,64,deepstem_grouped,gaussian,None,device,image-classification.log,100,0.000207,0.1,cosine,"30,60,90",cosine,densenet_flex,0.9,4,radam,meta/plot,,model,False,meta/eta,"2.7,2.7,2.7",model/densenet_flex_1bit_0021_acc_0.5906.params,model/densenet_flex_1bit_0021_acc_0.5906.states,1,123,,22,False,False,0,0.0,0.0,det_sign,meta/tblogs,95, 4350.348817,b75427ab9a420b4bd5cbc1472e05b558,0.649357,0.856478,0.614718,0.819137
11328328,10321920,43.21,5.07,5600000000.0,128850000.0,5470000000.0,214310000.0,det_sign,,medium,,32,1,1,"4,6,8,6",0,1.3,/mnt/ssd1/datasets/ImageNet/extracted/rec,/mnt/ssd1/joseph/cifar,imagenet,False,,"bn,max_pool,relu,fp_conv",False,float32,120,,"0,1",64,64,deepstem_grouped,gaussian,None,device,image-classification.log,100,0.000191,0.1,cosine,"30,60,90",cosine,densenet_flex,0.9,4,radam,meta/plot,,model,False,meta/eta,"2.7,2.7,2.7",model/densenet_flex_1bit_0021_acc_0.5906.params,model/densenet_flex_1bit_0021_acc_0.5906.states,1,123,,22,False,False,0,0.0,0.0,det_sign,meta/tblogs,96, 4347.720944,b75427ab9a420b4bd5cbc1472e05b558,0.648728,0.856654,0.615510,0.819138
11328328,10321920,43.21,5.07,5600000000.0,128850000.0,5470000000.0,214310000.0,det_sign,,medium,,32,1,1,"4,6,8,6",0,1.3,/mnt/ssd1/datasets/ImageNet/extracted/rec,/mnt/ssd1/joseph/cifar,imagenet,False,,"bn,max_pool,relu,fp_conv",False,float32,120,,"0,1",64,64,deepstem_grouped,gaussian,None,device,image-classification.log,100,0.000176,0.1,cosine,"30,60,90",cosine,densenet_flex,0.9,4,radam,meta/plot,,model,False,meta/eta,"2.7,2.7,2.7",model/densenet_flex_1bit_0021_acc_0.5906.params,model/densenet_flex_1bit_0021_acc_0.5906.states,1,123,,22,False,False,0,0.0,0.0,det_sign,meta/tblogs,97, 4350.468277,b75427ab9a420b4bd5cbc1472e05b558,0.651288,0.857935,0.615807,0.819742
11328328,10321920,43.21,5.07,5600000000.0,128850000.0,5470000000.0,214310000.0,det_sign,,medium,,32,1,1,"4,6,8,6",0,1.3,/mnt/ssd1/datasets/ImageNet/extracted/rec,/mnt/ssd1/joseph/cifar,imagenet,False,,"bn,max_pool,relu,fp_conv",False,float32,120,,"0,1",64,64,deepstem_grouped,gaussian,None,device,image-classification.log,100,0.000161,0.1,cosine,"30,60,90",cosine,densenet_flex,0.9,4,radam,meta/plot,,model,False,meta/eta,"2.7,2.7,2.7",model/densenet_flex_1bit_0021_acc_0.5906.params,model/densenet_flex_1bit_0021_acc_0.5906.states,1,123,,22,False,False,0,0.0,0.0,det_sign,meta/tblogs,98, 4346.222762,b75427ab9a420b4bd5cbc1472e05b558,0.651849,0.857815,0.617105,0.820347
11328328,10321920,43.21,5.07,5600000000.0,128850000.0,5470000000.0,214310000.0,det_sign,,medium,,32,1,1,"4,6,8,6",0,1.3,/mnt/ssd1/datasets/ImageNet/extracted/rec,/mnt/ssd1/joseph/cifar,imagenet,False,,"bn,max_pool,relu,fp_conv",False,float32,120,,"0,1",64,64,deepstem_grouped,gaussian,None,device,image-classification.log,100,0.000147,0.1,cosine,"30,60,90",cosine,densenet_flex,0.9,4,radam,meta/plot,,model,False,meta/eta,"2.7,2.7,2.7",model/densenet_flex_1bit_0021_acc_0.5906.params,model/densenet_flex_1bit_0021_acc_0.5906.states,1,123,,22,False,False,0,0.0,0.0,det_sign,meta/tblogs,99, 4348.142221,b75427ab9a420b4bd5cbc1472e05b558,0.650535,0.857537,0.616772,0.820411
11328328,10321920,43.21,5.07,5600000000.0,128850000.0,5470000000.0,214310000.0,det_sign,,medium,,32,1,1,"4,6,8,6",0,1.3,/mnt/ssd1/datasets/ImageNet/extracted/rec,/mnt/ssd1/joseph/cifar,imagenet,False,,"bn,max_pool,relu,fp_conv",False,float32,120,,"0,1",64,64,deepstem_grouped,gaussian,None,device,image-classification.log,100,0.000134,0.1,cosine,"30,60,90",cosine,densenet_flex,0.9,4,radam,meta/plot,,model,False,meta/eta,"2.7,2.7,2.7",model/densenet_flex_1bit_0021_acc_0.5906.params,model/densenet_flex_1bit_0021_acc_0.5906.states,1,123,,22,False,False,0,0.0,0.0,det_sign,meta/tblogs,100, 4344.025272,b75427ab9a420b4bd5cbc1472e05b558,0.651068,0.858435,0.617629,0.821204
11328328,10321920,43.21,5.07,5600000000.0,128850000.0,5470000000.0,214310000.0,det_sign,,medium,,32,1,1,"4,6,8,6",0,1.3,/mnt/ssd1/datasets/ImageNet/extracted/rec,/mnt/ssd1/joseph/cifar,imagenet,False,,"bn,max_pool,relu,fp_conv",False,float32,120,,"0,1",64,64,deepstem_grouped,gaussian,None,device,image-classification.log,100,0.000121,0.1,cosine,"30,60,90",cosine,densenet_flex,0.9,4,radam,meta/plot,,model,False,meta/eta,"2.7,2.7,2.7",model/densenet_flex_1bit_0021_acc_0.5906.params,model/densenet_flex_1bit_0021_acc_0.5906.states,1,123,,22,False,False,0,0.0,0.0,det_sign,meta/tblogs,101, 4348.949457,b75427ab9a420b4bd5cbc1472e05b558,0.651348,0.858635,0.618272,0.821454
11328328,10321920,43.21,5.07,5600000000.0,128850000.0,5470000000.0,214310000.0,det_sign,,medium,,32,1,1,"4,6,8,6",0,1.3,/mnt/ssd1/datasets/ImageNet/extracted/rec,/mnt/ssd1/joseph/cifar,imagenet,False,,"bn,max_pool,relu,fp_conv",False,float32,120,,"0,1",64,64,deepstem_grouped,gaussian,None,device,image-classification.log,100,0.000109,0.1,cosine,"30,60,90",cosine,densenet_flex,0.9,4,radam,meta/plot,,model,False,meta/eta,"2.7,2.7,2.7",model/densenet_flex_1bit_0021_acc_0.5906.params,model/densenet_flex_1bit_0021_acc_0.5906.states,1,123,,22,False,False,0,0.0,0.0,det_sign,meta/tblogs,102, 4345.473385,b75427ab9a420b4bd5cbc1472e05b558,0.651508,0.856834,0.619194,0.822062
11328328,10321920,43.21,5.07,5600000000.0,128850000.0,5470000000.0,214310000.0,det_sign,,medium,,32,1,1,"4,6,8,6",0,1.3,/mnt/ssd1/datasets/ImageNet/extracted/rec,/mnt/ssd1/joseph/cifar,imagenet,False,,"bn,max_pool,relu,fp_conv",False,float32,120,,"0,1",64,64,deepstem_grouped,gaussian,None,device,image-classification.log,100,0.000097,0.1,cosine,"30,60,90",cosine,densenet_flex,0.9,4,radam,meta/plot,,model,False,meta/eta,"2.7,2.7,2.7",model/densenet_flex_1bit_0021_acc_0.5906.params,model/densenet_flex_1bit_0021_acc_0.5906.states,1,123,,22,False,False,0,0.0,0.0,det_sign,meta/tblogs,103, 4349.485755,b75427ab9a420b4bd5cbc1472e05b558,0.652773,0.858216,0.619731,0.822028
11328328,10321920,43.21,5.07,5600000000.0,128850000.0,5470000000.0,214310000.0,det_sign,,medium,,32,1,1,"4,6,8,6",0,1.3,/mnt/ssd1/datasets/ImageNet/extracted/rec,/mnt/ssd1/joseph/cifar,imagenet,False,,"bn,max_pool,relu,fp_conv",False,float32,120,,"0,1",64,64,deepstem_grouped,gaussian,None,device,image-classification.log,100,0.000086,0.1,cosine,"30,60,90",cosine,densenet_flex,0.9,4,radam,meta/plot,,model,False,meta/eta,"2.7,2.7,2.7",model/densenet_flex_1bit_0021_acc_0.5906.params,model/densenet_flex_1bit_0021_acc_0.5906.states,1,123,,22,False,False,0,0.0,0.0,det_sign,meta/tblogs,104, 4347.244735,b75427ab9a420b4bd5cbc1472e05b558,0.652489,0.859575,0.620771,0.823169
11328328,10321920,43.21,5.07,5600000000.0,128850000.0,5470000000.0,214310000.0,det_sign,,medium,,32,1,1,"4,6,8,6",0,1.3,/mnt/ssd1/datasets/ImageNet/extracted/rec,/mnt/ssd1/joseph/cifar,imagenet,False,,"bn,max_pool,relu,fp_conv",False,float32,120,,"0,1",64,64,deepstem_grouped,gaussian,None,device,image-classification.log,100,0.000076,0.1,cosine,"30,60,90",cosine,densenet_flex,0.9,4,radam,meta/plot,,model,False,meta/eta,"2.7,2.7,2.7",model/densenet_flex_1bit_0021_acc_0.5906.params,model/densenet_flex_1bit_0021_acc_0.5906.states,1,123,,22,False,False,0,0.0,0.0,det_sign,meta/tblogs,105, 4350.391034,b75427ab9a420b4bd5cbc1472e05b558,0.652229,0.860115,0.620382,0.823311
11328328,10321920,43.21,5.07,5600000000.0,128850000.0,5470000000.0,214310000.0,det_sign,,medium,,32,1,1,"4,6,8,6",0,1.3,/mnt/ssd1/datasets/ImageNet/extracted/rec,/mnt/ssd1/joseph/cifar,imagenet,False,,"bn,max_pool,relu,fp_conv",False,float32,120,,"0,1",64,64,deepstem_grouped,gaussian,None,device,image-classification.log,100,0.000066,0.1,cosine,"30,60,90",cosine,densenet_flex,0.9,4,radam,meta/plot,,model,False,meta/eta,"2.7,2.7,2.7",model/densenet_flex_1bit_0021_acc_0.5906.params,model/densenet_flex_1bit_0021_acc_0.5906.states,1,123,,22,False,False,0,0.0,0.0,det_sign,meta/tblogs,106, 4346.051963,b75427ab9a420b4bd5cbc1472e05b558,0.653029,0.859975,0.620952,0.823474
11328328,10321920,43.21,5.07,5600000000.0,128850000.0,5470000000.0,214310000.0,det_sign,,medium,,32,1,1,"4,6,8,6",0,1.3,/mnt/ssd1/datasets/ImageNet/extracted/rec,/mnt/ssd1/joseph/cifar,imagenet,False,,"bn,max_pool,relu,fp_conv",False,float32,120,,"0,1",64,64,deepstem_grouped,gaussian,None,device,image-classification.log,100,0.000057,0.1,cosine,"30,60,90",cosine,densenet_flex,0.9,4,radam,meta/plot,,model,False,meta/eta,"2.7,2.7,2.7",model/densenet_flex_1bit_0021_acc_0.5906.params,model/densenet_flex_1bit_0021_acc_0.5906.states,1,123,,22,False,False,0,0.0,0.0,det_sign,meta/tblogs,107, 4349.088417,b75427ab9a420b4bd5cbc1472e05b558,0.651894,0.859575,0.622243,0.824466
11328328,10321920,43.21,5.07,5600000000.0,128850000.0,5470000000.0,214310000.0,det_sign,,medium,,32,1,1,"4,6,8,6",0,1.3,/mnt/ssd1/datasets/ImageNet/extracted/rec,/mnt/ssd1/joseph/cifar,imagenet,False,,"bn,max_pool,relu,fp_conv",False,float32,120,,"0,1",64,64,deepstem_grouped,gaussian,None,device,image-classification.log,100,0.000049,0.1,cosine,"30,60,90",cosine,densenet_flex,0.9,4,radam,meta/plot,,model,False,meta/eta,"2.7,2.7,2.7",model/densenet_flex_1bit_0021_acc_0.5906.params,model/densenet_flex_1bit_0021_acc_0.5906.states,1,123,,22,False,False,0,0.0,0.0,det_sign,meta/tblogs,108, 4344.341685,b75427ab9a420b4bd5cbc1472e05b558,0.652989,0.860375,0.622264,0.824464
11328328,10321920,43.21,5.07,5600000000.0,128850000.0,5470000000.0,214310000.0,det_sign,,medium,,32,1,1,"4,6,8,6",0,1.3,/mnt/ssd1/datasets/ImageNet/extracted/rec,/mnt/ssd1/joseph/cifar,imagenet,False,,"bn,max_pool,relu,fp_conv",False,float32,120,,"0,1",64,64,deepstem_grouped,gaussian,None,device,image-classification.log,100,0.000041,0.1,cosine,"30,60,90",cosine,densenet_flex,0.9,4,radam,meta/plot,,model,False,meta/eta,"2.7,2.7,2.7",model/densenet_flex_1bit_0021_acc_0.5906.params,model/densenet_flex_1bit_0021_acc_0.5906.states,1,123,,22,False,False,0,0.0,0.0,det_sign,meta/tblogs,109, 4345.462648,b75427ab9a420b4bd5cbc1472e05b558,0.655010,0.861556,0.623463,0.824742
11328328,10321920,43.21,5.07,5600000000.0,128850000.0,5470000000.0,214310000.0,det_sign,,medium,,32,1,1,"4,6,8,6",0,1.3,/mnt/ssd1/datasets/ImageNet/extracted/rec,/mnt/ssd1/joseph/cifar,imagenet,False,,"bn,max_pool,relu,fp_conv",False,float32,120,,"0,1",64,64,deepstem_grouped,gaussian,None,device,image-classification.log,100,0.000034,0.1,cosine,"30,60,90",cosine,densenet_flex,0.9,4,radam,meta/plot,,model,False,meta/eta,"2.7,2.7,2.7",model/densenet_flex_1bit_0021_acc_0.5906.params,model/densenet_flex_1bit_0021_acc_0.5906.states,1,123,,22,False,False,0,0.0,0.0,det_sign,meta/tblogs,110, 4342.799564,b75427ab9a420b4bd5cbc1472e05b558,0.655610,0.860635,0.622689,0.824509
11328328,10321920,43.21,5.07,5600000000.0,128850000.0,5470000000.0,214310000.0,det_sign,,medium,,32,1,1,"4,6,8,6",0,1.3,/mnt/ssd1/datasets/ImageNet/extracted/rec,/mnt/ssd1/joseph/cifar,imagenet,False,,"bn,max_pool,relu,fp_conv",False,float32,120,,"0,1",64,64,deepstem_grouped,gaussian,None,device,image-classification.log,100,0.000028,0.1,cosine,"30,60,90",cosine,densenet_flex,0.9,4,radam,meta/plot,,model,False,meta/eta,"2.7,2.7,2.7",model/densenet_flex_1bit_0021_acc_0.5906.params,model/densenet_flex_1bit_0021_acc_0.5906.states,1,123,,22,False,False,0,0.0,0.0,det_sign,meta/tblogs,111, 4347.212991,b75427ab9a420b4bd5cbc1472e05b558,0.653473,0.860254,0.623607,0.825086
11328328,10321920,43.21,5.07,5600000000.0,128850000.0,5470000000.0,214310000.0,det_sign,,medium,,32,1,1,"4,6,8,6",0,1.3,/mnt/ssd1/datasets/ImageNet/extracted/rec,/mnt/ssd1/joseph/cifar,imagenet,False,,"bn,max_pool,relu,fp_conv",False,float32,120,,"0,1",64,64,deepstem_grouped,gaussian,None,device,image-classification.log,100,0.000022,0.1,cosine,"30,60,90",cosine,densenet_flex,0.9,4,radam,meta/plot,,model,False,meta/eta,"2.7,2.7,2.7",model/densenet_flex_1bit_0021_acc_0.5906.params,model/densenet_flex_1bit_0021_acc_0.5906.states,1,123,,22,False,False,0,0.0,0.0,det_sign,meta/tblogs,112, 4344.364095,b75427ab9a420b4bd5cbc1472e05b558,0.656510,0.861056,0.625119,0.825904
11328328,10321920,43.21,5.07,5600000000.0,128850000.0,5470000000.0,214310000.0,det_sign,,medium,,32,1,1,"4,6,8,6",0,1.3,/mnt/ssd1/datasets/ImageNet/extracted/rec,/mnt/ssd1/joseph/cifar,imagenet,False,,"bn,max_pool,relu,fp_conv",False,float32,120,,"0,1",64,64,deepstem_grouped,gaussian,None,device,image-classification.log,100,0.000017,0.1,cosine,"30,60,90",cosine,densenet_flex,0.9,4,radam,meta/plot,,model,False,meta/eta,"2.7,2.7,2.7",model/densenet_flex_1bit_0021_acc_0.5906.params,model/densenet_flex_1bit_0021_acc_0.5906.states,1,123,,22,False,False,0,0.0,0.0,det_sign,meta/tblogs,113, 4349.841960,b75427ab9a420b4bd5cbc1472e05b558,0.654109,0.861716,0.625074,0.826337
11328328,10321920,43.21,5.07,5600000000.0,128850000.0,5470000000.0,214310000.0,det_sign,,medium,,32,1,1,"4,6,8,6",0,1.3,/mnt/ssd1/datasets/ImageNet/extracted/rec,/mnt/ssd1/joseph/cifar,imagenet,False,,"bn,max_pool,relu,fp_conv",False,float32,120,,"0,1",64,64,deepstem_grouped,gaussian,None,device,image-classification.log,100,0.000012,0.1,cosine,"30,60,90",cosine,densenet_flex,0.9,4,radam,meta/plot,,model,False,meta/eta,"2.7,2.7,2.7",model/densenet_flex_1bit_0021_acc_0.5906.params,model/densenet_flex_1bit_0021_acc_0.5906.states,1,123,,22,False,False,0,0.0,0.0,det_sign,meta/tblogs,114, 4346.704152,b75427ab9a420b4bd5cbc1472e05b558,0.655330,0.861296,0.625913,0.826835
11328328,10321920,43.21,5.07,5600000000.0,128850000.0,5470000000.0,214310000.0,det_sign,,medium,,32,1,1,"4,6,8,6",0,1.3,/mnt/ssd1/datasets/ImageNet/extracted/rec,/mnt/ssd1/joseph/cifar,imagenet,False,,"bn,max_pool,relu,fp_conv",False,float32,120,,"0,1",64,64,deepstem_grouped,gaussian,None,device,image-classification.log,100,0.000009,0.1,cosine,"30,60,90",cosine,densenet_flex,0.9,4,radam,meta/plot,,model,False,meta/eta,"2.7,2.7,2.7",model/densenet_flex_1bit_0021_acc_0.5906.params,model/densenet_flex_1bit_0021_acc_0.5906.states,1,123,,22,False,False,0,0.0,0.0,det_sign,meta/tblogs,115, 4346.576476,b75427ab9a420b4bd5cbc1472e05b558,0.656310,0.861933,0.625531,0.826720
11328328,10321920,43.21,5.07,5600000000.0,128850000.0,5470000000.0,214310000.0,det_sign,,medium,,32,1,1,"4,6,8,6",0,1.3,/mnt/ssd1/datasets/ImageNet/extracted/rec,/mnt/ssd1/joseph/cifar,imagenet,False,,"bn,max_pool,relu,fp_conv",False,float32,120,,"0,1",64,64,deepstem_grouped,gaussian,None,device,image-classification.log,100,0.000005,0.1,cosine,"30,60,90",cosine,densenet_flex,0.9,4,radam,meta/plot,,model,False,meta/eta,"2.7,2.7,2.7",model/densenet_flex_1bit_0021_acc_0.5906.params,model/densenet_flex_1bit_0021_acc_0.5906.states,1,123,,22,False,False,0,0.0,0.0,det_sign,meta/tblogs,116, 4346.265074,b75427ab9a420b4bd5cbc1472e05b558,0.656610,0.861556,0.625958,0.826394
11328328,10321920,43.21,5.07,5600000000.0,128850000.0,5470000000.0,214310000.0,det_sign,,medium,,32,1,1,"4,6,8,6",0,1.3,/mnt/ssd1/datasets/ImageNet/extracted/rec,/mnt/ssd1/joseph/cifar,imagenet,False,,"bn,max_pool,relu,fp_conv",False,float32,120,,"0,1",64,64,deepstem_grouped,gaussian,None,device,image-classification.log,100,0.000003,0.1,cosine,"30,60,90",cosine,densenet_flex,0.9,4,radam,meta/plot,,model,False,meta/eta,"2.7,2.7,2.7",model/densenet_flex_1bit_0021_acc_0.5906.params,model/densenet_flex_1bit_0021_acc_0.5906.states,1,123,,22,False,False,0,0.0,0.0,det_sign,meta/tblogs,117, 4345.492331,b75427ab9a420b4bd5cbc1472e05b558,0.657050,0.861196,0.626434,0.827144
11328328,10321920,43.21,5.07,5600000000.0,128850000.0,5470000000.0,214310000.0,det_sign,,medium,,32,1,1,"4,6,8,6",0,1.3,/mnt/ssd1/datasets/ImageNet/extracted/rec,/mnt/ssd1/joseph/cifar,imagenet,False,,"bn,max_pool,relu,fp_conv",False,float32,120,,"0,1",64,64,deepstem_grouped,gaussian,None,device,image-classification.log,100,0.000001,0.1,cosine,"30,60,90",cosine,densenet_flex,0.9,4,radam,meta/plot,,model,False,meta/eta,"2.7,2.7,2.7",model/densenet_flex_1bit_0021_acc_0.5906.params,model/densenet_flex_1bit_0021_acc_0.5906.states,1,123,,22,False,False,0,0.0,0.0,det_sign,meta/tblogs,118, 4351.991344,b75427ab9a420b4bd5cbc1472e05b558,0.658131,0.861956,0.626890,0.827506
11328328,10321920,43.21,5.07,5600000000.0,128850000.0,5470000000.0,214310000.0,det_sign,,medium,,32,1,1,"4,6,8,6",0,1.3,/mnt/ssd1/datasets/ImageNet/extracted/rec,/mnt/ssd1/joseph/cifar,imagenet,False,,"bn,max_pool,relu,fp_conv",False,float32,120,,"0,1",64,64,deepstem_grouped,gaussian,None,device,image-classification.log,100,0.000000,0.1,cosine,"30,60,90",cosine,densenet_flex,0.9,4,radam,meta/plot,,model,False,meta/eta,"2.7,2.7,2.7",model/densenet_flex_1bit_0021_acc_0.5906.params,model/densenet_flex_1bit_0021_acc_0.5906.states,1,123,,22,False,False,0,0.0,0.0,det_sign,meta/tblogs,119, 4342.328362,b75427ab9a420b4bd5cbc1472e05b558,0.656410,0.862632,0.627163,0.827849
11328328,10321920,43.21,5.07,5600000000.0,128850000.0,5470000000.0,214310000.0,det_sign,,medium,,32,1,1,"4,6,8,6",0,1.3,/mnt/ssd1/datasets/ImageNet/extracted/rec,/mnt/ssd1/joseph/cifar,imagenet,False,,"bn,max_pool,relu,fp_conv",False,float32,120,,"0,1",64,64,deepstem_grouped,gaussian,None,device,image-classification.log,100,0.000000,0.1,cosine,"30,60,90",cosine,densenet_flex,0.9,4,radam,meta/plot,,model,False,meta/eta,"2.7,2.7,2.7",model/densenet_flex_1bit_0021_acc_0.5906.params,model/densenet_flex_1bit_0021_acc_0.5906.states,1,123,,22,False,False,0,0.0,0.0,det_sign,meta/tblogs,120, 4346.625173,b75427ab9a420b4bd5cbc1472e05b558,0.656350,0.860635,0.627241,0.827465
