add_relu_to_downsample,augmentation_level,batch_norm,batch_size,bits,bits_a,builtin_profiler,clip_threshold,data_dir,data_path,dataset,dry_run,dtype,epochs,fp_downsample_sc,gpus,growth_rate,init_features,initialization,kvstore,log,log_interval,lr,lr_factor,lr_steps,mean_subtraction,mode,model,momentum,num_workers,optimizer,plot_network,pool_downsample_sc,prefix,profile,reduction,resume,save_frequency,seed,slices,start_epoch,use_approx_sign,use_pretrained,wd,write_summary,epoch,time,exp_folder_name,val_acc,val_acc_top_k_5,train_acc,train_acc_top_k_5
False,3,False,128,1,1,0,1.0,/home/joseph/systematic-evaluation/data/imagenet1k,/home/joseph/Projects/binary-networks/data,cifar10,False,float32,150,True,0,128,128,gaussian,device,image-classification.log,50,0.01,0.3,"75,100,125",False,imperative,densenet21,0.9,4,adam,meta/plot,False,model,False,"2,2,2",,10,123,1,0,False,False,0.0,meta/tblogs'),1,,.,0.383208,0.883505,0.316736,0.826646
False,3,False,128,1,1,0,1.0,/home/joseph/systematic-evaluation/data/imagenet1k,/home/joseph/Projects/binary-networks/data,cifar10,False,float32,150,True,0,128,128,gaussian,device,image-classification.log,50,0.01,0.3,"75,100,125",False,imperative,densenet21,0.9,4,adam,meta/plot,False,model,False,"2,2,2",,10,123,1,0,False,False,0.0,meta/tblogs'),2,,.,0.414764,0.900441,0.454404,0.913203
False,3,False,128,1,1,0,1.0,/home/joseph/systematic-evaluation/data/imagenet1k,/home/joseph/Projects/binary-networks/data,cifar10,False,float32,150,True,0,128,128,gaussian,device,image-classification.log,50,0.01,0.3,"75,100,125",False,imperative,densenet21,0.9,4,adam,meta/plot,False,model,False,"2,2,2",,10,123,1,0,False,False,0.0,meta/tblogs'),3,,.,0.530449,0.923678,0.527724,0.935757
False,3,False,128,1,1,0,1.0,/home/joseph/systematic-evaluation/data/imagenet1k,/home/joseph/Projects/binary-networks/data,cifar10,False,float32,150,True,0,128,128,gaussian,device,image-classification.log,50,0.01,0.3,"75,100,125",False,imperative,densenet21,0.9,4,adam,meta/plot,False,model,False,"2,2,2",,10,123,1,0,False,False,0.0,meta/tblogs'),4,,.,0.577825,0.944812,0.581142,0.949968
False,3,False,128,1,1,0,1.0,/home/joseph/systematic-evaluation/data/imagenet1k,/home/joseph/Projects/binary-networks/data,cifar10,False,float32,150,True,0,128,128,gaussian,device,image-classification.log,50,0.01,0.3,"75,100,125",False,imperative,densenet21,0.9,4,adam,meta/plot,False,model,False,"2,2,2",,10,123,1,0,False,False,0.0,meta/tblogs'),5,,.,0.552384,0.933894,0.622762,0.960558
False,3,False,128,1,1,0,1.0,/home/joseph/systematic-evaluation/data/imagenet1k,/home/joseph/Projects/binary-networks/data,cifar10,False,float32,150,True,0,128,128,gaussian,device,image-classification.log,50,0.01,0.3,"75,100,125",False,imperative,densenet21,0.9,4,adam,meta/plot,False,model,False,"2,2,2",,10,123,1,0,False,False,0.0,meta/tblogs'),6,,.,0.626803,0.955929,0.650501,0.966867
False,3,False,128,1,1,0,1.0,/home/joseph/systematic-evaluation/data/imagenet1k,/home/joseph/Projects/binary-networks/data,cifar10,False,float32,150,True,0,128,128,gaussian,device,image-classification.log,50,0.01,0.3,"75,100,125",False,imperative,densenet21,0.9,4,adam,meta/plot,False,model,False,"2,2,2",,10,123,1,0,False,False,0.0,meta/tblogs'),7,,.,0.643429,0.967348,0.672514,0.972207
False,3,False,128,1,1,0,1.0,/home/joseph/systematic-evaluation/data/imagenet1k,/home/joseph/Projects/binary-networks/data,cifar10,False,float32,150,True,0,128,128,gaussian,device,image-classification.log,50,0.01,0.3,"75,100,125",False,imperative,densenet21,0.9,4,adam,meta/plot,False,model,False,"2,2,2",,10,123,1,0,False,False,0.0,meta/tblogs'),8,,.,0.695513,0.977464,0.691526,0.975300
False,3,False,128,1,1,0,1.0,/home/joseph/systematic-evaluation/data/imagenet1k,/home/joseph/Projects/binary-networks/data,cifar10,False,float32,150,True,0,128,128,gaussian,device,image-classification.log,50,0.01,0.3,"75,100,125",False,imperative,densenet21,0.9,4,adam,meta/plot,False,model,False,"2,2,2",,10,123,1,0,False,False,0.0,meta/tblogs'),9,,.,0.683841,0.970431,0.708680,0.977482
False,3,False,128,1,1,0,1.0,/home/joseph/systematic-evaluation/data/imagenet1k,/home/joseph/Projects/binary-networks/data,cifar10,False,float32,150,True,0,128,128,gaussian,device,image-classification.log,50,0.01,0.3,"75,100,125",False,imperative,densenet21,0.9,4,adam,meta/plot,False,model,False,"2,2,2",,10,123,1,0,False,False,0.0,meta/tblogs'),10,,.,0.665966,0.972456,0.724245,0.980818
False,3,False,128,1,1,0,1.0,/home/joseph/systematic-evaluation/data/imagenet1k,/home/joseph/Projects/binary-networks/data,cifar10,False,float32,150,True,0,128,128,gaussian,device,image-classification.log,50,0.01,0.3,"75,100,125",False,imperative,densenet21,0.9,4,adam,meta/plot,False,model,False,"2,2,2",,10,123,1,0,False,False,0.0,meta/tblogs'),11,,.,0.707031,0.981671,0.735357,0.982372
False,3,False,128,1,1,0,1.0,/home/joseph/systematic-evaluation/data/imagenet1k,/home/joseph/Projects/binary-networks/data,cifar10,False,float32,150,True,0,128,128,gaussian,device,image-classification.log,50,0.01,0.3,"75,100,125",False,imperative,densenet21,0.9,4,adam,meta/plot,False,model,False,"2,2,2",,10,123,1,0,False,False,0.0,meta/tblogs'),12,,.,0.725060,0.979367,0.748262,0.983796
False,3,False,128,1,1,0,1.0,/home/joseph/systematic-evaluation/data/imagenet1k,/home/joseph/Projects/binary-networks/data,cifar10,False,float32,150,True,0,128,128,gaussian,device,image-classification.log,50,0.01,0.3,"75,100,125",False,imperative,densenet21,0.9,4,adam,meta/plot,False,model,False,"2,2,2",,10,123,1,0,False,False,0.0,meta/tblogs'),13,,.,0.736679,0.981270,0.760490,0.986013
False,3,False,128,1,1,0,1.0,/home/joseph/systematic-evaluation/data/imagenet1k,/home/joseph/Projects/binary-networks/data,cifar10,False,float32,150,True,0,128,128,gaussian,device,image-classification.log,50,0.01,0.3,"75,100,125",False,imperative,densenet21,0.9,4,adam,meta/plot,False,model,False,"2,2,2",,10,123,1,0,False,False,0.0,meta/tblogs'),14,,.,0.723558,0.976863,0.764163,0.986899
False,3,False,128,1,1,0,1.0,/home/joseph/systematic-evaluation/data/imagenet1k,/home/joseph/Projects/binary-networks/data,cifar10,False,float32,150,True,0,128,128,gaussian,device,image-classification.log,50,0.01,0.3,"75,100,125",False,imperative,densenet21,0.9,4,adam,meta/plot,False,model,False,"2,2,2",,10,123,1,0,False,False,0.0,meta/tblogs'),15,,.,0.755909,0.983974,0.773537,0.987692
False,3,False,128,1,1,0,1.0,/home/joseph/systematic-evaluation/data/imagenet1k,/home/joseph/Projects/binary-networks/data,cifar10,False,float32,150,True,0,128,128,gaussian,device,image-classification.log,50,0.01,0.3,"75,100,125",False,imperative,densenet21,0.9,4,adam,meta/plot,False,model,False,"2,2,2",,10,123,1,0,False,False,0.0,meta/tblogs'),16,,.,0.752504,0.985176,0.784155,0.988762
False,3,False,128,1,1,0,1.0,/home/joseph/systematic-evaluation/data/imagenet1k,/home/joseph/Projects/binary-networks/data,cifar10,False,float32,150,True,0,128,128,gaussian,device,image-classification.log,50,0.01,0.3,"75,100,125",False,imperative,densenet21,0.9,4,adam,meta/plot,False,model,False,"2,2,2",,10,123,1,0,False,False,0.0,meta/tblogs'),17,,.,0.763746,0.986155,0.790841,0.989090
False,3,False,128,1,1,0,1.0,/home/joseph/systematic-evaluation/data/imagenet1k,/home/joseph/Projects/binary-networks/data,cifar10,False,float32,150,True,0,128,128,gaussian,device,image-classification.log,50,0.01,0.3,"75,100,125",False,imperative,densenet21,0.9,4,adam,meta/plot,False,model,False,"2,2,2",,10,123,1,0,False,False,0.0,meta/tblogs'),18,,.,0.789764,0.986979,0.795316,0.989450
False,3,False,128,1,1,0,1.0,/home/joseph/systematic-evaluation/data/imagenet1k,/home/joseph/Projects/binary-networks/data,cifar10,False,float32,150,True,0,128,128,gaussian,device,image-classification.log,50,0.01,0.3,"75,100,125",False,imperative,densenet21,0.9,4,adam,meta/plot,False,model,False,"2,2,2",,10,123,1,0,False,False,0.0,meta/tblogs'),19,,.,0.768630,0.986378,0.796675,0.990004
False,3,False,128,1,1,0,1.0,/home/joseph/systematic-evaluation/data/imagenet1k,/home/joseph/Projects/binary-networks/data,cifar10,False,float32,150,True,0,128,128,gaussian,device,image-classification.log,50,0.01,0.3,"75,100,125",False,imperative,densenet21,0.9,4,adam,meta/plot,False,model,False,"2,2,2",,10,123,1,0,False,False,0.0,meta/tblogs'),20,,.,0.795272,0.989884,0.806506,0.990929
False,3,False,128,1,1,0,1.0,/home/joseph/systematic-evaluation/data/imagenet1k,/home/joseph/Projects/binary-networks/data,cifar10,False,float32,150,True,0,128,128,gaussian,device,image-classification.log,50,0.01,0.3,"75,100,125",False,imperative,densenet21,0.9,4,adam,meta/plot,False,model,False,"2,2,2",,10,123,1,0,False,False,0.0,meta/tblogs'),21,,.,0.775641,0.989383,0.810042,0.991268
False,3,False,128,1,1,0,1.0,/home/joseph/systematic-evaluation/data/imagenet1k,/home/joseph/Projects/binary-networks/data,cifar10,False,float32,150,True,0,128,128,gaussian,device,image-classification.log,50,0.01,0.3,"75,100,125",False,imperative,densenet21,0.9,4,adam,meta/plot,False,model,False,"2,2,2",,10,123,1,0,False,False,0.0,meta/tblogs'),22,,.,0.780549,0.987079,0.814063,0.991026
False,3,False,128,1,1,0,1.0,/home/joseph/systematic-evaluation/data/imagenet1k,/home/joseph/Projects/binary-networks/data,cifar10,False,float32,150,True,0,128,128,gaussian,device,image-classification.log,50,0.01,0.3,"75,100,125",False,imperative,densenet21,0.9,4,adam,meta/plot,False,model,False,"2,2,2",,10,123,1,0,False,False,0.0,meta/tblogs'),23,,.,0.791366,0.987680,0.816516,0.991688
False,3,False,128,1,1,0,1.0,/home/joseph/systematic-evaluation/data/imagenet1k,/home/joseph/Projects/binary-networks/data,cifar10,False,float32,150,True,0,128,128,gaussian,device,image-classification.log,50,0.01,0.3,"75,100,125",False,imperative,densenet21,0.9,4,adam,meta/plot,False,model,False,"2,2,2",,10,123,1,0,False,False,0.0,meta/tblogs'),24,,.,0.786458,0.987580,0.818650,0.992188
False,3,False,128,1,1,0,1.0,/home/joseph/systematic-evaluation/data/imagenet1k,/home/joseph/Projects/binary-networks/data,cifar10,False,float32,150,True,0,128,128,gaussian,device,image-classification.log,50,0.01,0.3,"75,100,125",False,imperative,densenet21,0.9,4,adam,meta/plot,False,model,False,"2,2,2",,10,123,1,0,False,False,0.0,meta/tblogs'),25,,.,0.795194,0.988825,0.824888,0.992527
False,3,False,128,1,1,0,1.0,/home/joseph/systematic-evaluation/data/imagenet1k,/home/joseph/Projects/binary-networks/data,cifar10,False,float32,150,True,0,128,128,gaussian,device,image-classification.log,50,0.01,0.3,"75,100,125",False,imperative,densenet21,0.9,4,adam,meta/plot,False,model,False,"2,2,2",,10,123,1,0,False,False,0.0,meta/tblogs'),26,,.,0.807492,0.990785,0.826427,0.992987
False,3,False,128,1,1,0,1.0,/home/joseph/systematic-evaluation/data/imagenet1k,/home/joseph/Projects/binary-networks/data,cifar10,False,float32,150,True,0,128,128,gaussian,device,image-classification.log,50,0.01,0.3,"75,100,125",False,imperative,densenet21,0.9,4,adam,meta/plot,False,model,False,"2,2,2",,10,123,1,0,False,False,0.0,meta/tblogs'),27,,.,0.808193,0.991086,0.828466,0.993810
False,3,False,128,1,1,0,1.0,/home/joseph/systematic-evaluation/data/imagenet1k,/home/joseph/Projects/binary-networks/data,cifar10,False,float32,150,True,0,128,128,gaussian,device,image-classification.log,50,0.01,0.3,"75,100,125",False,imperative,densenet21,0.9,4,adam,meta/plot,False,model,False,"2,2,2",,10,123,1,0,False,False,0.0,meta/tblogs'),28,,.,0.811899,0.991086,0.832801,0.993286
False,3,False,128,1,1,0,1.0,/home/joseph/systematic-evaluation/data/imagenet1k,/home/joseph/Projects/binary-networks/data,cifar10,False,float32,150,True,0,128,128,gaussian,device,image-classification.log,50,0.01,0.3,"75,100,125",False,imperative,densenet21,0.9,4,adam,meta/plot,False,model,False,"2,2,2",,10,123,1,0,False,False,0.0,meta/tblogs'),29,,.,0.816206,0.991386,0.836737,0.993906
False,3,False,128,1,1,0,1.0,/home/joseph/systematic-evaluation/data/imagenet1k,/home/joseph/Projects/binary-networks/data,cifar10,False,float32,150,True,0,128,128,gaussian,device,image-classification.log,50,0.01,0.3,"75,100,125",False,imperative,densenet21,0.9,4,adam,meta/plot,False,model,False,"2,2,2",,10,123,1,0,False,False,0.0,meta/tblogs'),30,,.,0.786058,0.984976,0.839403,0.993550
False,3,False,128,1,1,0,1.0,/home/joseph/systematic-evaluation/data/imagenet1k,/home/joseph/Projects/binary-networks/data,cifar10,False,float32,150,True,0,128,128,gaussian,device,image-classification.log,50,0.01,0.3,"75,100,125",False,imperative,densenet21,0.9,4,adam,meta/plot,False,model,False,"2,2,2",,10,123,1,0,False,False,0.0,meta/tblogs'),31,,.,0.810096,0.991386,0.841852,0.994425
False,3,False,128,1,1,0,1.0,/home/joseph/systematic-evaluation/data/imagenet1k,/home/joseph/Projects/binary-networks/data,cifar10,False,float32,150,True,0,128,128,gaussian,device,image-classification.log,50,0.01,0.3,"75,100,125",False,imperative,densenet21,0.9,4,adam,meta/plot,False,model,False,"2,2,2",,10,123,1,0,False,False,0.0,meta/tblogs'),32,,.,0.787460,0.985477,0.844992,0.994932
False,3,False,128,1,1,0,1.0,/home/joseph/systematic-evaluation/data/imagenet1k,/home/joseph/Projects/binary-networks/data,cifar10,False,float32,150,True,0,128,128,gaussian,device,image-classification.log,50,0.01,0.3,"75,100,125",False,imperative,densenet21,0.9,4,adam,meta/plot,False,model,False,"2,2,2",,10,123,1,0,False,False,0.0,meta/tblogs'),33,,.,0.812698,0.989419,0.846128,0.994765
False,3,False,128,1,1,0,1.0,/home/joseph/systematic-evaluation/data/imagenet1k,/home/joseph/Projects/binary-networks/data,cifar10,False,float32,150,True,0,128,128,gaussian,device,image-classification.log,50,0.01,0.3,"75,100,125",False,imperative,densenet21,0.9,4,adam,meta/plot,False,model,False,"2,2,2",,10,123,1,0,False,False,0.0,meta/tblogs'),34,,.,0.808093,0.990485,0.848785,0.995045
False,3,False,128,1,1,0,1.0,/home/joseph/systematic-evaluation/data/imagenet1k,/home/joseph/Projects/binary-networks/data,cifar10,False,float32,150,True,0,128,128,gaussian,device,image-classification.log,50,0.01,0.3,"75,100,125",False,imperative,densenet21,0.9,4,adam,meta/plot,False,model,False,"2,2,2",,10,123,1,0,False,False,0.0,meta/tblogs'),35,,.,0.800280,0.989784,0.848958,0.995413
False,3,False,128,1,1,0,1.0,/home/joseph/systematic-evaluation/data/imagenet1k,/home/joseph/Projects/binary-networks/data,cifar10,False,float32,150,True,0,128,128,gaussian,device,image-classification.log,50,0.01,0.3,"75,100,125",False,imperative,densenet21,0.9,4,adam,meta/plot,False,model,False,"2,2,2",,10,123,1,0,False,False,0.0,meta/tblogs'),36,,.,0.796074,0.990084,0.854060,0.995624
False,3,False,128,1,1,0,1.0,/home/joseph/systematic-evaluation/data/imagenet1k,/home/joseph/Projects/binary-networks/data,cifar10,False,float32,150,True,0,128,128,gaussian,device,image-classification.log,50,0.01,0.3,"75,100,125",False,imperative,densenet21,0.9,4,adam,meta/plot,False,model,False,"2,2,2",,10,123,1,0,False,False,0.0,meta/tblogs'),37,,.,0.820112,0.989884,0.851702,0.995285
False,3,False,128,1,1,0,1.0,/home/joseph/systematic-evaluation/data/imagenet1k,/home/joseph/Projects/binary-networks/data,cifar10,False,float32,150,True,0,128,128,gaussian,device,image-classification.log,50,0.01,0.3,"75,100,125",False,imperative,densenet21,0.9,4,adam,meta/plot,False,model,False,"2,2,2",,10,123,1,0,False,False,0.0,meta/tblogs'),38,,.,0.814804,0.990986,0.854207,0.995913
False,3,False,128,1,1,0,1.0,/home/joseph/systematic-evaluation/data/imagenet1k,/home/joseph/Projects/binary-networks/data,cifar10,False,float32,150,True,0,128,128,gaussian,device,image-classification.log,50,0.01,0.3,"75,100,125",False,imperative,densenet21,0.9,4,adam,meta/plot,False,model,False,"2,2,2",,10,123,1,0,False,False,0.0,meta/tblogs'),39,,.,0.809495,0.991086,0.857577,0.995424
False,3,False,128,1,1,0,1.0,/home/joseph/systematic-evaluation/data/imagenet1k,/home/joseph/Projects/binary-networks/data,cifar10,False,float32,150,True,0,128,128,gaussian,device,image-classification.log,50,0.01,0.3,"75,100,125",False,imperative,densenet21,0.9,4,adam,meta/plot,False,model,False,"2,2,2",,10,123,1,0,False,False,0.0,meta/tblogs'),40,,.,0.817208,0.990885,0.859756,0.996174
False,3,False,128,1,1,0,1.0,/home/joseph/systematic-evaluation/data/imagenet1k,/home/joseph/Projects/binary-networks/data,cifar10,False,float32,150,True,0,128,128,gaussian,device,image-classification.log,50,0.01,0.3,"75,100,125",False,imperative,densenet21,0.9,4,adam,meta/plot,False,model,False,"2,2,2",,10,123,1,0,False,False,0.0,meta/tblogs'),41,,.,0.823279,0.991990,0.860354,0.996064
False,3,False,128,1,1,0,1.0,/home/joseph/systematic-evaluation/data/imagenet1k,/home/joseph/Projects/binary-networks/data,cifar10,False,float32,150,True,0,128,128,gaussian,device,image-classification.log,50,0.01,0.3,"75,100,125",False,imperative,densenet21,0.9,4,adam,meta/plot,False,model,False,"2,2,2",,10,123,1,0,False,False,0.0,meta/tblogs'),42,,.,0.804888,0.990986,0.862892,0.996344
False,3,False,128,1,1,0,1.0,/home/joseph/systematic-evaluation/data/imagenet1k,/home/joseph/Projects/binary-networks/data,cifar10,False,float32,150,True,0,128,128,gaussian,device,image-classification.log,50,0.01,0.3,"75,100,125",False,imperative,densenet21,0.9,4,adam,meta/plot,False,model,False,"2,2,2",,10,123,1,0,False,False,0.0,meta/tblogs'),43,,.,0.823417,0.991987,0.863482,0.996194
False,3,False,128,1,1,0,1.0,/home/joseph/systematic-evaluation/data/imagenet1k,/home/joseph/Projects/binary-networks/data,cifar10,False,float32,150,True,0,128,128,gaussian,device,image-classification.log,50,0.01,0.3,"75,100,125",False,imperative,densenet21,0.9,4,adam,meta/plot,False,model,False,"2,2,2",,10,123,1,0,False,False,0.0,meta/tblogs'),44,,.,0.818710,0.989784,0.867887,0.996423
False,3,False,128,1,1,0,1.0,/home/joseph/systematic-evaluation/data/imagenet1k,/home/joseph/Projects/binary-networks/data,cifar10,False,float32,150,True,0,128,128,gaussian,device,image-classification.log,50,0.01,0.3,"75,100,125",False,imperative,densenet21,0.9,4,adam,meta/plot,False,model,False,"2,2,2",,10,123,1,0,False,False,0.0,meta/tblogs'),45,,.,0.801783,0.987179,0.867447,0.996304
False,3,False,128,1,1,0,1.0,/home/joseph/systematic-evaluation/data/imagenet1k,/home/joseph/Projects/binary-networks/data,cifar10,False,float32,150,True,0,128,128,gaussian,device,image-classification.log,50,0.01,0.3,"75,100,125",False,imperative,densenet21,0.9,4,adam,meta/plot,False,model,False,"2,2,2",,10,123,1,0,False,False,0.0,meta/tblogs'),46,,.,0.809896,0.988782,0.868630,0.996354
False,3,False,128,1,1,0,1.0,/home/joseph/systematic-evaluation/data/imagenet1k,/home/joseph/Projects/binary-networks/data,cifar10,False,float32,150,True,0,128,128,gaussian,device,image-classification.log,50,0.01,0.3,"75,100,125",False,imperative,densenet21,0.9,4,adam,meta/plot,False,model,False,"2,2,2",,10,123,1,0,False,False,0.0,meta/tblogs'),47,,.,0.816807,0.989083,0.871643,0.996823
False,3,False,128,1,1,0,1.0,/home/joseph/systematic-evaluation/data/imagenet1k,/home/joseph/Projects/binary-networks/data,cifar10,False,float32,150,True,0,128,128,gaussian,device,image-classification.log,50,0.01,0.3,"75,100,125",False,imperative,densenet21,0.9,4,adam,meta/plot,False,model,False,"2,2,2",,10,123,1,0,False,False,0.0,meta/tblogs'),48,,.,0.819211,0.990785,0.874038,0.997035
False,3,False,128,1,1,0,1.0,/home/joseph/systematic-evaluation/data/imagenet1k,/home/joseph/Projects/binary-networks/data,cifar10,False,float32,150,True,0,128,128,gaussian,device,image-classification.log,50,0.01,0.3,"75,100,125",False,imperative,densenet21,0.9,4,adam,meta/plot,False,model,False,"2,2,2",,10,123,1,0,False,False,0.0,meta/tblogs'),49,,.,0.834652,0.991297,0.874201,0.997003
False,3,False,128,1,1,0,1.0,/home/joseph/systematic-evaluation/data/imagenet1k,/home/joseph/Projects/binary-networks/data,cifar10,False,float32,150,True,0,128,128,gaussian,device,image-classification.log,50,0.01,0.3,"75,100,125",False,imperative,densenet21,0.9,4,adam,meta/plot,False,model,False,"2,2,2",,10,123,1,0,False,False,0.0,meta/tblogs'),50,,.,0.823818,0.991286,0.877318,0.997123
False,3,False,128,1,1,0,1.0,/home/joseph/systematic-evaluation/data/imagenet1k,/home/joseph/Projects/binary-networks/data,cifar10,False,float32,150,True,0,128,128,gaussian,device,image-classification.log,50,0.01,0.3,"75,100,125",False,imperative,densenet21,0.9,4,adam,meta/plot,False,model,False,"2,2,2",,10,123,1,0,False,False,0.0,meta/tblogs'),51,,.,0.819611,0.989984,0.878706,0.997196
False,3,False,128,1,1,0,1.0,/home/joseph/systematic-evaluation/data/imagenet1k,/home/joseph/Projects/binary-networks/data,cifar10,False,float32,150,True,0,128,128,gaussian,device,image-classification.log,50,0.01,0.3,"75,100,125",False,imperative,densenet21,0.9,4,adam,meta/plot,False,model,False,"2,2,2",,10,123,1,0,False,False,0.0,meta/tblogs'),52,,.,0.826522,0.991486,0.877478,0.997482
False,3,False,128,1,1,0,1.0,/home/joseph/systematic-evaluation/data/imagenet1k,/home/joseph/Projects/binary-networks/data,cifar10,False,float32,150,True,0,128,128,gaussian,device,image-classification.log,50,0.01,0.3,"75,100,125",False,imperative,densenet21,0.9,4,adam,meta/plot,False,model,False,"2,2,2",,10,123,1,0,False,False,0.0,meta/tblogs'),53,,.,0.823718,0.991086,0.881254,0.997542
False,3,False,128,1,1,0,1.0,/home/joseph/systematic-evaluation/data/imagenet1k,/home/joseph/Projects/binary-networks/data,cifar10,False,float32,150,True,0,128,128,gaussian,device,image-classification.log,50,0.01,0.3,"75,100,125",False,imperative,densenet21,0.9,4,adam,meta/plot,False,model,False,"2,2,2",,10,123,1,0,False,False,0.0,meta/tblogs'),54,,.,0.807192,0.988281,0.880809,0.997196
False,3,False,128,1,1,0,1.0,/home/joseph/systematic-evaluation/data/imagenet1k,/home/joseph/Projects/binary-networks/data,cifar10,False,float32,150,True,0,128,128,gaussian,device,image-classification.log,50,0.01,0.3,"75,100,125",False,imperative,densenet21,0.9,4,adam,meta/plot,False,model,False,"2,2,2",,10,123,1,0,False,False,0.0,meta/tblogs'),55,,.,0.825120,0.990485,0.881754,0.997482
False,3,False,128,1,1,0,1.0,/home/joseph/systematic-evaluation/data/imagenet1k,/home/joseph/Projects/binary-networks/data,cifar10,False,float32,150,True,0,128,128,gaussian,device,image-classification.log,50,0.01,0.3,"75,100,125",False,imperative,densenet21,0.9,4,adam,meta/plot,False,model,False,"2,2,2",,10,123,1,0,False,False,0.0,meta/tblogs'),56,,.,0.820413,0.990785,0.884235,0.997516
False,3,False,128,1,1,0,1.0,/home/joseph/systematic-evaluation/data/imagenet1k,/home/joseph/Projects/binary-networks/data,cifar10,False,float32,150,True,0,128,128,gaussian,device,image-classification.log,50,0.01,0.3,"75,100,125",False,imperative,densenet21,0.9,4,adam,meta/plot,False,model,False,"2,2,2",,10,123,1,0,False,False,0.0,meta/tblogs'),57,,.,0.828718,0.991594,0.885730,0.997682
False,3,False,128,1,1,0,1.0,/home/joseph/systematic-evaluation/data/imagenet1k,/home/joseph/Projects/binary-networks/data,cifar10,False,float32,150,True,0,128,128,gaussian,device,image-classification.log,50,0.01,0.3,"75,100,125",False,imperative,densenet21,0.9,4,adam,meta/plot,False,model,False,"2,2,2",,10,123,1,0,False,False,0.0,meta/tblogs'),58,,.,0.819311,0.988181,0.887248,0.997323
False,3,False,128,1,1,0,1.0,/home/joseph/systematic-evaluation/data/imagenet1k,/home/joseph/Projects/binary-networks/data,cifar10,False,float32,150,True,0,128,128,gaussian,device,image-classification.log,50,0.01,0.3,"75,100,125",False,imperative,densenet21,0.9,4,adam,meta/plot,False,model,False,"2,2,2",,10,123,1,0,False,False,0.0,meta/tblogs'),59,,.,0.831530,0.990084,0.886699,0.998017
False,3,False,128,1,1,0,1.0,/home/joseph/systematic-evaluation/data/imagenet1k,/home/joseph/Projects/binary-networks/data,cifar10,False,float32,150,True,0,128,128,gaussian,device,image-classification.log,50,0.01,0.3,"75,100,125",False,imperative,densenet21,0.9,4,adam,meta/plot,False,model,False,"2,2,2",,10,123,1,0,False,False,0.0,meta/tblogs'),60,,.,0.830629,0.991086,0.889406,0.997842
False,3,False,128,1,1,0,1.0,/home/joseph/systematic-evaluation/data/imagenet1k,/home/joseph/Projects/binary-networks/data,cifar10,False,float32,150,True,0,128,128,gaussian,device,image-classification.log,50,0.01,0.3,"75,100,125",False,imperative,densenet21,0.9,4,adam,meta/plot,False,model,False,"2,2,2",,10,123,1,0,False,False,0.0,meta/tblogs'),61,,.,0.823417,0.991286,0.888427,0.997942
False,3,False,128,1,1,0,1.0,/home/joseph/systematic-evaluation/data/imagenet1k,/home/joseph/Projects/binary-networks/data,cifar10,False,float32,150,True,0,128,128,gaussian,device,image-classification.log,50,0.01,0.3,"75,100,125",False,imperative,densenet21,0.9,4,adam,meta/plot,False,model,False,"2,2,2",,10,123,1,0,False,False,0.0,meta/tblogs'),62,,.,0.829527,0.990986,0.889343,0.998237
False,3,False,128,1,1,0,1.0,/home/joseph/systematic-evaluation/data/imagenet1k,/home/joseph/Projects/binary-networks/data,cifar10,False,float32,150,True,0,128,128,gaussian,device,image-classification.log,50,0.01,0.3,"75,100,125",False,imperative,densenet21,0.9,4,adam,meta/plot,False,model,False,"2,2,2",,10,123,1,0,False,False,0.0,meta/tblogs'),63,,.,0.831831,0.990885,0.891564,0.997642
False,3,False,128,1,1,0,1.0,/home/joseph/systematic-evaluation/data/imagenet1k,/home/joseph/Projects/binary-networks/data,cifar10,False,float32,150,True,0,128,128,gaussian,device,image-classification.log,50,0.01,0.3,"75,100,125",False,imperative,densenet21,0.9,4,adam,meta/plot,False,model,False,"2,2,2",,10,123,1,0,False,False,0.0,meta/tblogs'),64,,.,0.834535,0.990685,0.892288,0.998117
False,3,False,128,1,1,0,1.0,/home/joseph/systematic-evaluation/data/imagenet1k,/home/joseph/Projects/binary-networks/data,cifar10,False,float32,150,True,0,128,128,gaussian,device,image-classification.log,50,0.01,0.3,"75,100,125",False,imperative,densenet21,0.9,4,adam,meta/plot,False,model,False,"2,2,2",,10,123,1,0,False,False,0.0,meta/tblogs'),65,,.,0.837421,0.991693,0.891764,0.997902
False,3,False,128,1,1,0,1.0,/home/joseph/systematic-evaluation/data/imagenet1k,/home/joseph/Projects/binary-networks/data,cifar10,False,float32,150,True,0,128,128,gaussian,device,image-classification.log,50,0.01,0.3,"75,100,125",False,imperative,densenet21,0.9,4,adam,meta/plot,False,model,False,"2,2,2",,10,123,1,0,False,False,0.0,meta/tblogs'),66,,.,0.829627,0.991787,0.893382,0.998102
False,3,False,128,1,1,0,1.0,/home/joseph/systematic-evaluation/data/imagenet1k,/home/joseph/Projects/binary-networks/data,cifar10,False,float32,150,True,0,128,128,gaussian,device,image-classification.log,50,0.01,0.3,"75,100,125",False,imperative,densenet21,0.9,4,adam,meta/plot,False,model,False,"2,2,2",,10,123,1,0,False,False,0.0,meta/tblogs'),67,,.,0.818710,0.989083,0.893349,0.998317
False,3,False,128,1,1,0,1.0,/home/joseph/systematic-evaluation/data/imagenet1k,/home/joseph/Projects/binary-networks/data,cifar10,False,float32,150,True,0,128,128,gaussian,device,image-classification.log,50,0.01,0.3,"75,100,125",False,imperative,densenet21,0.9,4,adam,meta/plot,False,model,False,"2,2,2",,10,123,1,0,False,False,0.0,meta/tblogs'),68,,.,0.835938,0.991186,0.895181,0.997842
False,3,False,128,1,1,0,1.0,/home/joseph/systematic-evaluation/data/imagenet1k,/home/joseph/Projects/binary-networks/data,cifar10,False,float32,150,True,0,128,128,gaussian,device,image-classification.log,50,0.01,0.3,"75,100,125",False,imperative,densenet21,0.9,4,adam,meta/plot,False,model,False,"2,2,2",,10,123,1,0,False,False,0.0,meta/tblogs'),69,,.,0.815905,0.989583,0.897678,0.997922
False,3,False,128,1,1,0,1.0,/home/joseph/systematic-evaluation/data/imagenet1k,/home/joseph/Projects/binary-networks/data,cifar10,False,float32,150,True,0,128,128,gaussian,device,image-classification.log,50,0.01,0.3,"75,100,125",False,imperative,densenet21,0.9,4,adam,meta/plot,False,model,False,"2,2,2",,10,123,1,0,False,False,0.0,meta/tblogs'),70,,.,0.828425,0.989183,0.897596,0.998257
False,3,False,128,1,1,0,1.0,/home/joseph/systematic-evaluation/data/imagenet1k,/home/joseph/Projects/binary-networks/data,cifar10,False,float32,150,True,0,128,128,gaussian,device,image-classification.log,50,0.01,0.3,"75,100,125",False,imperative,densenet21,0.9,4,adam,meta/plot,False,model,False,"2,2,2",,10,123,1,0,False,False,0.0,meta/tblogs'),71,,.,0.803385,0.983574,0.899856,0.998461
False,3,False,128,1,1,0,1.0,/home/joseph/systematic-evaluation/data/imagenet1k,/home/joseph/Projects/binary-networks/data,cifar10,False,float32,150,True,0,128,128,gaussian,device,image-classification.log,50,0.01,0.3,"75,100,125",False,imperative,densenet21,0.9,4,adam,meta/plot,False,model,False,"2,2,2",,10,123,1,0,False,False,0.0,meta/tblogs'),72,,.,0.805188,0.989884,0.899459,0.998297
False,3,False,128,1,1,0,1.0,/home/joseph/systematic-evaluation/data/imagenet1k,/home/joseph/Projects/binary-networks/data,cifar10,False,float32,150,True,0,128,128,gaussian,device,image-classification.log,50,0.01,0.3,"75,100,125",False,imperative,densenet21,0.9,4,adam,meta/plot,False,model,False,"2,2,2",,10,123,1,0,False,False,0.0,meta/tblogs'),73,,.,0.833564,0.991396,0.900196,0.998641
False,3,False,128,1,1,0,1.0,/home/joseph/systematic-evaluation/data/imagenet1k,/home/joseph/Projects/binary-networks/data,cifar10,False,float32,150,True,0,128,128,gaussian,device,image-classification.log,50,0.01,0.3,"75,100,125",False,imperative,densenet21,0.9,4,adam,meta/plot,False,model,False,"2,2,2",,10,123,1,0,False,False,0.0,meta/tblogs'),74,,.,0.827123,0.989283,0.901015,0.998382
False,3,False,128,1,1,0,1.0,/home/joseph/systematic-evaluation/data/imagenet1k,/home/joseph/Projects/binary-networks/data,cifar10,False,float32,150,True,0,128,128,gaussian,device,image-classification.log,50,0.01,0.3,"75,100,125",False,imperative,densenet21,0.9,4,adam,meta/plot,False,model,False,"2,2,2",,10,123,1,0,False,False,0.0,meta/tblogs'),75,,.,0.833333,0.989683,0.902244,0.998357
False,3,False,128,1,1,0,1.0,/home/joseph/systematic-evaluation/data/imagenet1k,/home/joseph/Projects/binary-networks/data,cifar10,False,float32,150,True,0,128,128,gaussian,device,image-classification.log,50,0.003000,0.3,"75,100,125",False,imperative,densenet21,0.9,4,adam,meta/plot,False,model,False,"2,2,2",,10,123,1,0,False,False,0.0,meta/tblogs'),76,,.,0.836839,0.990685,0.901255,0.998122
False,3,False,128,1,1,0,1.0,/home/joseph/systematic-evaluation/data/imagenet1k,/home/joseph/Projects/binary-networks/data,cifar10,False,float32,150,True,0,128,128,gaussian,device,image-classification.log,50,0.003000,0.3,"75,100,125",False,imperative,densenet21,0.9,4,adam,meta/plot,False,model,False,"2,2,2",,10,123,1,0,False,False,0.0,meta/tblogs'),77,,.,0.851663,0.992288,0.921755,0.998981
False,3,False,128,1,1,0,1.0,/home/joseph/systematic-evaluation/data/imagenet1k,/home/joseph/Projects/binary-networks/data,cifar10,False,float32,150,True,0,128,128,gaussian,device,image-classification.log,50,0.003000,0.3,"75,100,125",False,imperative,densenet21,0.9,4,adam,meta/plot,False,model,False,"2,2,2",,10,123,1,0,False,False,0.0,meta/tblogs'),78,,.,0.847756,0.992388,0.925501,0.999339
False,3,False,128,1,1,0,1.0,/home/joseph/systematic-evaluation/data/imagenet1k,/home/joseph/Projects/binary-networks/data,cifar10,False,float32,150,True,0,128,128,gaussian,device,image-classification.log,50,0.003000,0.3,"75,100,125",False,imperative,densenet21,0.9,4,adam,meta/plot,False,model,False,"2,2,2",,10,123,1,0,False,False,0.0,meta/tblogs'),79,,.,0.843249,0.991587,0.930627,0.999181
False,3,False,128,1,1,0,1.0,/home/joseph/systematic-evaluation/data/imagenet1k,/home/joseph/Projects/binary-networks/data,cifar10,False,float32,150,True,0,128,128,gaussian,device,image-classification.log,50,0.003000,0.3,"75,100,125",False,imperative,densenet21,0.9,4,adam,meta/plot,False,model,False,"2,2,2",,10,123,1,0,False,False,0.0,meta/tblogs'),80,,.,0.857572,0.992488,0.932091,0.999159
False,3,False,128,1,1,0,1.0,/home/joseph/systematic-evaluation/data/imagenet1k,/home/joseph/Projects/binary-networks/data,cifar10,False,float32,150,True,0,128,128,gaussian,device,image-classification.log,50,0.003000,0.3,"75,100,125",False,imperative,densenet21,0.9,4,adam,meta/plot,False,model,False,"2,2,2",,10,123,1,0,False,False,0.0,meta/tblogs'),81,,.,0.845233,0.992880,0.931246,0.999441
False,3,False,128,1,1,0,1.0,/home/joseph/systematic-evaluation/data/imagenet1k,/home/joseph/Projects/binary-networks/data,cifar10,False,float32,150,True,0,128,128,gaussian,device,image-classification.log,50,0.003000,0.3,"75,100,125",False,imperative,densenet21,0.9,4,adam,meta/plot,False,model,False,"2,2,2",,10,123,1,0,False,False,0.0,meta/tblogs'),82,,.,0.853165,0.992588,0.933704,0.999101
False,3,False,128,1,1,0,1.0,/home/joseph/systematic-evaluation/data/imagenet1k,/home/joseph/Projects/binary-networks/data,cifar10,False,float32,150,True,0,128,128,gaussian,device,image-classification.log,50,0.003000,0.3,"75,100,125",False,imperative,densenet21,0.9,4,adam,meta/plot,False,model,False,"2,2,2",,10,123,1,0,False,False,0.0,meta/tblogs'),83,,.,0.850962,0.992388,0.935457,0.999399
False,3,False,128,1,1,0,1.0,/home/joseph/systematic-evaluation/data/imagenet1k,/home/joseph/Projects/binary-networks/data,cifar10,False,float32,150,True,0,128,128,gaussian,device,image-classification.log,50,0.003000,0.3,"75,100,125",False,imperative,densenet21,0.9,4,adam,meta/plot,False,model,False,"2,2,2",,10,123,1,0,False,False,0.0,meta/tblogs'),84,,.,0.848958,0.991086,0.934243,0.999461
False,3,False,128,1,1,0,1.0,/home/joseph/systematic-evaluation/data/imagenet1k,/home/joseph/Projects/binary-networks/data,cifar10,False,float32,150,True,0,128,128,gaussian,device,image-classification.log,50,0.003000,0.3,"75,100,125",False,imperative,densenet21,0.9,4,adam,meta/plot,False,model,False,"2,2,2",,10,123,1,0,False,False,0.0,meta/tblogs'),85,,.,0.854667,0.992989,0.935722,0.999580
False,3,False,128,1,1,0,1.0,/home/joseph/systematic-evaluation/data/imagenet1k,/home/joseph/Projects/binary-networks/data,cifar10,False,float32,150,True,0,128,128,gaussian,device,image-classification.log,50,0.003000,0.3,"75,100,125",False,imperative,densenet21,0.9,4,adam,meta/plot,False,model,False,"2,2,2",,10,123,1,0,False,False,0.0,meta/tblogs'),86,,.,0.846354,0.991386,0.937079,0.999319
False,3,False,128,1,1,0,1.0,/home/joseph/systematic-evaluation/data/imagenet1k,/home/joseph/Projects/binary-networks/data,cifar10,False,float32,150,True,0,128,128,gaussian,device,image-classification.log,50,0.003000,0.3,"75,100,125",False,imperative,densenet21,0.9,4,adam,meta/plot,False,model,False,"2,2,2",,10,123,1,0,False,False,0.0,meta/tblogs'),87,,.,0.858373,0.992688,0.935562,0.999480
False,3,False,128,1,1,0,1.0,/home/joseph/systematic-evaluation/data/imagenet1k,/home/joseph/Projects/binary-networks/data,cifar10,False,float32,150,True,0,128,128,gaussian,device,image-classification.log,50,0.003000,0.3,"75,100,125",False,imperative,densenet21,0.9,4,adam,meta/plot,False,model,False,"2,2,2",,10,123,1,0,False,False,0.0,meta/tblogs'),88,,.,0.851262,0.992889,0.938622,0.999519
False,3,False,128,1,1,0,1.0,/home/joseph/systematic-evaluation/data/imagenet1k,/home/joseph/Projects/binary-networks/data,cifar10,False,float32,150,True,0,128,128,gaussian,device,image-classification.log,50,0.003000,0.3,"75,100,125",False,imperative,densenet21,0.9,4,adam,meta/plot,False,model,False,"2,2,2",,10,123,1,0,False,False,0.0,meta/tblogs'),89,,.,0.848299,0.992484,0.938219,0.999640
False,3,False,128,1,1,0,1.0,/home/joseph/systematic-evaluation/data/imagenet1k,/home/joseph/Projects/binary-networks/data,cifar10,False,float32,150,True,0,128,128,gaussian,device,image-classification.log,50,0.003000,0.3,"75,100,125",False,imperative,densenet21,0.9,4,adam,meta/plot,False,model,False,"2,2,2",,10,123,1,0,False,False,0.0,meta/tblogs'),90,,.,0.855068,0.993189,0.940157,0.999600
False,3,False,128,1,1,0,1.0,/home/joseph/systematic-evaluation/data/imagenet1k,/home/joseph/Projects/binary-networks/data,cifar10,False,float32,150,True,0,128,128,gaussian,device,image-classification.log,50,0.003000,0.3,"75,100,125",False,imperative,densenet21,0.9,4,adam,meta/plot,False,model,False,"2,2,2",,10,123,1,0,False,False,0.0,meta/tblogs'),91,,.,0.855268,0.991987,0.940725,0.999519
False,3,False,128,1,1,0,1.0,/home/joseph/systematic-evaluation/data/imagenet1k,/home/joseph/Projects/binary-networks/data,cifar10,False,float32,150,True,0,128,128,gaussian,device,image-classification.log,50,0.003000,0.3,"75,100,125",False,imperative,densenet21,0.9,4,adam,meta/plot,False,model,False,"2,2,2",,10,123,1,0,False,False,0.0,meta/tblogs'),92,,.,0.856971,0.992388,0.940617,0.999540
False,3,False,128,1,1,0,1.0,/home/joseph/systematic-evaluation/data/imagenet1k,/home/joseph/Projects/binary-networks/data,cifar10,False,float32,150,True,0,128,128,gaussian,device,image-classification.log,50,0.003000,0.3,"75,100,125",False,imperative,densenet21,0.9,4,adam,meta/plot,False,model,False,"2,2,2",,10,123,1,0,False,False,0.0,meta/tblogs'),93,,.,0.853766,0.992788,0.941117,0.999560
False,3,False,128,1,1,0,1.0,/home/joseph/systematic-evaluation/data/imagenet1k,/home/joseph/Projects/binary-networks/data,cifar10,False,float32,150,True,0,128,128,gaussian,device,image-classification.log,50,0.003000,0.3,"75,100,125",False,imperative,densenet21,0.9,4,adam,meta/plot,False,model,False,"2,2,2",,10,123,1,0,False,False,0.0,meta/tblogs'),94,,.,0.847155,0.992588,0.940545,0.999519
False,3,False,128,1,1,0,1.0,/home/joseph/systematic-evaluation/data/imagenet1k,/home/joseph/Projects/binary-networks/data,cifar10,False,float32,150,True,0,128,128,gaussian,device,image-classification.log,50,0.003000,0.3,"75,100,125",False,imperative,densenet21,0.9,4,adam,meta/plot,False,model,False,"2,2,2",,10,123,1,0,False,False,0.0,meta/tblogs'),95,,.,0.855369,0.992788,0.942056,0.999341
False,3,False,128,1,1,0,1.0,/home/joseph/systematic-evaluation/data/imagenet1k,/home/joseph/Projects/binary-networks/data,cifar10,False,float32,150,True,0,128,128,gaussian,device,image-classification.log,50,0.003000,0.3,"75,100,125",False,imperative,densenet21,0.9,4,adam,meta/plot,False,model,False,"2,2,2",,10,123,1,0,False,False,0.0,meta/tblogs'),96,,.,0.843850,0.992288,0.942147,0.999499
False,3,False,128,1,1,0,1.0,/home/joseph/systematic-evaluation/data/imagenet1k,/home/joseph/Projects/binary-networks/data,cifar10,False,float32,150,True,0,128,128,gaussian,device,image-classification.log,50,0.003000,0.3,"75,100,125",False,imperative,densenet21,0.9,4,adam,meta/plot,False,model,False,"2,2,2",,10,123,1,0,False,False,0.0,meta/tblogs'),97,,.,0.849980,0.993572,0.944234,0.999600
False,3,False,128,1,1,0,1.0,/home/joseph/systematic-evaluation/data/imagenet1k,/home/joseph/Projects/binary-networks/data,cifar10,False,float32,150,True,0,128,128,gaussian,device,image-classification.log,50,0.003000,0.3,"75,100,125",False,imperative,densenet21,0.9,4,adam,meta/plot,False,model,False,"2,2,2",,10,123,1,0,False,False,0.0,meta/tblogs'),98,,.,0.853666,0.992688,0.942455,0.999520
False,3,False,128,1,1,0,1.0,/home/joseph/systematic-evaluation/data/imagenet1k,/home/joseph/Projects/binary-networks/data,cifar10,False,float32,150,True,0,128,128,gaussian,device,image-classification.log,50,0.003000,0.3,"75,100,125",False,imperative,densenet21,0.9,4,adam,meta/plot,False,model,False,"2,2,2",,10,123,1,0,False,False,0.0,meta/tblogs'),99,,.,0.851362,0.991987,0.942167,0.999479
False,3,False,128,1,1,0,1.0,/home/joseph/systematic-evaluation/data/imagenet1k,/home/joseph/Projects/binary-networks/data,cifar10,False,float32,150,True,0,128,128,gaussian,device,image-classification.log,50,0.003000,0.3,"75,100,125",False,imperative,densenet21,0.9,4,adam,meta/plot,False,model,False,"2,2,2",,10,123,1,0,False,False,0.0,meta/tblogs'),100,,.,0.846354,0.991787,0.942215,0.999660
False,3,False,128,1,1,0,1.0,/home/joseph/systematic-evaluation/data/imagenet1k,/home/joseph/Projects/binary-networks/data,cifar10,False,float32,150,True,0,128,128,gaussian,device,image-classification.log,50,0.000900,0.3,"75,100,125",False,imperative,densenet21,0.9,4,adam,meta/plot,False,model,False,"2,2,2",,10,123,1,0,False,False,0.0,meta/tblogs'),101,,.,0.844752,0.991086,0.942176,0.999560
False,3,False,128,1,1,0,1.0,/home/joseph/systematic-evaluation/data/imagenet1k,/home/joseph/Projects/binary-networks/data,cifar10,False,float32,150,True,0,128,128,gaussian,device,image-classification.log,50,0.000900,0.3,"75,100,125",False,imperative,densenet21,0.9,4,adam,meta/plot,False,model,False,"2,2,2",,10,123,1,0,False,False,0.0,meta/tblogs'),102,,.,0.854567,0.992989,0.949439,0.999720
False,3,False,128,1,1,0,1.0,/home/joseph/systematic-evaluation/data/imagenet1k,/home/joseph/Projects/binary-networks/data,cifar10,False,float32,150,True,0,128,128,gaussian,device,image-classification.log,50,0.000900,0.3,"75,100,125",False,imperative,densenet21,0.9,4,adam,meta/plot,False,model,False,"2,2,2",,10,123,1,0,False,False,0.0,meta/tblogs'),103,,.,0.854868,0.993389,0.953205,0.999740
False,3,False,128,1,1,0,1.0,/home/joseph/systematic-evaluation/data/imagenet1k,/home/joseph/Projects/binary-networks/data,cifar10,False,float32,150,True,0,128,128,gaussian,device,image-classification.log,50,0.000900,0.3,"75,100,125",False,imperative,densenet21,0.9,4,adam,meta/plot,False,model,False,"2,2,2",,10,123,1,0,False,False,0.0,meta/tblogs'),104,,.,0.853566,0.993089,0.952865,0.999780
False,3,False,128,1,1,0,1.0,/home/joseph/systematic-evaluation/data/imagenet1k,/home/joseph/Projects/binary-networks/data,cifar10,False,float32,150,True,0,128,128,gaussian,device,image-classification.log,50,0.000900,0.3,"75,100,125",False,imperative,densenet21,0.9,4,adam,meta/plot,False,model,False,"2,2,2",,10,123,1,0,False,False,0.0,meta/tblogs'),105,,.,0.857496,0.993078,0.953984,0.999820
False,3,False,128,1,1,0,1.0,/home/joseph/systematic-evaluation/data/imagenet1k,/home/joseph/Projects/binary-networks/data,cifar10,False,float32,150,True,0,128,128,gaussian,device,image-classification.log,50,0.000900,0.3,"75,100,125",False,imperative,densenet21,0.9,4,adam,meta/plot,False,model,False,"2,2,2",,10,123,1,0,False,False,0.0,meta/tblogs'),106,,.,0.856470,0.993790,0.955003,0.999760
False,3,False,128,1,1,0,1.0,/home/joseph/systematic-evaluation/data/imagenet1k,/home/joseph/Projects/binary-networks/data,cifar10,False,float32,150,True,0,128,128,gaussian,device,image-classification.log,50,0.000900,0.3,"75,100,125",False,imperative,densenet21,0.9,4,adam,meta/plot,False,model,False,"2,2,2",,10,123,1,0,False,False,0.0,meta/tblogs'),107,,.,0.857272,0.993089,0.953425,0.999820
False,3,False,128,1,1,0,1.0,/home/joseph/systematic-evaluation/data/imagenet1k,/home/joseph/Projects/binary-networks/data,cifar10,False,float32,150,True,0,128,128,gaussian,device,image-classification.log,50,0.000900,0.3,"75,100,125",False,imperative,densenet21,0.9,4,adam,meta/plot,False,model,False,"2,2,2",,10,123,1,0,False,False,0.0,meta/tblogs'),108,,.,0.857171,0.993289,0.953964,0.999700
False,3,False,128,1,1,0,1.0,/home/joseph/systematic-evaluation/data/imagenet1k,/home/joseph/Projects/binary-networks/data,cifar10,False,float32,150,True,0,128,128,gaussian,device,image-classification.log,50,0.000900,0.3,"75,100,125",False,imperative,densenet21,0.9,4,adam,meta/plot,False,model,False,"2,2,2",,10,123,1,0,False,False,0.0,meta/tblogs'),109,,.,0.858073,0.993389,0.954624,0.999680
False,3,False,128,1,1,0,1.0,/home/joseph/systematic-evaluation/data/imagenet1k,/home/joseph/Projects/binary-networks/data,cifar10,False,float32,150,True,0,128,128,gaussian,device,image-classification.log,50,0.000900,0.3,"75,100,125",False,imperative,densenet21,0.9,4,adam,meta/plot,False,model,False,"2,2,2",,10,123,1,0,False,False,0.0,meta/tblogs'),110,,.,0.858073,0.993389,0.955489,0.999800
False,3,False,128,1,1,0,1.0,/home/joseph/systematic-evaluation/data/imagenet1k,/home/joseph/Projects/binary-networks/data,cifar10,False,float32,150,True,0,128,128,gaussian,device,image-classification.log,50,0.000900,0.3,"75,100,125",False,imperative,densenet21,0.9,4,adam,meta/plot,False,model,False,"2,2,2",,10,123,1,0,False,False,0.0,meta/tblogs'),111,,.,0.856771,0.993389,0.955383,0.999880
False,3,False,128,1,1,0,1.0,/home/joseph/systematic-evaluation/data/imagenet1k,/home/joseph/Projects/binary-networks/data,cifar10,False,float32,150,True,0,128,128,gaussian,device,image-classification.log,50,0.000900,0.3,"75,100,125",False,imperative,densenet21,0.9,4,adam,meta/plot,False,model,False,"2,2,2",,10,123,1,0,False,False,0.0,meta/tblogs'),112,,.,0.859075,0.992989,0.955389,0.999800
False,3,False,128,1,1,0,1.0,/home/joseph/systematic-evaluation/data/imagenet1k,/home/joseph/Projects/binary-networks/data,cifar10,False,float32,150,True,0,128,128,gaussian,device,image-classification.log,50,0.000900,0.3,"75,100,125",False,imperative,densenet21,0.9,4,adam,meta/plot,False,model,False,"2,2,2",,10,123,1,0,False,False,0.0,meta/tblogs'),113,,.,0.852255,0.994165,0.955383,0.999800
False,3,False,128,1,1,0,1.0,/home/joseph/systematic-evaluation/data/imagenet1k,/home/joseph/Projects/binary-networks/data,cifar10,False,float32,150,True,0,128,128,gaussian,device,image-classification.log,50,0.000900,0.3,"75,100,125",False,imperative,densenet21,0.9,4,adam,meta/plot,False,model,False,"2,2,2",,10,123,1,0,False,False,0.0,meta/tblogs'),114,,.,0.856971,0.994491,0.957281,0.999820
False,3,False,128,1,1,0,1.0,/home/joseph/systematic-evaluation/data/imagenet1k,/home/joseph/Projects/binary-networks/data,cifar10,False,float32,150,True,0,128,128,gaussian,device,image-classification.log,50,0.000900,0.3,"75,100,125",False,imperative,densenet21,0.9,4,adam,meta/plot,False,model,False,"2,2,2",,10,123,1,0,False,False,0.0,meta/tblogs'),115,,.,0.854667,0.992688,0.955929,0.999800
False,3,False,128,1,1,0,1.0,/home/joseph/systematic-evaluation/data/imagenet1k,/home/joseph/Projects/binary-networks/data,cifar10,False,float32,150,True,0,128,128,gaussian,device,image-classification.log,50,0.000900,0.3,"75,100,125",False,imperative,densenet21,0.9,4,adam,meta/plot,False,model,False,"2,2,2",,10,123,1,0,False,False,0.0,meta/tblogs'),116,,.,0.859876,0.992889,0.956442,0.999860
False,3,False,128,1,1,0,1.0,/home/joseph/systematic-evaluation/data/imagenet1k,/home/joseph/Projects/binary-networks/data,cifar10,False,float32,150,True,0,128,128,gaussian,device,image-classification.log,50,0.000900,0.3,"75,100,125",False,imperative,densenet21,0.9,4,adam,meta/plot,False,model,False,"2,2,2",,10,123,1,0,False,False,0.0,meta/tblogs'),117,,.,0.859275,0.993790,0.957141,0.999820
False,3,False,128,1,1,0,1.0,/home/joseph/systematic-evaluation/data/imagenet1k,/home/joseph/Projects/binary-networks/data,cifar10,False,float32,150,True,0,128,128,gaussian,device,image-classification.log,50,0.000900,0.3,"75,100,125",False,imperative,densenet21,0.9,4,adam,meta/plot,False,model,False,"2,2,2",,10,123,1,0,False,False,0.0,meta/tblogs'),118,,.,0.855369,0.992788,0.957051,0.999880
False,3,False,128,1,1,0,1.0,/home/joseph/systematic-evaluation/data/imagenet1k,/home/joseph/Projects/binary-networks/data,cifar10,False,float32,150,True,0,128,128,gaussian,device,image-classification.log,50,0.000900,0.3,"75,100,125",False,imperative,densenet21,0.9,4,adam,meta/plot,False,model,False,"2,2,2",,10,123,1,0,False,False,0.0,meta/tblogs'),119,,.,0.856671,0.993690,0.957441,0.999700
False,3,False,128,1,1,0,1.0,/home/joseph/systematic-evaluation/data/imagenet1k,/home/joseph/Projects/binary-networks/data,cifar10,False,float32,150,True,0,128,128,gaussian,device,image-classification.log,50,0.000900,0.3,"75,100,125",False,imperative,densenet21,0.9,4,adam,meta/plot,False,model,False,"2,2,2",,10,123,1,0,False,False,0.0,meta/tblogs'),120,,.,0.856771,0.993289,0.956851,0.999760
False,3,False,128,1,1,0,1.0,/home/joseph/systematic-evaluation/data/imagenet1k,/home/joseph/Projects/binary-networks/data,cifar10,False,float32,150,True,0,128,128,gaussian,device,image-classification.log,50,0.000900,0.3,"75,100,125",False,imperative,densenet21,0.9,4,adam,meta/plot,False,model,False,"2,2,2",,10,123,1,0,False,False,0.0,meta/tblogs'),121,,.,0.860166,0.993176,0.956322,0.999720
False,3,False,128,1,1,0,1.0,/home/joseph/systematic-evaluation/data/imagenet1k,/home/joseph/Projects/binary-networks/data,cifar10,False,float32,150,True,0,128,128,gaussian,device,image-classification.log,50,0.000900,0.3,"75,100,125",False,imperative,densenet21,0.9,4,adam,meta/plot,False,model,False,"2,2,2",,10,123,1,0,False,False,0.0,meta/tblogs'),122,,.,0.856571,0.992188,0.956662,0.999820
False,3,False,128,1,1,0,1.0,/home/joseph/systematic-evaluation/data/imagenet1k,/home/joseph/Projects/binary-networks/data,cifar10,False,float32,150,True,0,128,128,gaussian,device,image-classification.log,50,0.000900,0.3,"75,100,125",False,imperative,densenet21,0.9,4,adam,meta/plot,False,model,False,"2,2,2",,10,123,1,0,False,False,0.0,meta/tblogs'),123,,.,0.852464,0.992188,0.957111,0.999740
False,3,False,128,1,1,0,1.0,/home/joseph/systematic-evaluation/data/imagenet1k,/home/joseph/Projects/binary-networks/data,cifar10,False,float32,150,True,0,128,128,gaussian,device,image-classification.log,50,0.000900,0.3,"75,100,125",False,imperative,densenet21,0.9,4,adam,meta/plot,False,model,False,"2,2,2",,10,123,1,0,False,False,0.0,meta/tblogs'),124,,.,0.855769,0.993490,0.958160,0.999620
False,3,False,128,1,1,0,1.0,/home/joseph/systematic-evaluation/data/imagenet1k,/home/joseph/Projects/binary-networks/data,cifar10,False,float32,150,True,0,128,128,gaussian,device,image-classification.log,50,0.000900,0.3,"75,100,125",False,imperative,densenet21,0.9,4,adam,meta/plot,False,model,False,"2,2,2",,10,123,1,0,False,False,0.0,meta/tblogs'),125,,.,0.858574,0.993389,0.958460,0.999760
False,3,False,128,1,1,0,1.0,/home/joseph/systematic-evaluation/data/imagenet1k,/home/joseph/Projects/binary-networks/data,cifar10,False,float32,150,True,0,128,128,gaussian,device,image-classification.log,50,0.000270,0.3,"75,100,125",False,imperative,densenet21,0.9,4,adam,meta/plot,False,model,False,"2,2,2",,10,123,1,0,False,False,0.0,meta/tblogs'),126,,.,0.857772,0.992688,0.957292,0.999800
False,3,False,128,1,1,0,1.0,/home/joseph/systematic-evaluation/data/imagenet1k,/home/joseph/Projects/binary-networks/data,cifar10,False,float32,150,True,0,128,128,gaussian,device,image-classification.log,50,0.000270,0.3,"75,100,125",False,imperative,densenet21,0.9,4,adam,meta/plot,False,model,False,"2,2,2",,10,123,1,0,False,False,0.0,meta/tblogs'),127,,.,0.861478,0.992989,0.960378,0.999760
False,3,False,128,1,1,0,1.0,/home/joseph/systematic-evaluation/data/imagenet1k,/home/joseph/Projects/binary-networks/data,cifar10,False,float32,150,True,0,128,128,gaussian,device,image-classification.log,50,0.000270,0.3,"75,100,125",False,imperative,densenet21,0.9,4,adam,meta/plot,False,model,False,"2,2,2",,10,123,1,0,False,False,0.0,meta/tblogs'),128,,.,0.858474,0.993690,0.960737,0.999780
False,3,False,128,1,1,0,1.0,/home/joseph/systematic-evaluation/data/imagenet1k,/home/joseph/Projects/binary-networks/data,cifar10,False,float32,150,True,0,128,128,gaussian,device,image-classification.log,50,0.000270,0.3,"75,100,125",False,imperative,densenet21,0.9,4,adam,meta/plot,False,model,False,"2,2,2",,10,123,1,0,False,False,0.0,meta/tblogs'),129,,.,0.861946,0.993374,0.962256,0.999800
False,3,False,128,1,1,0,1.0,/home/joseph/systematic-evaluation/data/imagenet1k,/home/joseph/Projects/binary-networks/data,cifar10,False,float32,150,True,0,128,128,gaussian,device,image-classification.log,50,0.000270,0.3,"75,100,125",False,imperative,densenet21,0.9,4,adam,meta/plot,False,model,False,"2,2,2",,10,123,1,0,False,False,0.0,meta/tblogs'),130,,.,0.859475,0.993389,0.961717,0.999820
False,3,False,128,1,1,0,1.0,/home/joseph/systematic-evaluation/data/imagenet1k,/home/joseph/Projects/binary-networks/data,cifar10,False,float32,150,True,0,128,128,gaussian,device,image-classification.log,50,0.000270,0.3,"75,100,125",False,imperative,densenet21,0.9,4,adam,meta/plot,False,model,False,"2,2,2",,10,123,1,0,False,False,0.0,meta/tblogs'),131,,.,0.859675,0.993490,0.960076,0.999840
False,3,False,128,1,1,0,1.0,/home/joseph/systematic-evaluation/data/imagenet1k,/home/joseph/Projects/binary-networks/data,cifar10,False,float32,150,True,0,128,128,gaussian,device,image-classification.log,50,0.000270,0.3,"75,100,125",False,imperative,densenet21,0.9,4,adam,meta/plot,False,model,False,"2,2,2",,10,123,1,0,False,False,0.0,meta/tblogs'),132,,.,0.860176,0.992388,0.961517,0.999760
False,3,False,128,1,1,0,1.0,/home/joseph/systematic-evaluation/data/imagenet1k,/home/joseph/Projects/binary-networks/data,cifar10,False,float32,150,True,0,128,128,gaussian,device,image-classification.log,50,0.000270,0.3,"75,100,125",False,imperative,densenet21,0.9,4,adam,meta/plot,False,model,False,"2,2,2",,10,123,1,0,False,False,0.0,meta/tblogs'),133,,.,0.860877,0.993990,0.963535,0.999820
False,3,False,128,1,1,0,1.0,/home/joseph/systematic-evaluation/data/imagenet1k,/home/joseph/Projects/binary-networks/data,cifar10,False,float32,150,True,0,128,128,gaussian,device,image-classification.log,50,0.000270,0.3,"75,100,125",False,imperative,densenet21,0.9,4,adam,meta/plot,False,model,False,"2,2,2",,10,123,1,0,False,False,0.0,meta/tblogs'),134,,.,0.862981,0.993590,0.961398,0.999860
False,3,False,128,1,1,0,1.0,/home/joseph/systematic-evaluation/data/imagenet1k,/home/joseph/Projects/binary-networks/data,cifar10,False,float32,150,True,0,128,128,gaussian,device,image-classification.log,50,0.000270,0.3,"75,100,125",False,imperative,densenet21,0.9,4,adam,meta/plot,False,model,False,"2,2,2",,10,123,1,0,False,False,0.0,meta/tblogs'),135,,.,0.858073,0.992588,0.961857,0.999900
False,3,False,128,1,1,0,1.0,/home/joseph/systematic-evaluation/data/imagenet1k,/home/joseph/Projects/binary-networks/data,cifar10,False,float32,150,True,0,128,128,gaussian,device,image-classification.log,50,0.000270,0.3,"75,100,125",False,imperative,densenet21,0.9,4,adam,meta/plot,False,model,False,"2,2,2",,10,123,1,0,False,False,0.0,meta/tblogs'),136,,.,0.863882,0.992889,0.961839,0.999900
False,3,False,128,1,1,0,1.0,/home/joseph/systematic-evaluation/data/imagenet1k,/home/joseph/Projects/binary-networks/data,cifar10,False,float32,150,True,0,128,128,gaussian,device,image-classification.log,50,0.000270,0.3,"75,100,125",False,imperative,densenet21,0.9,4,adam,meta/plot,False,model,False,"2,2,2",,10,123,1,0,False,False,0.0,meta/tblogs'),137,,.,0.860562,0.993572,0.962856,0.999760
False,3,False,128,1,1,0,1.0,/home/joseph/systematic-evaluation/data/imagenet1k,/home/joseph/Projects/binary-networks/data,cifar10,False,float32,150,True,0,128,128,gaussian,device,image-classification.log,50,0.000270,0.3,"75,100,125",False,imperative,densenet21,0.9,4,adam,meta/plot,False,model,False,"2,2,2",,10,123,1,0,False,False,0.0,meta/tblogs'),138,,.,0.860978,0.993890,0.960957,0.999920
False,3,False,128,1,1,0,1.0,/home/joseph/systematic-evaluation/data/imagenet1k,/home/joseph/Projects/binary-networks/data,cifar10,False,float32,150,True,0,128,128,gaussian,device,image-classification.log,50,0.000270,0.3,"75,100,125",False,imperative,densenet21,0.9,4,adam,meta/plot,False,model,False,"2,2,2",,10,123,1,0,False,False,0.0,meta/tblogs'),139,,.,0.859675,0.994191,0.963341,0.999820
False,3,False,128,1,1,0,1.0,/home/joseph/systematic-evaluation/data/imagenet1k,/home/joseph/Projects/binary-networks/data,cifar10,False,float32,150,True,0,128,128,gaussian,device,image-classification.log,50,0.000270,0.3,"75,100,125",False,imperative,densenet21,0.9,4,adam,meta/plot,False,model,False,"2,2,2",,10,123,1,0,False,False,0.0,meta/tblogs'),140,,.,0.860677,0.993089,0.962816,0.999800
False,3,False,128,1,1,0,1.0,/home/joseph/systematic-evaluation/data/imagenet1k,/home/joseph/Projects/binary-networks/data,cifar10,False,float32,150,True,0,128,128,gaussian,device,image-classification.log,50,0.000270,0.3,"75,100,125",False,imperative,densenet21,0.9,4,adam,meta/plot,False,model,False,"2,2,2",,10,123,1,0,False,False,0.0,meta/tblogs'),141,,.,0.860978,0.992989,0.962396,0.999800
False,3,False,128,1,1,0,1.0,/home/joseph/systematic-evaluation/data/imagenet1k,/home/joseph/Projects/binary-networks/data,cifar10,False,float32,150,True,0,128,128,gaussian,device,image-classification.log,50,0.000270,0.3,"75,100,125",False,imperative,densenet21,0.9,4,adam,meta/plot,False,model,False,"2,2,2",,10,123,1,0,False,False,0.0,meta/tblogs'),142,,.,0.859876,0.992688,0.961759,0.999800
False,3,False,128,1,1,0,1.0,/home/joseph/systematic-evaluation/data/imagenet1k,/home/joseph/Projects/binary-networks/data,cifar10,False,float32,150,True,0,128,128,gaussian,device,image-classification.log,50,0.000270,0.3,"75,100,125",False,imperative,densenet21,0.9,4,adam,meta/plot,False,model,False,"2,2,2",,10,123,1,0,False,False,0.0,meta/tblogs'),143,,.,0.859175,0.993089,0.961277,0.999640
False,3,False,128,1,1,0,1.0,/home/joseph/systematic-evaluation/data/imagenet1k,/home/joseph/Projects/binary-networks/data,cifar10,False,float32,150,True,0,128,128,gaussian,device,image-classification.log,50,0.000270,0.3,"75,100,125",False,imperative,densenet21,0.9,4,adam,meta/plot,False,model,False,"2,2,2",,10,123,1,0,False,False,0.0,meta/tblogs'),144,,.,0.859876,0.994191,0.961999,0.999920
False,3,False,128,1,1,0,1.0,/home/joseph/systematic-evaluation/data/imagenet1k,/home/joseph/Projects/binary-networks/data,cifar10,False,float32,150,True,0,128,128,gaussian,device,image-classification.log,50,0.000270,0.3,"75,100,125",False,imperative,densenet21,0.9,4,adam,meta/plot,False,model,False,"2,2,2",,10,123,1,0,False,False,0.0,meta/tblogs'),145,,.,0.859573,0.993671,0.962416,0.999860
False,3,False,128,1,1,0,1.0,/home/joseph/systematic-evaluation/data/imagenet1k,/home/joseph/Projects/binary-networks/data,cifar10,False,float32,150,True,0,128,128,gaussian,device,image-classification.log,50,0.000270,0.3,"75,100,125",False,imperative,densenet21,0.9,4,adam,meta/plot,False,model,False,"2,2,2",,10,123,1,0,False,False,0.0,meta/tblogs'),146,,.,0.862981,0.994391,0.964254,0.999860
False,3,False,128,1,1,0,1.0,/home/joseph/systematic-evaluation/data/imagenet1k,/home/joseph/Projects/binary-networks/data,cifar10,False,float32,150,True,0,128,128,gaussian,device,image-classification.log,50,0.000270,0.3,"75,100,125",False,imperative,densenet21,0.9,4,adam,meta/plot,False,model,False,"2,2,2",,10,123,1,0,False,False,0.0,meta/tblogs'),147,,.,0.857772,0.994291,0.963421,0.999920
False,3,False,128,1,1,0,1.0,/home/joseph/systematic-evaluation/data/imagenet1k,/home/joseph/Projects/binary-networks/data,cifar10,False,float32,150,True,0,128,128,gaussian,device,image-classification.log,50,0.000270,0.3,"75,100,125",False,imperative,densenet21,0.9,4,adam,meta/plot,False,model,False,"2,2,2",,10,123,1,0,False,False,0.0,meta/tblogs'),148,,.,0.859275,0.993890,0.962596,0.999900
False,3,False,128,1,1,0,1.0,/home/joseph/systematic-evaluation/data/imagenet1k,/home/joseph/Projects/binary-networks/data,cifar10,False,float32,150,True,0,128,128,gaussian,device,image-classification.log,50,0.000270,0.3,"75,100,125",False,imperative,densenet21,0.9,4,adam,meta/plot,False,model,False,"2,2,2",,10,123,1,0,False,False,0.0,meta/tblogs'),149,,.,0.861178,0.993990,0.963415,0.999840
False,3,False,128,1,1,0,1.0,/home/joseph/systematic-evaluation/data/imagenet1k,/home/joseph/Projects/binary-networks/data,cifar10,False,float32,150,True,0,128,128,gaussian,device,image-classification.log,50,0.000270,0.3,"75,100,125",False,imperative,densenet21,0.9,4,adam,meta/plot,False,model,False,"2,2,2",,10,123,1,0,False,False,0.0,meta/tblogs'),150,,.,0.860076,0.993289,0.962921,0.999860
