num_params,num_params_q,model_size,model_size_q,flops_total,flops_fp,flops_q,flops_combined,activation_method,add_relu_to_downsample,approximation,augmentation,batch_norm,batch_size,batchnorm_at_end,bits,bits_a,block_config,builtin_profiler,clip_threshold,clip_threshold_steps,data_dir,data_path,dataset,dilated,downsample_sc_groups,downsample_structure,dry_run,dtype,epochs,fp_downsample_sc,gpus,growth_rate,improvement_block_type,init_features,initial_layers,initialization,interrupt_at,kvstore,log,log_interval,lr,lr_factor,lr_mode,lr_steps,mode,model,momentum,num_workers,optimizer,plot_network,pool_downsample_sc,prefix,profile,progress,reduction,resume,resume_states,save_frequency,seed,slices,start_epoch,test_run,use_pretrained,warmup_epochs,warmup_lr,wd,weight_quantization,write_summary,epoch,time,exp_folder_name,val_acc,val_acc_top_k_5,train_acc,train_acc_top_k_5
21793998,21086208,83.14,5.21,3610000000.0,87910000.0,3530000000.0,143000000.0,det_sign,,,medium,,32,,1,1,,0,1.3,,/data/common/ImageNet/rec,/data/common/other,imagenet,,1,,False,float32,120,True,"0,1",,,,deepstem_grouped,gaussian,None,device,image-classification.log,100,0.002000,0.1,cosine,"30,60,90",cosine,resnet34_e1,0.9,4,radam,meta/plot,True,model,False,meta/eta,,,,1,123,1,0,False,False,0,0.0,0.0,det_sign,meta/tblogs,1, 6127.480745,304_imagenet_resnet34_e1_radam,0.243067,0.470528,0.102182,0.236124
21793998,21086208,83.14,5.21,3610000000.0,87910000.0,3530000000.0,143000000.0,det_sign,,,medium,,32,,1,1,,0,1.3,,/data/common/ImageNet/rec,/data/common/other,imagenet,,1,,False,float32,120,True,"0,1",,,,deepstem_grouped,gaussian,None,device,image-classification.log,100,0.001999,0.1,cosine,"30,60,90",cosine,resnet34_e1,0.9,4,radam,meta/plot,True,model,False,meta/eta,,,,1,123,1,0,False,False,0,0.0,0.0,det_sign,meta/tblogs,2, 6275.877948,304_imagenet_resnet34_e1_radam,0.353533,0.607955,0.263737,0.485373
21793998,21086208,83.14,5.21,3610000000.0,87910000.0,3530000000.0,143000000.0,det_sign,,,medium,,32,,1,1,,0,1.3,,/data/common/ImageNet/rec,/data/common/other,imagenet,,1,,False,float32,120,True,"0,1",,,,deepstem_grouped,gaussian,None,device,image-classification.log,100,0.001997,0.1,cosine,"30,60,90",cosine,resnet34_e1,0.9,4,radam,meta/plot,True,model,False,meta/eta,,,,1,123,1,0,False,False,0,0.0,0.0,det_sign,meta/tblogs,3, 5926.661957,304_imagenet_resnet34_e1_radam,0.407170,0.660491,0.333046,0.566988
21793998,21086208,83.14,5.21,3610000000.0,87910000.0,3530000000.0,143000000.0,det_sign,,,medium,,32,,1,1,,0,1.3,,/data/common/ImageNet/rec,/data/common/other,imagenet,,1,,False,float32,120,True,"0,1",,,,deepstem_grouped,gaussian,None,device,image-classification.log,100,0.001995,0.1,cosine,"30,60,90",cosine,resnet34_e1,0.9,4,radam,meta/plot,True,model,False,meta/eta,,,,1,123,1,0,False,False,0,0.0,0.0,det_sign,meta/tblogs,4, 6005.212956,304_imagenet_resnet34_e1_radam,0.437020,0.684839,0.371541,0.608050
21793998,21086208,83.14,5.21,3610000000.0,87910000.0,3530000000.0,143000000.0,det_sign,,,medium,,32,,1,1,,0,1.3,,/data/common/ImageNet/rec,/data/common/other,imagenet,,1,,False,float32,120,True,"0,1",,,,deepstem_grouped,gaussian,None,device,image-classification.log,100,0.001991,0.1,cosine,"30,60,90",cosine,resnet34_e1,0.9,4,radam,meta/plot,True,model,False,meta/eta,,,,1,123,1,0,False,False,0,0.0,0.0,det_sign,meta/tblogs,5, 5947.018544,304_imagenet_resnet34_e1_radam,0.457241,0.704843,0.395697,0.632935
21793998,21086208,83.14,5.21,3610000000.0,87910000.0,3530000000.0,143000000.0,det_sign,,,medium,,32,,1,1,,0,1.3,,/data/common/ImageNet/rec,/data/common/other,imagenet,,1,,False,float32,120,True,"0,1",,,,deepstem_grouped,gaussian,None,device,image-classification.log,100,0.001988,0.1,cosine,"30,60,90",cosine,resnet34_e1,0.9,4,radam,meta/plot,True,model,False,meta/eta,,,,1,123,1,0,False,False,0,0.0,0.0,det_sign,meta/tblogs,6, 5969.990091,304_imagenet_resnet34_e1_radam,0.474132,0.716049,0.413698,0.650582
21793998,21086208,83.14,5.21,3610000000.0,87910000.0,3530000000.0,143000000.0,det_sign,,,medium,,32,,1,1,,0,1.3,,/data/common/ImageNet/rec,/data/common/other,imagenet,,1,,False,float32,120,True,"0,1",,,,deepstem_grouped,gaussian,None,device,image-classification.log,100,0.001983,0.1,cosine,"30,60,90",cosine,resnet34_e1,0.9,4,radam,meta/plot,True,model,False,meta/eta,,,,1,123,1,0,False,False,0,0.0,0.0,det_sign,meta/tblogs,7, 6015.240409,304_imagenet_resnet34_e1_radam,0.479914,0.726252,0.428253,0.664781
21793998,21086208,83.14,5.21,3610000000.0,87910000.0,3530000000.0,143000000.0,det_sign,,,medium,,32,,1,1,,0,1.3,,/data/common/ImageNet/rec,/data/common/other,imagenet,,1,,False,float32,120,True,"0,1",,,,deepstem_grouped,gaussian,None,device,image-classification.log,100,0.001978,0.1,cosine,"30,60,90",cosine,resnet34_e1,0.9,4,radam,meta/plot,True,model,False,meta/eta,,,,1,123,1,0,False,False,0,0.0,0.0,det_sign,meta/tblogs,8, 6014.854998,304_imagenet_resnet34_e1_radam,0.497519,0.737836,0.438959,0.674421
21793998,21086208,83.14,5.21,3610000000.0,87910000.0,3530000000.0,143000000.0,det_sign,,,medium,,32,,1,1,,0,1.3,,/data/common/ImageNet/rec,/data/common/other,imagenet,,1,,False,float32,120,True,"0,1",,,,deepstem_grouped,gaussian,None,device,image-classification.log,100,0.001972,0.1,cosine,"30,60,90",cosine,resnet34_e1,0.9,4,radam,meta/plot,True,model,False,meta/eta,,,,1,123,1,0,False,False,0,0.0,0.0,det_sign,meta/tblogs,9, 6016.793030,304_imagenet_resnet34_e1_radam,0.500539,0.740429,0.448336,0.683417
21793998,21086208,83.14,5.21,3610000000.0,87910000.0,3530000000.0,143000000.0,det_sign,,,medium,,32,,1,1,,0,1.3,,/data/common/ImageNet/rec,/data/common/other,imagenet,,1,,False,float32,120,True,"0,1",,,,deepstem_grouped,gaussian,None,device,image-classification.log,100,0.001966,0.1,cosine,"30,60,90",cosine,resnet34_e1,0.9,4,radam,meta/plot,True,model,False,meta/eta,,,,1,123,1,0,False,False,0,0.0,0.0,det_sign,meta/tblogs,10, 6088.609306,304_imagenet_resnet34_e1_radam,0.508023,0.749860,0.456196,0.690970
21793998,21086208,83.14,5.21,3610000000.0,87910000.0,3530000000.0,143000000.0,det_sign,,,medium,,32,,1,1,,0,1.3,,/data/common/ImageNet/rec,/data/common/other,imagenet,,1,,False,float32,120,True,"0,1",,,,deepstem_grouped,gaussian,None,device,image-classification.log,100,0.001959,0.1,cosine,"30,60,90",cosine,resnet34_e1,0.9,4,radam,meta/plot,True,model,False,meta/eta,,,,1,123,1,0,False,False,0,0.0,0.0,det_sign,meta/tblogs,11, 6236.072949,304_imagenet_resnet34_e1_radam,0.508663,0.749100,0.464048,0.697479
21793998,21086208,83.14,5.21,3610000000.0,87910000.0,3530000000.0,143000000.0,det_sign,,,medium,,32,,1,1,,0,1.3,,/data/common/ImageNet/rec,/data/common/other,imagenet,,1,,False,float32,120,True,"0,1",,,,deepstem_grouped,gaussian,None,device,image-classification.log,100,0.001951,0.1,cosine,"30,60,90",cosine,resnet34_e1,0.9,4,radam,meta/plot,True,model,False,meta/eta,,,,1,123,1,0,False,False,0,0.0,0.0,det_sign,meta/tblogs,12, 6032.333320,304_imagenet_resnet34_e1_radam,0.517726,0.759103,0.470328,0.703664
21793998,21086208,83.14,5.21,3610000000.0,87910000.0,3530000000.0,143000000.0,det_sign,,,medium,,32,,1,1,,0,1.3,,/data/common/ImageNet/rec,/data/common/other,imagenet,,1,,False,float32,120,True,"0,1",,,,deepstem_grouped,gaussian,None,device,image-classification.log,100,0.001943,0.1,cosine,"30,60,90",cosine,resnet34_e1,0.9,4,radam,meta/plot,True,model,False,meta/eta,,,,1,123,1,0,False,False,0,0.0,0.0,det_sign,meta/tblogs,13, 6214.249625,304_imagenet_resnet34_e1_radam,0.526894,0.764306,0.475709,0.708053
21793998,21086208,83.14,5.21,3610000000.0,87910000.0,3530000000.0,143000000.0,det_sign,,,medium,,32,,1,1,,0,1.3,,/data/common/ImageNet/rec,/data/common/other,imagenet,,1,,False,float32,120,True,"0,1",,,,deepstem_grouped,gaussian,None,device,image-classification.log,100,0.001934,0.1,cosine,"30,60,90",cosine,resnet34_e1,0.9,4,radam,meta/plot,True,model,False,meta/eta,,,,1,123,1,0,False,False,0,0.0,0.0,det_sign,meta/tblogs,14, 5819.554170,304_imagenet_resnet34_e1_radam,0.529930,0.765125,0.480367,0.713040
21793998,21086208,83.14,5.21,3610000000.0,87910000.0,3530000000.0,143000000.0,det_sign,,,medium,,32,,1,1,,0,1.3,,/data/common/ImageNet/rec,/data/common/other,imagenet,,1,,False,float32,120,True,"0,1",,,,deepstem_grouped,gaussian,None,device,image-classification.log,100,0.001924,0.1,cosine,"30,60,90",cosine,resnet34_e1,0.9,4,radam,meta/plot,True,model,False,meta/eta,,,,1,123,1,0,False,False,0,0.0,0.0,det_sign,meta/tblogs,15, 5910.943825,304_imagenet_resnet34_e1_radam,0.532730,0.769106,0.485168,0.716771
21793998,21086208,83.14,5.21,3610000000.0,87910000.0,3530000000.0,143000000.0,det_sign,,,medium,,32,,1,1,,0,1.3,,/data/common/ImageNet/rec,/data/common/other,imagenet,,1,,False,float32,120,True,"0,1",,,,deepstem_grouped,gaussian,None,device,image-classification.log,100,0.001914,0.1,cosine,"30,60,90",cosine,resnet34_e1,0.9,4,radam,meta/plot,True,model,False,meta/eta,,,,1,123,1,0,False,False,0,0.0,0.0,det_sign,meta/tblogs,16, 6058.675841,304_imagenet_resnet34_e1_radam,0.538052,0.773067,0.490149,0.720936
21793998,21086208,83.14,5.21,3610000000.0,87910000.0,3530000000.0,143000000.0,det_sign,,,medium,,32,,1,1,,0,1.3,,/data/common/ImageNet/rec,/data/common/other,imagenet,,1,,False,float32,120,True,"0,1",,,,deepstem_grouped,gaussian,None,device,image-classification.log,100,0.001903,0.1,cosine,"30,60,90",cosine,resnet34_e1,0.9,4,radam,meta/plot,True,model,False,meta/eta,,,,1,123,1,0,False,False,0,0.0,0.0,det_sign,meta/tblogs,17, 6023.687475,304_imagenet_resnet34_e1_radam,0.538123,0.773198,0.493046,0.724366
21793998,21086208,83.14,5.21,3610000000.0,87910000.0,3530000000.0,143000000.0,det_sign,,,medium,,32,,1,1,,0,1.3,,/data/common/ImageNet/rec,/data/common/other,imagenet,,1,,False,float32,120,True,"0,1",,,,deepstem_grouped,gaussian,None,device,image-classification.log,100,0.001891,0.1,cosine,"30,60,90",cosine,resnet34_e1,0.9,4,radam,meta/plot,True,model,False,meta/eta,,,,1,123,1,0,False,False,0,0.0,0.0,det_sign,meta/tblogs,18, 5909.802064,304_imagenet_resnet34_e1_radam,0.548456,0.781030,0.497612,0.726966
21793998,21086208,83.14,5.21,3610000000.0,87910000.0,3530000000.0,143000000.0,det_sign,,,medium,,32,,1,1,,0,1.3,,/data/common/ImageNet/rec,/data/common/other,imagenet,,1,,False,float32,120,True,"0,1",,,,deepstem_grouped,gaussian,None,device,image-classification.log,100,0.001879,0.1,cosine,"30,60,90",cosine,resnet34_e1,0.9,4,radam,meta/plot,True,model,False,meta/eta,,,,1,123,1,0,False,False,0,0.0,0.0,det_sign,meta/tblogs,19, 5994.867218,304_imagenet_resnet34_e1_radam,0.548936,0.783611,0.500478,0.730291
21793998,21086208,83.14,5.21,3610000000.0,87910000.0,3530000000.0,143000000.0,det_sign,,,medium,,32,,1,1,,0,1.3,,/data/common/ImageNet/rec,/data/common/other,imagenet,,1,,False,float32,120,True,"0,1",,,,deepstem_grouped,gaussian,None,device,image-classification.log,100,0.001866,0.1,cosine,"30,60,90",cosine,resnet34_e1,0.9,4,radam,meta/plot,True,model,False,meta/eta,,,,1,123,1,0,False,False,0,0.0,0.0,det_sign,meta/tblogs,20, 5858.528645,304_imagenet_resnet34_e1_radam,0.546575,0.781250,0.503121,0.732264
21793998,21086208,83.14,5.21,3610000000.0,87910000.0,3530000000.0,143000000.0,det_sign,,,medium,,32,,1,1,,0,1.3,,/data/common/ImageNet/rec,/data/common/other,imagenet,,1,,False,float32,120,True,"0,1",,,,deepstem_grouped,gaussian,None,device,image-classification.log,100,0.001853,0.1,cosine,"30,60,90",cosine,resnet34_e1,0.9,4,radam,meta/plot,True,model,False,meta/eta,,,,1,123,1,0,False,False,0,0.0,0.0,det_sign,meta/tblogs,21, 6042.009882,304_imagenet_resnet34_e1_radam,0.554328,0.786245,0.506185,0.735258
21793998,21086208,83.14,5.21,3610000000.0,87910000.0,3530000000.0,143000000.0,det_sign,,,medium,,32,,1,1,,0,1.3,,/data/common/ImageNet/rec,/data/common/other,imagenet,,1,,False,float32,120,True,"0,1",,,,deepstem_grouped,gaussian,None,device,image-classification.log,100,0.001839,0.1,cosine,"30,60,90",cosine,resnet34_e1,0.9,4,radam,meta/plot,True,model,False,meta/eta,,,,1,123,1,0,False,False,0,0.0,0.0,det_sign,meta/tblogs,22, 6015.432426,304_imagenet_resnet34_e1_radam,0.558679,0.789133,0.509511,0.737909
21793998,21086208,83.14,5.21,3610000000.0,87910000.0,3530000000.0,143000000.0,det_sign,,,medium,,32,,1,1,,0,1.3,,/data/common/ImageNet/rec,/data/common/other,imagenet,,1,,False,float32,120,True,"0,1",,,,deepstem_grouped,gaussian,None,device,image-classification.log,100,0.001824,0.1,cosine,"30,60,90",cosine,resnet34_e1,0.9,4,radam,meta/plot,True,model,False,meta/eta,,,,1,123,1,0,False,False,0,0.0,0.0,det_sign,meta/tblogs,23, 6056.001275,304_imagenet_resnet34_e1_radam,0.556218,0.789953,0.511615,0.739474
21793998,21086208,83.14,5.21,3610000000.0,87910000.0,3530000000.0,143000000.0,det_sign,,,medium,,32,,1,1,,0,1.3,,/data/common/ImageNet/rec,/data/common/other,imagenet,,1,,False,float32,120,True,"0,1",,,,deepstem_grouped,gaussian,None,device,image-classification.log,100,0.001809,0.1,cosine,"30,60,90",cosine,resnet34_e1,0.9,4,radam,meta/plot,True,model,False,meta/eta,,,,1,123,1,0,False,False,0,0.0,0.0,det_sign,meta/tblogs,24, 6044.475451,304_imagenet_resnet34_e1_radam,0.558039,0.791133,0.514678,0.742561
21793998,21086208,83.14,5.21,3610000000.0,87910000.0,3530000000.0,143000000.0,det_sign,,,medium,,32,,1,1,,0,1.3,,/data/common/ImageNet/rec,/data/common/other,imagenet,,1,,False,float32,120,True,"0,1",,,,deepstem_grouped,gaussian,None,device,image-classification.log,100,0.001793,0.1,cosine,"30,60,90",cosine,resnet34_e1,0.9,4,radam,meta/plot,True,model,False,meta/eta,,,,1,123,1,0,False,False,0,0.0,0.0,det_sign,meta/tblogs,25, 6095.393337,304_imagenet_resnet34_e1_radam,0.556865,0.789942,0.517028,0.744431
21793998,21086208,83.14,5.21,3610000000.0,87910000.0,3530000000.0,143000000.0,det_sign,,,medium,,32,,1,1,,0,1.3,,/data/common/ImageNet/rec,/data/common/other,imagenet,,1,,False,float32,120,True,"0,1",,,,deepstem_grouped,gaussian,None,device,image-classification.log,100,0.001777,0.1,cosine,"30,60,90",cosine,resnet34_e1,0.9,4,radam,meta/plot,True,model,False,meta/eta,,,,1,123,1,0,False,False,0,0.0,0.0,det_sign,meta/tblogs,26, 6100.471175,304_imagenet_resnet34_e1_radam,0.557038,0.788132,0.519510,0.746736
21793998,21086208,83.14,5.21,3610000000.0,87910000.0,3530000000.0,143000000.0,det_sign,,,medium,,32,,1,1,,0,1.3,,/data/common/ImageNet/rec,/data/common/other,imagenet,,1,,False,float32,120,True,"0,1",,,,deepstem_grouped,gaussian,None,device,image-classification.log,100,0.001760,0.1,cosine,"30,60,90",cosine,resnet34_e1,0.9,4,radam,meta/plot,True,model,False,meta/eta,,,,1,123,1,0,False,False,0,0.0,0.0,det_sign,meta/tblogs,27, 6193.771959,304_imagenet_resnet34_e1_radam,0.564461,0.796715,0.520719,0.748188
21793998,21086208,83.14,5.21,3610000000.0,87910000.0,3530000000.0,143000000.0,det_sign,,,medium,,32,,1,1,,0,1.3,,/data/common/ImageNet/rec,/data/common/other,imagenet,,1,,False,float32,120,True,"0,1",,,,deepstem_grouped,gaussian,None,device,image-classification.log,100,0.001743,0.1,cosine,"30,60,90",cosine,resnet34_e1,0.9,4,radam,meta/plot,True,model,False,meta/eta,,,,1,123,1,0,False,False,0,0.0,0.0,det_sign,meta/tblogs,28, 6003.775774,304_imagenet_resnet34_e1_radam,0.566641,0.797875,0.522593,0.748828
21793998,21086208,83.14,5.21,3610000000.0,87910000.0,3530000000.0,143000000.0,det_sign,,,medium,,32,,1,1,,0,1.3,,/data/common/ImageNet/rec,/data/common/other,imagenet,,1,,False,float32,120,True,"0,1",,,,deepstem_grouped,gaussian,None,device,image-classification.log,100,0.001725,0.1,cosine,"30,60,90",cosine,resnet34_e1,0.9,4,radam,meta/plot,True,model,False,meta/eta,,,,1,123,1,0,False,False,0,0.0,0.0,det_sign,meta/tblogs,29, 6145.693929,304_imagenet_resnet34_e1_radam,0.566196,0.798414,0.524914,0.751557
21793998,21086208,83.14,5.21,3610000000.0,87910000.0,3530000000.0,143000000.0,det_sign,,,medium,,32,,1,1,,0,1.3,,/data/common/ImageNet/rec,/data/common/other,imagenet,,1,,False,float32,120,True,"0,1",,,,deepstem_grouped,gaussian,None,device,image-classification.log,100,0.001707,0.1,cosine,"30,60,90",cosine,resnet34_e1,0.9,4,radam,meta/plot,True,model,False,meta/eta,,,,1,123,1,0,False,False,0,0.0,0.0,det_sign,meta/tblogs,30, 6164.668363,304_imagenet_resnet34_e1_radam,0.570042,0.799056,0.527237,0.753106
21793998,21086208,83.14,5.21,3610000000.0,87910000.0,3530000000.0,143000000.0,det_sign,,,medium,,32,,1,1,,0,1.3,,/data/common/ImageNet/rec,/data/common/other,imagenet,,1,,False,float32,120,True,"0,1",,,,deepstem_grouped,gaussian,None,device,image-classification.log,100,0.001688,0.1,cosine,"30,60,90",cosine,resnet34_e1,0.9,4,radam,meta/plot,True,model,False,meta/eta,,,,1,123,1,0,False,False,0,0.0,0.0,det_sign,meta/tblogs,31, 6261.205508,304_imagenet_resnet34_e1_radam,0.573043,0.802797,0.529566,0.754917
21793998,21086208,83.14,5.21,3610000000.0,87910000.0,3530000000.0,143000000.0,det_sign,,,medium,,32,,1,1,,0,1.3,,/data/common/ImageNet/rec,/data/common/other,imagenet,,1,,False,float32,120,True,"0,1",,,,deepstem_grouped,gaussian,None,device,image-classification.log,100,0.001669,0.1,cosine,"30,60,90",cosine,resnet34_e1,0.9,4,radam,meta/plot,True,model,False,meta/eta,,,,1,123,1,0,False,False,0,0.0,0.0,det_sign,meta/tblogs,32, 6282.780023,304_imagenet_resnet34_e1_radam,0.573844,0.802117,0.530968,0.755564
21793998,21086208,83.14,5.21,3610000000.0,87910000.0,3530000000.0,143000000.0,det_sign,,,medium,,32,,1,1,,0,1.3,,/data/common/ImageNet/rec,/data/common/other,imagenet,,1,,False,float32,120,True,"0,1",,,,deepstem_grouped,gaussian,None,device,image-classification.log,100,0.001649,0.1,cosine,"30,60,90",cosine,resnet34_e1,0.9,4,radam,meta/plot,True,model,False,meta/eta,,,,1,123,1,0,False,False,0,0.0,0.0,det_sign,meta/tblogs,33, 6315.865243,304_imagenet_resnet34_e1_radam,0.573509,0.800531,0.532504,0.757050
21793998,21086208,83.14,5.21,3610000000.0,87910000.0,3530000000.0,143000000.0,det_sign,,,medium,,32,,1,1,,0,1.3,,/data/common/ImageNet/rec,/data/common/other,imagenet,,1,,False,float32,120,True,"0,1",,,,deepstem_grouped,gaussian,None,device,image-classification.log,100,0.001629,0.1,cosine,"30,60,90",cosine,resnet34_e1,0.9,4,radam,meta/plot,True,model,False,meta/eta,,,,1,123,1,0,False,False,0,0.0,0.0,det_sign,meta/tblogs,34, 6009.535185,304_imagenet_resnet34_e1_radam,0.575184,0.804417,0.534001,0.758886
21793998,21086208,83.14,5.21,3610000000.0,87910000.0,3530000000.0,143000000.0,det_sign,,,medium,,32,,1,1,,0,1.3,,/data/common/ImageNet/rec,/data/common/other,imagenet,,1,,False,float32,120,True,"0,1",,,,deepstem_grouped,gaussian,None,device,image-classification.log,100,0.001609,0.1,cosine,"30,60,90",cosine,resnet34_e1,0.9,4,radam,meta/plot,True,model,False,meta/eta,,,,1,123,1,0,False,False,0,0.0,0.0,det_sign,meta/tblogs,35, 6066.911358,304_imagenet_resnet34_e1_radam,0.577085,0.804758,0.535949,0.760268
21793998,21086208,83.14,5.21,3610000000.0,87910000.0,3530000000.0,143000000.0,det_sign,,,medium,,32,,1,1,,0,1.3,,/data/common/ImageNet/rec,/data/common/other,imagenet,,1,,False,float32,120,True,"0,1",,,,deepstem_grouped,gaussian,None,device,image-classification.log,100,0.001588,0.1,cosine,"30,60,90",cosine,resnet34_e1,0.9,4,radam,meta/plot,True,model,False,meta/eta,,,,1,123,1,0,False,False,0,0.0,0.0,det_sign,meta/tblogs,36, 6295.063784,304_imagenet_resnet34_e1_radam,0.575724,0.806518,0.536918,0.761216
21793998,21086208,83.14,5.21,3610000000.0,87910000.0,3530000000.0,143000000.0,det_sign,,,medium,,32,,1,1,,0,1.3,,/data/common/ImageNet/rec,/data/common/other,imagenet,,1,,False,float32,120,True,"0,1",,,,deepstem_grouped,gaussian,None,device,image-classification.log,100,0.001566,0.1,cosine,"30,60,90",cosine,resnet34_e1,0.9,4,radam,meta/plot,True,model,False,meta/eta,,,,1,123,1,0,False,False,0,0.0,0.0,det_sign,meta/tblogs,37, 6281.474533,304_imagenet_resnet34_e1_radam,0.580083,0.807884,0.538895,0.763091
21793998,21086208,83.14,5.21,3610000000.0,87910000.0,3530000000.0,143000000.0,det_sign,,,medium,,32,,1,1,,0,1.3,,/data/common/ImageNet/rec,/data/common/other,imagenet,,1,,False,float32,120,True,"0,1",,,,deepstem_grouped,gaussian,None,device,image-classification.log,100,0.001545,0.1,cosine,"30,60,90",cosine,resnet34_e1,0.9,4,radam,meta/plot,True,model,False,meta/eta,,,,1,123,1,0,False,False,0,0.0,0.0,det_sign,meta/tblogs,38, 6147.646977,304_imagenet_resnet34_e1_radam,0.583747,0.811260,0.541113,0.764022
21793998,21086208,83.14,5.21,3610000000.0,87910000.0,3530000000.0,143000000.0,det_sign,,,medium,,32,,1,1,,0,1.3,,/data/common/ImageNet/rec,/data/common/other,imagenet,,1,,False,float32,120,True,"0,1",,,,deepstem_grouped,gaussian,None,device,image-classification.log,100,0.001523,0.1,cosine,"30,60,90",cosine,resnet34_e1,0.9,4,radam,meta/plot,True,model,False,meta/eta,,,,1,123,1,0,False,False,0,0.0,0.0,det_sign,meta/tblogs,39, 6290.266051,304_imagenet_resnet34_e1_radam,0.582666,0.808759,0.542403,0.765311
21793998,21086208,83.14,5.21,3610000000.0,87910000.0,3530000000.0,143000000.0,det_sign,,,medium,,32,,1,1,,0,1.3,,/data/common/ImageNet/rec,/data/common/other,imagenet,,1,,False,float32,120,True,"0,1",,,,deepstem_grouped,gaussian,None,device,image-classification.log,100,0.001500,0.1,cosine,"30,60,90",cosine,resnet34_e1,0.9,4,radam,meta/plot,True,model,False,meta/eta,,,,1,123,1,0,False,False,0,0.0,0.0,det_sign,meta/tblogs,40, 6221.139809,304_imagenet_resnet34_e1_radam,0.579706,0.810219,0.543808,0.766882
21793998,21086208,83.14,5.21,3610000000.0,87910000.0,3530000000.0,143000000.0,det_sign,,,medium,,32,,1,1,,0,1.3,,/data/common/ImageNet/rec,/data/common/other,imagenet,,1,,False,float32,120,True,"0,1",,,,deepstem_grouped,gaussian,None,device,image-classification.log,100,0.001477,0.1,cosine,"30,60,90",cosine,resnet34_e1,0.9,4,radam,meta/plot,True,model,False,meta/eta,,,,1,123,1,0,False,False,0,0.0,0.0,det_sign,meta/tblogs,41, 6369.696149,304_imagenet_resnet34_e1_radam,0.584679,0.813199,0.545943,0.767809
21793998,21086208,83.14,5.21,3610000000.0,87910000.0,3530000000.0,143000000.0,det_sign,,,medium,,32,,1,1,,0,1.3,,/data/common/ImageNet/rec,/data/common/other,imagenet,,1,,False,float32,120,True,"0,1",,,,deepstem_grouped,gaussian,None,device,image-classification.log,100,0.001454,0.1,cosine,"30,60,90",cosine,resnet34_e1,0.9,4,radam,meta/plot,True,model,False,meta/eta,,,,1,123,1,0,False,False,0,0.0,0.0,det_sign,meta/tblogs,42, 6346.505570,304_imagenet_resnet34_e1_radam,0.584487,0.811860,0.546329,0.768519
21793998,21086208,83.14,5.21,3610000000.0,87910000.0,3530000000.0,143000000.0,det_sign,,,medium,,32,,1,1,,0,1.3,,/data/common/ImageNet/rec,/data/common/other,imagenet,,1,,False,float32,120,True,"0,1",,,,deepstem_grouped,gaussian,None,device,image-classification.log,100,0.001431,0.1,cosine,"30,60,90",cosine,resnet34_e1,0.9,4,radam,meta/plot,True,model,False,meta/eta,,,,1,123,1,0,False,False,0,0.0,0.0,det_sign,meta/tblogs,43, 6276.944909,304_imagenet_resnet34_e1_radam,0.587368,0.813400,0.548646,0.770079
21793998,21086208,83.14,5.21,3610000000.0,87910000.0,3530000000.0,143000000.0,det_sign,,,medium,,32,,1,1,,0,1.3,,/data/common/ImageNet/rec,/data/common/other,imagenet,,1,,False,float32,120,True,"0,1",,,,deepstem_grouped,gaussian,None,device,image-classification.log,100,0.001407,0.1,cosine,"30,60,90",cosine,resnet34_e1,0.9,4,radam,meta/plot,True,model,False,meta/eta,,,,1,123,1,0,False,False,0,0.0,0.0,det_sign,meta/tblogs,44, 6279.676580,304_imagenet_resnet34_e1_radam,0.590369,0.814261,0.549043,0.770749
21793998,21086208,83.14,5.21,3610000000.0,87910000.0,3530000000.0,143000000.0,det_sign,,,medium,,32,,1,1,,0,1.3,,/data/common/ImageNet/rec,/data/common/other,imagenet,,1,,False,float32,120,True,"0,1",,,,deepstem_grouped,gaussian,None,device,image-classification.log,100,0.001383,0.1,cosine,"30,60,90",cosine,resnet34_e1,0.9,4,radam,meta/plot,True,model,False,meta/eta,,,,1,123,1,0,False,False,0,0.0,0.0,det_sign,meta/tblogs,45, 6369.213197,304_imagenet_resnet34_e1_radam,0.587016,0.812660,0.551705,0.772638
21793998,21086208,83.14,5.21,3610000000.0,87910000.0,3530000000.0,143000000.0,det_sign,,,medium,,32,,1,1,,0,1.3,,/data/common/ImageNet/rec,/data/common/other,imagenet,,1,,False,float32,120,True,"0,1",,,,deepstem_grouped,gaussian,None,device,image-classification.log,100,0.001358,0.1,cosine,"30,60,90",cosine,resnet34_e1,0.9,4,radam,meta/plot,True,model,False,meta/eta,,,,1,123,1,0,False,False,0,0.0,0.0,det_sign,meta/tblogs,46, 6036.165709,304_imagenet_resnet34_e1_radam,0.589249,0.814401,0.552937,0.773363
21793998,21086208,83.14,5.21,3610000000.0,87910000.0,3530000000.0,143000000.0,det_sign,,,medium,,32,,1,1,,0,1.3,,/data/common/ImageNet/rec,/data/common/other,imagenet,,1,,False,float32,120,True,"0,1",,,,deepstem_grouped,gaussian,None,device,image-classification.log,100,0.001334,0.1,cosine,"30,60,90",cosine,resnet34_e1,0.9,4,radam,meta/plot,True,model,False,meta/eta,,,,1,123,1,0,False,False,0,0.0,0.0,det_sign,meta/tblogs,47, 6266.877621,304_imagenet_resnet34_e1_radam,0.590089,0.816001,0.553481,0.774453
21793998,21086208,83.14,5.21,3610000000.0,87910000.0,3530000000.0,143000000.0,det_sign,,,medium,,32,,1,1,,0,1.3,,/data/common/ImageNet/rec,/data/common/other,imagenet,,1,,False,float32,120,True,"0,1",,,,deepstem_grouped,gaussian,None,device,image-classification.log,100,0.001309,0.1,cosine,"30,60,90",cosine,resnet34_e1,0.9,4,radam,meta/plot,True,model,False,meta/eta,,,,1,123,1,0,False,False,0,0.0,0.0,det_sign,meta/tblogs,48, 6381.436667,304_imagenet_resnet34_e1_radam,0.591929,0.816581,0.555059,0.775853
21793998,21086208,83.14,5.21,3610000000.0,87910000.0,3530000000.0,143000000.0,det_sign,,,medium,,32,,1,1,,0,1.3,,/data/common/ImageNet/rec,/data/common/other,imagenet,,1,,False,float32,120,True,"0,1",,,,deepstem_grouped,gaussian,None,device,image-classification.log,100,0.001284,0.1,cosine,"30,60,90",cosine,resnet34_e1,0.9,4,radam,meta/plot,True,model,False,meta/eta,,,,1,123,1,0,False,False,0,0.0,0.0,det_sign,meta/tblogs,49, 6300.948759,304_imagenet_resnet34_e1_radam,0.595988,0.820432,0.556622,0.776368
21793998,21086208,83.14,5.21,3610000000.0,87910000.0,3530000000.0,143000000.0,det_sign,,,medium,,32,,1,1,,0,1.3,,/data/common/ImageNet/rec,/data/common/other,imagenet,,1,,False,float32,120,True,"0,1",,,,deepstem_grouped,gaussian,None,device,image-classification.log,100,0.001259,0.1,cosine,"30,60,90",cosine,resnet34_e1,0.9,4,radam,meta/plot,True,model,False,meta/eta,,,,1,123,1,0,False,False,0,0.0,0.0,det_sign,meta/tblogs,50, 6350.925241,304_imagenet_resnet34_e1_radam,0.594110,0.819162,0.557704,0.777990
21793998,21086208,83.14,5.21,3610000000.0,87910000.0,3530000000.0,143000000.0,det_sign,,,medium,,32,,1,1,,0,1.3,,/data/common/ImageNet/rec,/data/common/other,imagenet,,1,,False,float32,120,True,"0,1",,,,deepstem_grouped,gaussian,None,device,image-classification.log,100,0.001233,0.1,cosine,"30,60,90",cosine,resnet34_e1,0.9,4,radam,meta/plot,True,model,False,meta/eta,,,,1,123,1,0,False,False,0,0.0,0.0,det_sign,meta/tblogs,51, 6415.891081,304_imagenet_resnet34_e1_radam,0.594270,0.818122,0.559909,0.778694
21793998,21086208,83.14,5.21,3610000000.0,87910000.0,3530000000.0,143000000.0,det_sign,,,medium,,32,,1,1,,0,1.3,,/data/common/ImageNet/rec,/data/common/other,imagenet,,1,,False,float32,120,True,"0,1",,,,deepstem_grouped,gaussian,None,device,image-classification.log,100,0.001208,0.1,cosine,"30,60,90",cosine,resnet34_e1,0.9,4,radam,meta/plot,True,model,False,meta/eta,,,,1,123,1,0,False,False,0,0.0,0.0,det_sign,meta/tblogs,52, 6366.435583,304_imagenet_resnet34_e1_radam,0.598111,0.821283,0.560577,0.779568
21793998,21086208,83.14,5.21,3610000000.0,87910000.0,3530000000.0,143000000.0,det_sign,,,medium,,32,,1,1,,0,1.3,,/data/common/ImageNet/rec,/data/common/other,imagenet,,1,,False,float32,120,True,"0,1",,,,deepstem_grouped,gaussian,None,device,image-classification.log,100,0.001182,0.1,cosine,"30,60,90",cosine,resnet34_e1,0.9,4,radam,meta/plot,True,model,False,meta/eta,,,,1,123,1,0,False,False,0,0.0,0.0,det_sign,meta/tblogs,53, 6351.247554,304_imagenet_resnet34_e1_radam,0.596208,0.819373,0.561575,0.780486
21793998,21086208,83.14,5.21,3610000000.0,87910000.0,3530000000.0,143000000.0,det_sign,,,medium,,32,,1,1,,0,1.3,,/data/common/ImageNet/rec,/data/common/other,imagenet,,1,,False,float32,120,True,"0,1",,,,deepstem_grouped,gaussian,None,device,image-classification.log,100,0.001156,0.1,cosine,"30,60,90",cosine,resnet34_e1,0.9,4,radam,meta/plot,True,model,False,meta/eta,,,,1,123,1,0,False,False,0,0.0,0.0,det_sign,meta/tblogs,54, 6311.023721,304_imagenet_resnet34_e1_radam,0.598331,0.823363,0.563071,0.782169
21793998,21086208,83.14,5.21,3610000000.0,87910000.0,3530000000.0,143000000.0,det_sign,,,medium,,32,,1,1,,0,1.3,,/data/common/ImageNet/rec,/data/common/other,imagenet,,1,,False,float32,120,True,"0,1",,,,deepstem_grouped,gaussian,None,device,image-classification.log,100,0.001131,0.1,cosine,"30,60,90",cosine,resnet34_e1,0.9,4,radam,meta/plot,True,model,False,meta/eta,,,,1,123,1,0,False,False,0,0.0,0.0,det_sign,meta/tblogs,55, 6209.209104,304_imagenet_resnet34_e1_radam,0.599912,0.822983,0.564151,0.783130
21793998,21086208,83.14,5.21,3610000000.0,87910000.0,3530000000.0,143000000.0,det_sign,,,medium,,32,,1,1,,0,1.3,,/data/common/ImageNet/rec,/data/common/other,imagenet,,1,,False,float32,120,True,"0,1",,,,deepstem_grouped,gaussian,None,device,image-classification.log,100,0.001105,0.1,cosine,"30,60,90",cosine,resnet34_e1,0.9,4,radam,meta/plot,True,model,False,meta/eta,,,,1,123,1,0,False,False,0,0.0,0.0,det_sign,meta/tblogs,56, 6123.718298,304_imagenet_resnet34_e1_radam,0.597971,0.821963,0.565246,0.783555
21793998,21086208,83.14,5.21,3610000000.0,87910000.0,3530000000.0,143000000.0,det_sign,,,medium,,32,,1,1,,0,1.3,,/data/common/ImageNet/rec,/data/common/other,imagenet,,1,,False,float32,120,True,"0,1",,,,deepstem_grouped,gaussian,None,device,image-classification.log,100,0.001078,0.1,cosine,"30,60,90",cosine,resnet34_e1,0.9,4,radam,meta/plot,True,model,False,meta/eta,,,,1,123,1,0,False,False,0,0.0,0.0,det_sign,meta/tblogs,57, 5873.019697,304_imagenet_resnet34_e1_radam,0.599704,0.821771,0.566668,0.784254
21793998,21086208,83.14,5.21,3610000000.0,87910000.0,3530000000.0,143000000.0,det_sign,,,medium,,32,,1,1,,0,1.3,,/data/common/ImageNet/rec,/data/common/other,imagenet,,1,,False,float32,120,True,"0,1",,,,deepstem_grouped,gaussian,None,device,image-classification.log,100,0.001052,0.1,cosine,"30,60,90",cosine,resnet34_e1,0.9,4,radam,meta/plot,True,model,False,meta/eta,,,,1,123,1,0,False,False,0,0.0,0.0,det_sign,meta/tblogs,58, 5938.873403,304_imagenet_resnet34_e1_radam,0.601452,0.824184,0.568320,0.785485
21793998,21086208,83.14,5.21,3610000000.0,87910000.0,3530000000.0,143000000.0,det_sign,,,medium,,32,,1,1,,0,1.3,,/data/common/ImageNet/rec,/data/common/other,imagenet,,1,,False,float32,120,True,"0,1",,,,deepstem_grouped,gaussian,None,device,image-classification.log,100,0.001026,0.1,cosine,"30,60,90",cosine,resnet34_e1,0.9,4,radam,meta/plot,True,model,False,meta/eta,,,,1,123,1,0,False,False,0,0.0,0.0,det_sign,meta/tblogs,59, 5942.358250,304_imagenet_resnet34_e1_radam,0.601412,0.824504,0.569016,0.786426
21793998,21086208,83.14,5.21,3610000000.0,87910000.0,3530000000.0,143000000.0,det_sign,,,medium,,32,,1,1,,0,1.3,,/data/common/ImageNet/rec,/data/common/other,imagenet,,1,,False,float32,120,True,"0,1",,,,deepstem_grouped,gaussian,None,device,image-classification.log,100,0.001000,0.1,cosine,"30,60,90",cosine,resnet34_e1,0.9,4,radam,meta/plot,True,model,False,meta/eta,,,,1,123,1,0,False,False,0,0.0,0.0,det_sign,meta/tblogs,60, 5952.765369,304_imagenet_resnet34_e1_radam,0.604393,0.825484,0.570669,0.787229
21793998,21086208,83.14,5.21,3610000000.0,87910000.0,3530000000.0,143000000.0,det_sign,,,medium,,32,,1,1,,0,1.3,,/data/common/ImageNet/rec,/data/common/other,imagenet,,1,,False,float32,120,True,"0,1",,,,deepstem_grouped,gaussian,None,device,image-classification.log,100,0.000974,0.1,cosine,"30,60,90",cosine,resnet34_e1,0.9,4,radam,meta/plot,True,model,False,meta/eta,,,,1,123,1,0,False,False,0,0.0,0.0,det_sign,meta/tblogs,61, 6420.393780,304_imagenet_resnet34_e1_radam,0.606418,0.825228,0.571390,0.787976
21793998,21086208,83.14,5.21,3610000000.0,87910000.0,3530000000.0,143000000.0,det_sign,,,medium,,32,,1,1,,0,1.3,,/data/common/ImageNet/rec,/data/common/other,imagenet,,1,,False,float32,120,True,"0,1",,,,deepstem_grouped,gaussian,None,device,image-classification.log,100,0.000948,0.1,cosine,"30,60,90",cosine,resnet34_e1,0.9,4,radam,meta/plot,True,model,False,meta/eta,,,,1,123,1,0,False,False,0,0.0,0.0,det_sign,meta/tblogs,62, 6407.745211,304_imagenet_resnet34_e1_radam,0.604253,0.825064,0.573136,0.789147
21793998,21086208,83.14,5.21,3610000000.0,87910000.0,3530000000.0,143000000.0,det_sign,,,medium,,32,,1,1,,0,1.3,,/data/common/ImageNet/rec,/data/common/other,imagenet,,1,,False,float32,120,True,"0,1",,,,deepstem_grouped,gaussian,None,device,image-classification.log,100,0.000922,0.1,cosine,"30,60,90",cosine,resnet34_e1,0.9,4,radam,meta/plot,True,model,False,meta/eta,,,,1,123,1,0,False,False,0,0.0,0.0,det_sign,meta/tblogs,63, 6368.223865,304_imagenet_resnet34_e1_radam,0.603673,0.827005,0.574012,0.790096
21793998,21086208,83.14,5.21,3610000000.0,87910000.0,3530000000.0,143000000.0,det_sign,,,medium,,32,,1,1,,0,1.3,,/data/common/ImageNet/rec,/data/common/other,imagenet,,1,,False,float32,120,True,"0,1",,,,deepstem_grouped,gaussian,None,device,image-classification.log,100,0.000895,0.1,cosine,"30,60,90",cosine,resnet34_e1,0.9,4,radam,meta/plot,True,model,False,meta/eta,,,,1,123,1,0,False,False,0,0.0,0.0,det_sign,meta/tblogs,64, 6423.809446,304_imagenet_resnet34_e1_radam,0.607034,0.826845,0.574959,0.790736
21793998,21086208,83.14,5.21,3610000000.0,87910000.0,3530000000.0,143000000.0,det_sign,,,medium,,32,,1,1,,0,1.3,,/data/common/ImageNet/rec,/data/common/other,imagenet,,1,,False,float32,120,True,"0,1",,,,deepstem_grouped,gaussian,None,device,image-classification.log,100,0.000869,0.1,cosine,"30,60,90",cosine,resnet34_e1,0.9,4,radam,meta/plot,True,model,False,meta/eta,,,,1,123,1,0,False,False,0,0.0,0.0,det_sign,meta/tblogs,65, 6340.603465,304_imagenet_resnet34_e1_radam,0.610034,0.827885,0.576619,0.791794
21793998,21086208,83.14,5.21,3610000000.0,87910000.0,3530000000.0,143000000.0,det_sign,,,medium,,32,,1,1,,0,1.3,,/data/common/ImageNet/rec,/data/common/other,imagenet,,1,,False,float32,120,True,"0,1",,,,deepstem_grouped,gaussian,None,device,image-classification.log,100,0.000844,0.1,cosine,"30,60,90",cosine,resnet34_e1,0.9,4,radam,meta/plot,True,model,False,meta/eta,,,,1,123,1,0,False,False,0,0.0,0.0,det_sign,meta/tblogs,66, 6405.700305,304_imagenet_resnet34_e1_radam,0.609415,0.828965,0.577944,0.793248
21793998,21086208,83.14,5.21,3610000000.0,87910000.0,3530000000.0,143000000.0,det_sign,,,medium,,32,,1,1,,0,1.3,,/data/common/ImageNet/rec,/data/common/other,imagenet,,1,,False,float32,120,True,"0,1",,,,deepstem_grouped,gaussian,None,device,image-classification.log,100,0.000818,0.1,cosine,"30,60,90",cosine,resnet34_e1,0.9,4,radam,meta/plot,True,model,False,meta/eta,,,,1,123,1,0,False,False,0,0.0,0.0,det_sign,meta/tblogs,67, 6377.114376,304_imagenet_resnet34_e1_radam,0.609055,0.830686,0.578468,0.793315
21793998,21086208,83.14,5.21,3610000000.0,87910000.0,3530000000.0,143000000.0,det_sign,,,medium,,32,,1,1,,0,1.3,,/data/common/ImageNet/rec,/data/common/other,imagenet,,1,,False,float32,120,True,"0,1",,,,deepstem_grouped,gaussian,None,device,image-classification.log,100,0.000792,0.1,cosine,"30,60,90",cosine,resnet34_e1,0.9,4,radam,meta/plot,True,model,False,meta/eta,,,,1,123,1,0,False,False,0,0.0,0.0,det_sign,meta/tblogs,68, 6397.365831,304_imagenet_resnet34_e1_radam,0.610155,0.828585,0.579473,0.794211
21793998,21086208,83.14,5.21,3610000000.0,87910000.0,3530000000.0,143000000.0,det_sign,,,medium,,32,,1,1,,0,1.3,,/data/common/ImageNet/rec,/data/common/other,imagenet,,1,,False,float32,120,True,"0,1",,,,deepstem_grouped,gaussian,None,device,image-classification.log,100,0.000767,0.1,cosine,"30,60,90",cosine,resnet34_e1,0.9,4,radam,meta/plot,True,model,False,meta/eta,,,,1,123,1,0,False,False,0,0.0,0.0,det_sign,meta/tblogs,69, 5954.227688,304_imagenet_resnet34_e1_radam,0.611133,0.830103,0.581209,0.795632
21793998,21086208,83.14,5.21,3610000000.0,87910000.0,3530000000.0,143000000.0,det_sign,,,medium,,32,,1,1,,0,1.3,,/data/common/ImageNet/rec,/data/common/other,imagenet,,1,,False,float32,120,True,"0,1",,,,deepstem_grouped,gaussian,None,device,image-classification.log,100,0.000741,0.1,cosine,"30,60,90",cosine,resnet34_e1,0.9,4,radam,meta/plot,True,model,False,meta/eta,,,,1,123,1,0,False,False,0,0.0,0.0,det_sign,meta/tblogs,70, 6462.585886,304_imagenet_resnet34_e1_radam,0.610435,0.828745,0.582348,0.796414
21793998,21086208,83.14,5.21,3610000000.0,87910000.0,3530000000.0,143000000.0,det_sign,,,medium,,32,,1,1,,0,1.3,,/data/common/ImageNet/rec,/data/common/other,imagenet,,1,,False,float32,120,True,"0,1",,,,deepstem_grouped,gaussian,None,device,image-classification.log,100,0.000716,0.1,cosine,"30,60,90",cosine,resnet34_e1,0.9,4,radam,meta/plot,True,model,False,meta/eta,,,,1,123,1,0,False,False,0,0.0,0.0,det_sign,meta/tblogs,71, 6511.411181,304_imagenet_resnet34_e1_radam,0.612676,0.829886,0.583341,0.796676
21793998,21086208,83.14,5.21,3610000000.0,87910000.0,3530000000.0,143000000.0,det_sign,,,medium,,32,,1,1,,0,1.3,,/data/common/ImageNet/rec,/data/common/other,imagenet,,1,,False,float32,120,True,"0,1",,,,deepstem_grouped,gaussian,None,device,image-classification.log,100,0.000691,0.1,cosine,"30,60,90",cosine,resnet34_e1,0.9,4,radam,meta/plot,True,model,False,meta/eta,,,,1,123,1,0,False,False,0,0.0,0.0,det_sign,meta/tblogs,72, 6545.751484,304_imagenet_resnet34_e1_radam,0.611496,0.831206,0.583700,0.797628
21793998,21086208,83.14,5.21,3610000000.0,87910000.0,3530000000.0,143000000.0,det_sign,,,medium,,32,,1,1,,0,1.3,,/data/common/ImageNet/rec,/data/common/other,imagenet,,1,,False,float32,120,True,"0,1",,,,deepstem_grouped,gaussian,None,device,image-classification.log,100,0.000666,0.1,cosine,"30,60,90",cosine,resnet34_e1,0.9,4,radam,meta/plot,True,model,False,meta/eta,,,,1,123,1,0,False,False,0,0.0,0.0,det_sign,meta/tblogs,73, 6415.424622,304_imagenet_resnet34_e1_radam,0.614070,0.831302,0.585138,0.798616
21793998,21086208,83.14,5.21,3610000000.0,87910000.0,3530000000.0,143000000.0,det_sign,,,medium,,32,,1,1,,0,1.3,,/data/common/ImageNet/rec,/data/common/other,imagenet,,1,,False,float32,120,True,"0,1",,,,deepstem_grouped,gaussian,None,device,image-classification.log,100,0.000642,0.1,cosine,"30,60,90",cosine,resnet34_e1,0.9,4,radam,meta/plot,True,model,False,meta/eta,,,,1,123,1,0,False,False,0,0.0,0.0,det_sign,meta/tblogs,74, 6410.201970,304_imagenet_resnet34_e1_radam,0.613056,0.833307,0.586707,0.799332
21793998,21086208,83.14,5.21,3610000000.0,87910000.0,3530000000.0,143000000.0,det_sign,,,medium,,32,,1,1,,0,1.3,,/data/common/ImageNet/rec,/data/common/other,imagenet,,1,,False,float32,120,True,"0,1",,,,deepstem_grouped,gaussian,None,device,image-classification.log,100,0.000617,0.1,cosine,"30,60,90",cosine,resnet34_e1,0.9,4,radam,meta/plot,True,model,False,meta/eta,,,,1,123,1,0,False,False,0,0.0,0.0,det_sign,meta/tblogs,75, 6501.948133,304_imagenet_resnet34_e1_radam,0.613556,0.834647,0.587456,0.800368
21793998,21086208,83.14,5.21,3610000000.0,87910000.0,3530000000.0,143000000.0,det_sign,,,medium,,32,,1,1,,0,1.3,,/data/common/ImageNet/rec,/data/common/other,imagenet,,1,,False,float32,120,True,"0,1",,,,deepstem_grouped,gaussian,None,device,image-classification.log,100,0.000593,0.1,cosine,"30,60,90",cosine,resnet34_e1,0.9,4,radam,meta/plot,True,model,False,meta/eta,,,,1,123,1,0,False,False,0,0.0,0.0,det_sign,meta/tblogs,76, 6463.793333,304_imagenet_resnet34_e1_radam,0.615237,0.835287,0.588560,0.801158
21793998,21086208,83.14,5.21,3610000000.0,87910000.0,3530000000.0,143000000.0,det_sign,,,medium,,32,,1,1,,0,1.3,,/data/common/ImageNet/rec,/data/common/other,imagenet,,1,,False,float32,120,True,"0,1",,,,deepstem_grouped,gaussian,None,device,image-classification.log,100,0.000569,0.1,cosine,"30,60,90",cosine,resnet34_e1,0.9,4,radam,meta/plot,True,model,False,meta/eta,,,,1,123,1,0,False,False,0,0.0,0.0,det_sign,meta/tblogs,77, 6411.573999,304_imagenet_resnet34_e1_radam,0.615589,0.833320,0.589263,0.801843
21793998,21086208,83.14,5.21,3610000000.0,87910000.0,3530000000.0,143000000.0,det_sign,,,medium,,32,,1,1,,0,1.3,,/data/common/ImageNet/rec,/data/common/other,imagenet,,1,,False,float32,120,True,"0,1",,,,deepstem_grouped,gaussian,None,device,image-classification.log,100,0.000546,0.1,cosine,"30,60,90",cosine,resnet34_e1,0.9,4,radam,meta/plot,True,model,False,meta/eta,,,,1,123,1,0,False,False,0,0.0,0.0,det_sign,meta/tblogs,78, 6474.105263,304_imagenet_resnet34_e1_radam,0.617698,0.834647,0.590462,0.802458
21793998,21086208,83.14,5.21,3610000000.0,87910000.0,3530000000.0,143000000.0,det_sign,,,medium,,32,,1,1,,0,1.3,,/data/common/ImageNet/rec,/data/common/other,imagenet,,1,,False,float32,120,True,"0,1",,,,deepstem_grouped,gaussian,None,device,image-classification.log,100,0.000523,0.1,cosine,"30,60,90",cosine,resnet34_e1,0.9,4,radam,meta/plot,True,model,False,meta/eta,,,,1,123,1,0,False,False,0,0.0,0.0,det_sign,meta/tblogs,79, 6463.602598,304_imagenet_resnet34_e1_radam,0.616717,0.834527,0.591761,0.803153
21793998,21086208,83.14,5.21,3610000000.0,87910000.0,3530000000.0,143000000.0,det_sign,,,medium,,32,,1,1,,0,1.3,,/data/common/ImageNet/rec,/data/common/other,imagenet,,1,,False,float32,120,True,"0,1",,,,deepstem_grouped,gaussian,None,device,image-classification.log,100,0.000500,0.1,cosine,"30,60,90",cosine,resnet34_e1,0.9,4,radam,meta/plot,True,model,False,meta/eta,,,,1,123,1,0,False,False,0,0.0,0.0,det_sign,meta/tblogs,80, 6372.102928,304_imagenet_resnet34_e1_radam,0.619698,0.835767,0.592756,0.804286
21793998,21086208,83.14,5.21,3610000000.0,87910000.0,3530000000.0,143000000.0,det_sign,,,medium,,32,,1,1,,0,1.3,,/data/common/ImageNet/rec,/data/common/other,imagenet,,1,,False,float32,120,True,"0,1",,,,deepstem_grouped,gaussian,None,device,image-classification.log,100,0.000477,0.1,cosine,"30,60,90",cosine,resnet34_e1,0.9,4,radam,meta/plot,True,model,False,meta/eta,,,,1,123,1,0,False,False,0,0.0,0.0,det_sign,meta/tblogs,81, 6455.845020,304_imagenet_resnet34_e1_radam,0.620464,0.836817,0.593152,0.804165
21793998,21086208,83.14,5.21,3610000000.0,87910000.0,3530000000.0,143000000.0,det_sign,,,medium,,32,,1,1,,0,1.3,,/data/common/ImageNet/rec,/data/common/other,imagenet,,1,,False,float32,120,True,"0,1",,,,deepstem_grouped,gaussian,None,device,image-classification.log,100,0.000455,0.1,cosine,"30,60,90",cosine,resnet34_e1,0.9,4,radam,meta/plot,True,model,False,meta/eta,,,,1,123,1,0,False,False,0,0.0,0.0,det_sign,meta/tblogs,82, 6461.849019,304_imagenet_resnet34_e1_radam,0.619658,0.835087,0.595149,0.805785
21793998,21086208,83.14,5.21,3610000000.0,87910000.0,3530000000.0,143000000.0,det_sign,,,medium,,32,,1,1,,0,1.3,,/data/common/ImageNet/rec,/data/common/other,imagenet,,1,,False,float32,120,True,"0,1",,,,deepstem_grouped,gaussian,None,device,image-classification.log,100,0.000434,0.1,cosine,"30,60,90",cosine,resnet34_e1,0.9,4,radam,meta/plot,True,model,False,meta/eta,,,,1,123,1,0,False,False,0,0.0,0.0,det_sign,meta/tblogs,83, 6388.555797,304_imagenet_resnet34_e1_radam,0.620819,0.837948,0.595367,0.805640
21793998,21086208,83.14,5.21,3610000000.0,87910000.0,3530000000.0,143000000.0,det_sign,,,medium,,32,,1,1,,0,1.3,,/data/common/ImageNet/rec,/data/common/other,imagenet,,1,,False,float32,120,True,"0,1",,,,deepstem_grouped,gaussian,None,device,image-classification.log,100,0.000412,0.1,cosine,"30,60,90",cosine,resnet34_e1,0.9,4,radam,meta/plot,True,model,False,meta/eta,,,,1,123,1,0,False,False,0,0.0,0.0,det_sign,meta/tblogs,84, 6424.574294,304_imagenet_resnet34_e1_radam,0.620619,0.837268,0.596389,0.806609
21793998,21086208,83.14,5.21,3610000000.0,87910000.0,3530000000.0,143000000.0,det_sign,,,medium,,32,,1,1,,0,1.3,,/data/common/ImageNet/rec,/data/common/other,imagenet,,1,,False,float32,120,True,"0,1",,,,deepstem_grouped,gaussian,None,device,image-classification.log,100,0.000391,0.1,cosine,"30,60,90",cosine,resnet34_e1,0.9,4,radam,meta/plot,True,model,False,meta/eta,,,,1,123,1,0,False,False,0,0.0,0.0,det_sign,meta/tblogs,85, 6431.382241,304_imagenet_resnet34_e1_radam,0.623541,0.837496,0.598047,0.807426
21793998,21086208,83.14,5.21,3610000000.0,87910000.0,3530000000.0,143000000.0,det_sign,,,medium,,32,,1,1,,0,1.3,,/data/common/ImageNet/rec,/data/common/other,imagenet,,1,,False,float32,120,True,"0,1",,,,deepstem_grouped,gaussian,None,device,image-classification.log,100,0.000371,0.1,cosine,"30,60,90",cosine,resnet34_e1,0.9,4,radam,meta/plot,True,model,False,meta/eta,,,,1,123,1,0,False,False,0,0.0,0.0,det_sign,meta/tblogs,86, 6498.673236,304_imagenet_resnet34_e1_radam,0.622339,0.838848,0.599348,0.808117
21793998,21086208,83.14,5.21,3610000000.0,87910000.0,3530000000.0,143000000.0,det_sign,,,medium,,32,,1,1,,0,1.3,,/data/common/ImageNet/rec,/data/common/other,imagenet,,1,,False,float32,120,True,"0,1",,,,deepstem_grouped,gaussian,None,device,image-classification.log,100,0.000351,0.1,cosine,"30,60,90",cosine,resnet34_e1,0.9,4,radam,meta/plot,True,model,False,meta/eta,,,,1,123,1,0,False,False,0,0.0,0.0,det_sign,meta/tblogs,87, 6474.243217,304_imagenet_resnet34_e1_radam,0.624220,0.838748,0.599536,0.808507
21793998,21086208,83.14,5.21,3610000000.0,87910000.0,3530000000.0,143000000.0,det_sign,,,medium,,32,,1,1,,0,1.3,,/data/common/ImageNet/rec,/data/common/other,imagenet,,1,,False,float32,120,True,"0,1",,,,deepstem_grouped,gaussian,None,device,image-classification.log,100,0.000331,0.1,cosine,"30,60,90",cosine,resnet34_e1,0.9,4,radam,meta/plot,True,model,False,meta/eta,,,,1,123,1,0,False,False,0,0.0,0.0,det_sign,meta/tblogs,88, 6450.912963,304_imagenet_resnet34_e1_radam,0.623239,0.838608,0.600154,0.809502
21793998,21086208,83.14,5.21,3610000000.0,87910000.0,3530000000.0,143000000.0,det_sign,,,medium,,32,,1,1,,0,1.3,,/data/common/ImageNet/rec,/data/common/other,imagenet,,1,,False,float32,120,True,"0,1",,,,deepstem_grouped,gaussian,None,device,image-classification.log,100,0.000312,0.1,cosine,"30,60,90",cosine,resnet34_e1,0.9,4,radam,meta/plot,True,model,False,meta/eta,,,,1,123,1,0,False,False,0,0.0,0.0,det_sign,meta/tblogs,89, 6441.413654,304_imagenet_resnet34_e1_radam,0.624520,0.839055,0.601275,0.810081
21793998,21086208,83.14,5.21,3610000000.0,87910000.0,3530000000.0,143000000.0,det_sign,,,medium,,32,,1,1,,0,1.3,,/data/common/ImageNet/rec,/data/common/other,imagenet,,1,,False,float32,120,True,"0,1",,,,deepstem_grouped,gaussian,None,device,image-classification.log,100,0.000293,0.1,cosine,"30,60,90",cosine,resnet34_e1,0.9,4,radam,meta/plot,True,model,False,meta/eta,,,,1,123,1,0,False,False,0,0.0,0.0,det_sign,meta/tblogs,90, 6461.138282,304_imagenet_resnet34_e1_radam,0.625120,0.840929,0.603127,0.810788
21793998,21086208,83.14,5.21,3610000000.0,87910000.0,3530000000.0,143000000.0,det_sign,,,medium,,32,,1,1,,0,1.3,,/data/common/ImageNet/rec,/data/common/other,imagenet,,1,,False,float32,120,True,"0,1",,,,deepstem_grouped,gaussian,None,device,image-classification.log,100,0.000275,0.1,cosine,"30,60,90",cosine,resnet34_e1,0.9,4,radam,meta/plot,True,model,False,meta/eta,,,,1,123,1,0,False,False,0,0.0,0.0,det_sign,meta/tblogs,91, 6496.241786,304_imagenet_resnet34_e1_radam,0.626180,0.841309,0.603480,0.811757
21793998,21086208,83.14,5.21,3610000000.0,87910000.0,3530000000.0,143000000.0,det_sign,,,medium,,32,,1,1,,0,1.3,,/data/common/ImageNet/rec,/data/common/other,imagenet,,1,,False,float32,120,True,"0,1",,,,deepstem_grouped,gaussian,None,device,image-classification.log,100,0.000257,0.1,cosine,"30,60,90",cosine,resnet34_e1,0.9,4,radam,meta/plot,True,model,False,meta/eta,,,,1,123,1,0,False,False,0,0.0,0.0,det_sign,meta/tblogs,92, 5918.149380,304_imagenet_resnet34_e1_radam,0.626560,0.841369,0.604890,0.812470
21793998,21086208,83.14,5.21,3610000000.0,87910000.0,3530000000.0,143000000.0,det_sign,,,medium,,32,,1,1,,0,1.3,,/data/common/ImageNet/rec,/data/common/other,imagenet,,1,,False,float32,120,True,"0,1",,,,deepstem_grouped,gaussian,None,device,image-classification.log,100,0.000240,0.1,cosine,"30,60,90",cosine,resnet34_e1,0.9,4,radam,meta/plot,True,model,False,meta/eta,,,,1,123,1,0,False,False,0,0.0,0.0,det_sign,meta/tblogs,93, 6023.169089,304_imagenet_resnet34_e1_radam,0.626199,0.841472,0.605273,0.812897
21793998,21086208,83.14,5.21,3610000000.0,87910000.0,3530000000.0,143000000.0,det_sign,,,medium,,32,,1,1,,0,1.3,,/data/common/ImageNet/rec,/data/common/other,imagenet,,1,,False,float32,120,True,"0,1",,,,deepstem_grouped,gaussian,None,device,image-classification.log,100,0.000223,0.1,cosine,"30,60,90",cosine,resnet34_e1,0.9,4,radam,meta/plot,True,model,False,meta/eta,,,,1,123,1,0,False,False,0,0.0,0.0,det_sign,meta/tblogs,94, 6268.376191,304_imagenet_resnet34_e1_radam,0.627281,0.842049,0.606220,0.813768
21793998,21086208,83.14,5.21,3610000000.0,87910000.0,3530000000.0,143000000.0,det_sign,,,medium,,32,,1,1,,0,1.3,,/data/common/ImageNet/rec,/data/common/other,imagenet,,1,,False,float32,120,True,"0,1",,,,deepstem_grouped,gaussian,None,device,image-classification.log,100,0.000207,0.1,cosine,"30,60,90",cosine,resnet34_e1,0.9,4,radam,meta/plot,True,model,False,meta/eta,,,,1,123,1,0,False,False,0,0.0,0.0,det_sign,meta/tblogs,95, 6153.533883,304_imagenet_resnet34_e1_radam,0.627441,0.841829,0.607016,0.814209
21793998,21086208,83.14,5.21,3610000000.0,87910000.0,3530000000.0,143000000.0,det_sign,,,medium,,32,,1,1,,0,1.3,,/data/common/ImageNet/rec,/data/common/other,imagenet,,1,,False,float32,120,True,"0,1",,,,deepstem_grouped,gaussian,None,device,image-classification.log,100,0.000191,0.1,cosine,"30,60,90",cosine,resnet34_e1,0.9,4,radam,meta/plot,True,model,False,meta/eta,,,,1,123,1,0,False,False,0,0.0,0.0,det_sign,meta/tblogs,96, 6306.885152,304_imagenet_resnet34_e1_radam,0.627341,0.843310,0.608050,0.814712
21793998,21086208,83.14,5.21,3610000000.0,87910000.0,3530000000.0,143000000.0,det_sign,,,medium,,32,,1,1,,0,1.3,,/data/common/ImageNet/rec,/data/common/other,imagenet,,1,,False,float32,120,True,"0,1",,,,deepstem_grouped,gaussian,None,device,image-classification.log,100,0.000176,0.1,cosine,"30,60,90",cosine,resnet34_e1,0.9,4,radam,meta/plot,True,model,False,meta/eta,,,,1,123,1,0,False,False,0,0.0,0.0,det_sign,meta/tblogs,97, 6131.480659,304_imagenet_resnet34_e1_radam,0.628656,0.842411,0.608743,0.815280
21793998,21086208,83.14,5.21,3610000000.0,87910000.0,3530000000.0,143000000.0,det_sign,,,medium,,32,,1,1,,0,1.3,,/data/common/ImageNet/rec,/data/common/other,imagenet,,1,,False,float32,120,True,"0,1",,,,deepstem_grouped,gaussian,None,device,image-classification.log,100,0.000161,0.1,cosine,"30,60,90",cosine,resnet34_e1,0.9,4,radam,meta/plot,True,model,False,meta/eta,,,,1,123,1,0,False,False,0,0.0,0.0,det_sign,meta/tblogs,98, 6408.471750,304_imagenet_resnet34_e1_radam,0.630222,0.843950,0.610104,0.816214
21793998,21086208,83.14,5.21,3610000000.0,87910000.0,3530000000.0,143000000.0,det_sign,,,medium,,32,,1,1,,0,1.3,,/data/common/ImageNet/rec,/data/common/other,imagenet,,1,,False,float32,120,True,"0,1",,,,deepstem_grouped,gaussian,None,device,image-classification.log,100,0.000147,0.1,cosine,"30,60,90",cosine,resnet34_e1,0.9,4,radam,meta/plot,True,model,False,meta/eta,,,,1,123,1,0,False,False,0,0.0,0.0,det_sign,meta/tblogs,99, 6420.077181,304_imagenet_resnet34_e1_radam,0.629501,0.843430,0.610163,0.816929
21793998,21086208,83.14,5.21,3610000000.0,87910000.0,3530000000.0,143000000.0,det_sign,,,medium,,32,,1,1,,0,1.3,,/data/common/ImageNet/rec,/data/common/other,imagenet,,1,,False,float32,120,True,"0,1",,,,deepstem_grouped,gaussian,None,device,image-classification.log,100,0.000134,0.1,cosine,"30,60,90",cosine,resnet34_e1,0.9,4,radam,meta/plot,True,model,False,meta/eta,,,,1,123,1,0,False,False,0,0.0,0.0,det_sign,meta/tblogs,100, 6403.027288,304_imagenet_resnet34_e1_radam,0.629702,0.843230,0.611145,0.817004
21793998,21086208,83.14,5.21,3610000000.0,87910000.0,3530000000.0,143000000.0,det_sign,,,medium,,32,,1,1,,0,1.3,,/data/common/ImageNet/rec,/data/common/other,imagenet,,1,,False,float32,120,True,"0,1",,,,deepstem_grouped,gaussian,None,device,image-classification.log,100,0.000121,0.1,cosine,"30,60,90",cosine,resnet34_e1,0.9,4,radam,meta/plot,True,model,False,meta/eta,,,,1,123,1,0,False,False,0,0.0,0.0,det_sign,meta/tblogs,101, 6023.818844,304_imagenet_resnet34_e1_radam,0.631913,0.842691,0.612023,0.818063
21793998,21086208,83.14,5.21,3610000000.0,87910000.0,3530000000.0,143000000.0,det_sign,,,medium,,32,,1,1,,0,1.3,,/data/common/ImageNet/rec,/data/common/other,imagenet,,1,,False,float32,120,True,"0,1",,,,deepstem_grouped,gaussian,None,device,image-classification.log,100,0.000109,0.1,cosine,"30,60,90",cosine,resnet34_e1,0.9,4,radam,meta/plot,True,model,False,meta/eta,,,,1,123,1,0,False,False,0,0.0,0.0,det_sign,meta/tblogs,102, 6373.812260,304_imagenet_resnet34_e1_radam,0.631162,0.844670,0.613078,0.818627
21793998,21086208,83.14,5.21,3610000000.0,87910000.0,3530000000.0,143000000.0,det_sign,,,medium,,32,,1,1,,0,1.3,,/data/common/ImageNet/rec,/data/common/other,imagenet,,1,,False,float32,120,True,"0,1",,,,deepstem_grouped,gaussian,None,device,image-classification.log,100,0.000097,0.1,cosine,"30,60,90",cosine,resnet34_e1,0.9,4,radam,meta/plot,True,model,False,meta/eta,,,,1,123,1,0,False,False,0,0.0,0.0,det_sign,meta/tblogs,103, 6434.774345,304_imagenet_resnet34_e1_radam,0.631422,0.844750,0.613472,0.818306
21793998,21086208,83.14,5.21,3610000000.0,87910000.0,3530000000.0,143000000.0,det_sign,,,medium,,32,,1,1,,0,1.3,,/data/common/ImageNet/rec,/data/common/other,imagenet,,1,,False,float32,120,True,"0,1",,,,deepstem_grouped,gaussian,None,device,image-classification.log,100,0.000086,0.1,cosine,"30,60,90",cosine,resnet34_e1,0.9,4,radam,meta/plot,True,model,False,meta/eta,,,,1,123,1,0,False,False,0,0.0,0.0,det_sign,meta/tblogs,104, 6332.682455,304_imagenet_resnet34_e1_radam,0.631842,0.844610,0.614080,0.819140
21793998,21086208,83.14,5.21,3610000000.0,87910000.0,3530000000.0,143000000.0,det_sign,,,medium,,32,,1,1,,0,1.3,,/data/common/ImageNet/rec,/data/common/other,imagenet,,1,,False,float32,120,True,"0,1",,,,deepstem_grouped,gaussian,None,device,image-classification.log,100,0.000076,0.1,cosine,"30,60,90",cosine,resnet34_e1,0.9,4,radam,meta/plot,True,model,False,meta/eta,,,,1,123,1,0,False,False,0,0.0,0.0,det_sign,meta/tblogs,105, 6331.537916,304_imagenet_resnet34_e1_radam,0.633871,0.846667,0.615227,0.819940
21793998,21086208,83.14,5.21,3610000000.0,87910000.0,3530000000.0,143000000.0,det_sign,,,medium,,32,,1,1,,0,1.3,,/data/common/ImageNet/rec,/data/common/other,imagenet,,1,,False,float32,120,True,"0,1",,,,deepstem_grouped,gaussian,None,device,image-classification.log,100,0.000066,0.1,cosine,"30,60,90",cosine,resnet34_e1,0.9,4,radam,meta/plot,True,model,False,meta/eta,,,,1,123,1,0,False,False,0,0.0,0.0,det_sign,meta/tblogs,106, 6460.934071,304_imagenet_resnet34_e1_radam,0.633343,0.845250,0.615626,0.820473
21793998,21086208,83.14,5.21,3610000000.0,87910000.0,3530000000.0,143000000.0,det_sign,,,medium,,32,,1,1,,0,1.3,,/data/common/ImageNet/rec,/data/common/other,imagenet,,1,,False,float32,120,True,"0,1",,,,deepstem_grouped,gaussian,None,device,image-classification.log,100,0.000057,0.1,cosine,"30,60,90",cosine,resnet34_e1,0.9,4,radam,meta/plot,True,model,False,meta/eta,,,,1,123,1,0,False,False,0,0.0,0.0,det_sign,meta/tblogs,107, 6125.874990,304_imagenet_resnet34_e1_radam,0.631422,0.846651,0.615486,0.820596
21793998,21086208,83.14,5.21,3610000000.0,87910000.0,3530000000.0,143000000.0,det_sign,,,medium,,32,,1,1,,0,1.3,,/data/common/ImageNet/rec,/data/common/other,imagenet,,1,,False,float32,120,True,"0,1",,,,deepstem_grouped,gaussian,None,device,image-classification.log,100,0.000049,0.1,cosine,"30,60,90",cosine,resnet34_e1,0.9,4,radam,meta/plot,True,model,False,meta/eta,,,,1,123,1,0,False,False,0,0.0,0.0,det_sign,meta/tblogs,108, 6093.160688,304_imagenet_resnet34_e1_radam,0.633223,0.847071,0.617220,0.821052
21793998,21086208,83.14,5.21,3610000000.0,87910000.0,3530000000.0,143000000.0,det_sign,,,medium,,32,,1,1,,0,1.3,,/data/common/ImageNet/rec,/data/common/other,imagenet,,1,,False,float32,120,True,"0,1",,,,deepstem_grouped,gaussian,None,device,image-classification.log,100,0.000041,0.1,cosine,"30,60,90",cosine,resnet34_e1,0.9,4,radam,meta/plot,True,model,False,meta/eta,,,,1,123,1,0,False,False,0,0.0,0.0,det_sign,meta/tblogs,109, 6410.041665,304_imagenet_resnet34_e1_radam,0.633951,0.846128,0.617864,0.821873
21793998,21086208,83.14,5.21,3610000000.0,87910000.0,3530000000.0,143000000.0,det_sign,,,medium,,32,,1,1,,0,1.3,,/data/common/ImageNet/rec,/data/common/other,imagenet,,1,,False,float32,120,True,"0,1",,,,deepstem_grouped,gaussian,None,device,image-classification.log,100,0.000034,0.1,cosine,"30,60,90",cosine,resnet34_e1,0.9,4,radam,meta/plot,True,model,False,meta/eta,,,,1,123,1,0,False,False,0,0.0,0.0,det_sign,meta/tblogs,110, 6505.600065,304_imagenet_resnet34_e1_radam,0.634223,0.847231,0.618613,0.822175
21793998,21086208,83.14,5.21,3610000000.0,87910000.0,3530000000.0,143000000.0,det_sign,,,medium,,32,,1,1,,0,1.3,,/data/common/ImageNet/rec,/data/common/other,imagenet,,1,,False,float32,120,True,"0,1",,,,deepstem_grouped,gaussian,None,device,image-classification.log,100,0.000028,0.1,cosine,"30,60,90",cosine,resnet34_e1,0.9,4,radam,meta/plot,True,model,False,meta/eta,,,,1,123,1,0,False,False,0,0.0,0.0,det_sign,meta/tblogs,111, 6433.938188,304_imagenet_resnet34_e1_radam,0.635703,0.847891,0.619032,0.822259
21793998,21086208,83.14,5.21,3610000000.0,87910000.0,3530000000.0,143000000.0,det_sign,,,medium,,32,,1,1,,0,1.3,,/data/common/ImageNet/rec,/data/common/other,imagenet,,1,,False,float32,120,True,"0,1",,,,deepstem_grouped,gaussian,None,device,image-classification.log,100,0.000022,0.1,cosine,"30,60,90",cosine,resnet34_e1,0.9,4,radam,meta/plot,True,model,False,meta/eta,,,,1,123,1,0,False,False,0,0.0,0.0,det_sign,meta/tblogs,112, 6438.982589,304_imagenet_resnet34_e1_radam,0.635403,0.846631,0.619550,0.822927
21793998,21086208,83.14,5.21,3610000000.0,87910000.0,3530000000.0,143000000.0,det_sign,,,medium,,32,,1,1,,0,1.3,,/data/common/ImageNet/rec,/data/common/other,imagenet,,1,,False,float32,120,True,"0,1",,,,deepstem_grouped,gaussian,None,device,image-classification.log,100,0.000017,0.1,cosine,"30,60,90",cosine,resnet34_e1,0.9,4,radam,meta/plot,True,model,False,meta/eta,,,,1,123,1,0,False,False,0,0.0,0.0,det_sign,meta/tblogs,113, 6394.539668,304_imagenet_resnet34_e1_radam,0.636429,0.846987,0.620103,0.823411
21793998,21086208,83.14,5.21,3610000000.0,87910000.0,3530000000.0,143000000.0,det_sign,,,medium,,32,,1,1,,0,1.3,,/data/common/ImageNet/rec,/data/common/other,imagenet,,1,,False,float32,120,True,"0,1",,,,deepstem_grouped,gaussian,None,device,image-classification.log,100,0.000012,0.1,cosine,"30,60,90",cosine,resnet34_e1,0.9,4,radam,meta/plot,True,model,False,meta/eta,,,,1,123,1,0,False,False,0,0.0,0.0,det_sign,meta/tblogs,114, 6494.563406,304_imagenet_resnet34_e1_radam,0.634563,0.846891,0.621168,0.824003
21793998,21086208,83.14,5.21,3610000000.0,87910000.0,3530000000.0,143000000.0,det_sign,,,medium,,32,,1,1,,0,1.3,,/data/common/ImageNet/rec,/data/common/other,imagenet,,1,,False,float32,120,True,"0,1",,,,deepstem_grouped,gaussian,None,device,image-classification.log,100,0.000009,0.1,cosine,"30,60,90",cosine,resnet34_e1,0.9,4,radam,meta/plot,True,model,False,meta/eta,,,,1,123,1,0,False,False,0,0.0,0.0,det_sign,meta/tblogs,115, 6424.268075,304_imagenet_resnet34_e1_radam,0.636024,0.847591,0.620517,0.823875
21793998,21086208,83.14,5.21,3610000000.0,87910000.0,3530000000.0,143000000.0,det_sign,,,medium,,32,,1,1,,0,1.3,,/data/common/ImageNet/rec,/data/common/other,imagenet,,1,,False,float32,120,True,"0,1",,,,deepstem_grouped,gaussian,None,device,image-classification.log,100,0.000005,0.1,cosine,"30,60,90",cosine,resnet34_e1,0.9,4,radam,meta/plot,True,model,False,meta/eta,,,,1,123,1,0,False,False,0,0.0,0.0,det_sign,meta/tblogs,116, 6406.348877,304_imagenet_resnet34_e1_radam,0.634503,0.847191,0.620947,0.824042
21793998,21086208,83.14,5.21,3610000000.0,87910000.0,3530000000.0,143000000.0,det_sign,,,medium,,32,,1,1,,0,1.3,,/data/common/ImageNet/rec,/data/common/other,imagenet,,1,,False,float32,120,True,"0,1",,,,deepstem_grouped,gaussian,None,device,image-classification.log,100,0.000003,0.1,cosine,"30,60,90",cosine,resnet34_e1,0.9,4,radam,meta/plot,True,model,False,meta/eta,,,,1,123,1,0,False,False,0,0.0,0.0,det_sign,meta/tblogs,117, 6447.167360,304_imagenet_resnet34_e1_radam,0.636909,0.847446,0.621840,0.824440
21793998,21086208,83.14,5.21,3610000000.0,87910000.0,3530000000.0,143000000.0,det_sign,,,medium,,32,,1,1,,0,1.3,,/data/common/ImageNet/rec,/data/common/other,imagenet,,1,,False,float32,120,True,"0,1",,,,deepstem_grouped,gaussian,None,device,image-classification.log,100,0.000001,0.1,cosine,"30,60,90",cosine,resnet34_e1,0.9,4,radam,meta/plot,True,model,False,meta/eta,,,,1,123,1,0,False,False,0,0.0,0.0,det_sign,meta/tblogs,118, 6431.483089,304_imagenet_resnet34_e1_radam,0.635703,0.848411,0.621869,0.824645
21793998,21086208,83.14,5.21,3610000000.0,87910000.0,3530000000.0,143000000.0,det_sign,,,medium,,32,,1,1,,0,1.3,,/data/common/ImageNet/rec,/data/common/other,imagenet,,1,,False,float32,120,True,"0,1",,,,deepstem_grouped,gaussian,None,device,image-classification.log,100,0.000000,0.1,cosine,"30,60,90",cosine,resnet34_e1,0.9,4,radam,meta/plot,True,model,False,meta/eta,,,,1,123,1,0,False,False,0,0.0,0.0,det_sign,meta/tblogs,119, 6420.978429,304_imagenet_resnet34_e1_radam,0.636964,0.847851,0.622135,0.824771
21793998,21086208,83.14,5.21,3610000000.0,87910000.0,3530000000.0,143000000.0,det_sign,,,medium,,32,,1,1,,0,1.3,,/data/common/ImageNet/rec,/data/common/other,imagenet,,1,,False,float32,120,True,"0,1",,,,deepstem_grouped,gaussian,None,device,image-classification.log,100,0.000000,0.1,cosine,"30,60,90",cosine,resnet34_e1,0.9,4,radam,meta/plot,True,model,False,meta/eta,,,,1,123,1,0,False,False,0,0.0,0.0,det_sign,meta/tblogs,120, 6484.147021,304_imagenet_resnet34_e1_radam,0.637304,0.848752,0.622523,0.824971
