augmentation_level,batch_norm,batch_size,bits,bits_a,builtin_profiler,clip_threshold,data_dir,data_path,dataset,dry_run,dtype,epochs,fp_downsample_sc,gpus,growth_rate,init_features,initialization,kvstore,log,log_interval,lr,lr_factor,lr_steps,mean_subtraction,mode,model,momentum,num_workers,optimizer,plot_network,pool_downsample_sc,prefix,profile,reduction,resume,save_frequency,seed,slices,start_epoch,use_approx_sign,use_pretrained,wd,write_summary,epoch,time,exp_folder_name,val_acc,val_acc_top_k_5,train_acc,train_acc_top_k_5
3,False,128,1,1,0,1.0,/home/joseph/systematic-evaluation/data/imagenet1k,/home/joseph/Projects/binary-networks/data,cifar10,False,float32,150,False,0,None,None,gaussian,device,image-classification.log,50,0.01,0.3,"75,100,125",False,imperative,resnet18_e2,0.9,4,adam,meta/plot,True,model,False,None,,10,123,4,0,False,False,0.0,meta/tblogs'),1,,.,0.381329,0.896954,0.277274,0.794497
3,False,128,1,1,0,1.0,/home/joseph/systematic-evaluation/data/imagenet1k,/home/joseph/Projects/binary-networks/data,cifar10,False,float32,150,False,0,None,None,gaussian,device,image-classification.log,50,0.01,0.3,"75,100,125",False,imperative,resnet18_e2,0.9,4,adam,meta/plot,True,model,False,None,,10,123,4,0,False,False,0.0,meta/tblogs'),2,,.,0.481370,0.936999,0.406110,0.893163
3,False,128,1,1,0,1.0,/home/joseph/systematic-evaluation/data/imagenet1k,/home/joseph/Projects/binary-networks/data,cifar10,False,float32,150,False,0,None,None,gaussian,device,image-classification.log,50,0.01,0.3,"75,100,125",False,imperative,resnet18_e2,0.9,4,adam,meta/plot,True,model,False,None,,10,123,4,0,False,False,0.0,meta/tblogs'),3,,.,0.559195,0.954227,0.519010,0.932492
3,False,128,1,1,0,1.0,/home/joseph/systematic-evaluation/data/imagenet1k,/home/joseph/Projects/binary-networks/data,cifar10,False,float32,150,False,0,None,None,gaussian,device,image-classification.log,50,0.01,0.3,"75,100,125",False,imperative,resnet18_e2,0.9,4,adam,meta/plot,True,model,False,None,,10,123,4,0,False,False,0.0,meta/tblogs'),4,,.,0.618289,0.964744,0.604759,0.958040
3,False,128,1,1,0,1.0,/home/joseph/systematic-evaluation/data/imagenet1k,/home/joseph/Projects/binary-networks/data,cifar10,False,float32,150,False,0,None,None,gaussian,device,image-classification.log,50,0.01,0.3,"75,100,125",False,imperative,resnet18_e2,0.9,4,adam,meta/plot,True,model,False,None,,10,123,4,0,False,False,0.0,meta/tblogs'),5,,.,0.680288,0.971454,0.662664,0.970428
3,False,128,1,1,0,1.0,/home/joseph/systematic-evaluation/data/imagenet1k,/home/joseph/Projects/binary-networks/data,cifar10,False,float32,150,False,0,None,None,gaussian,device,image-classification.log,50,0.01,0.3,"75,100,125",False,imperative,resnet18_e2,0.9,4,adam,meta/plot,True,model,False,None,,10,123,4,0,False,False,0.0,meta/tblogs'),6,,.,0.717047,0.980168,0.699920,0.977143
3,False,128,1,1,0,1.0,/home/joseph/systematic-evaluation/data/imagenet1k,/home/joseph/Projects/binary-networks/data,cifar10,False,float32,150,False,0,None,None,gaussian,device,image-classification.log,50,0.01,0.3,"75,100,125",False,imperative,resnet18_e2,0.9,4,adam,meta/plot,True,model,False,None,,10,123,4,0,False,False,0.0,meta/tblogs'),7,,.,0.745793,0.984275,0.731218,0.981598
3,False,128,1,1,0,1.0,/home/joseph/systematic-evaluation/data/imagenet1k,/home/joseph/Projects/binary-networks/data,cifar10,False,float32,150,False,0,None,None,gaussian,device,image-classification.log,50,0.01,0.3,"75,100,125",False,imperative,resnet18_e2,0.9,4,adam,meta/plot,True,model,False,None,,10,123,4,0,False,False,0.0,meta/tblogs'),8,,.,0.741486,0.981571,0.752804,0.984555
3,False,128,1,1,0,1.0,/home/joseph/systematic-evaluation/data/imagenet1k,/home/joseph/Projects/binary-networks/data,cifar10,False,float32,150,False,0,None,None,gaussian,device,image-classification.log,50,0.01,0.3,"75,100,125",False,imperative,resnet18_e2,0.9,4,adam,meta/plot,True,model,False,None,,10,123,4,0,False,False,0.0,meta/tblogs'),9,,.,0.774031,0.986254,0.770420,0.986873
3,False,128,1,1,0,1.0,/home/joseph/systematic-evaluation/data/imagenet1k,/home/joseph/Projects/binary-networks/data,cifar10,False,float32,150,False,0,None,None,gaussian,device,image-classification.log,50,0.01,0.3,"75,100,125",False,imperative,resnet18_e2,0.9,4,adam,meta/plot,True,model,False,None,,10,123,4,0,False,False,0.0,meta/tblogs'),10,,.,0.781550,0.987580,0.784966,0.988411
3,False,128,1,1,0,1.0,/home/joseph/systematic-evaluation/data/imagenet1k,/home/joseph/Projects/binary-networks/data,cifar10,False,float32,150,False,0,None,None,gaussian,device,image-classification.log,50,0.01,0.3,"75,100,125",False,imperative,resnet18_e2,0.9,4,adam,meta/plot,True,model,False,None,,10,123,4,0,False,False,0.0,meta/tblogs'),11,,.,0.800581,0.990385,0.794752,0.989383
3,False,128,1,1,0,1.0,/home/joseph/systematic-evaluation/data/imagenet1k,/home/joseph/Projects/binary-networks/data,cifar10,False,float32,150,False,0,None,None,gaussian,device,image-classification.log,50,0.01,0.3,"75,100,125",False,imperative,resnet18_e2,0.9,4,adam,meta/plot,True,model,False,None,,10,123,4,0,False,False,0.0,meta/tblogs'),12,,.,0.803986,0.990084,0.807325,0.990050
3,False,128,1,1,0,1.0,/home/joseph/systematic-evaluation/data/imagenet1k,/home/joseph/Projects/binary-networks/data,cifar10,False,float32,150,False,0,None,None,gaussian,device,image-classification.log,50,0.01,0.3,"75,100,125",False,imperative,resnet18_e2,0.9,4,adam,meta/plot,True,model,False,None,,10,123,4,0,False,False,0.0,meta/tblogs'),13,,.,0.811799,0.992087,0.813659,0.991788
3,False,128,1,1,0,1.0,/home/joseph/systematic-evaluation/data/imagenet1k,/home/joseph/Projects/binary-networks/data,cifar10,False,float32,150,False,0,None,None,gaussian,device,image-classification.log,50,0.01,0.3,"75,100,125",False,imperative,resnet18_e2,0.9,4,adam,meta/plot,True,model,False,None,,10,123,4,0,False,False,0.0,meta/tblogs'),14,,.,0.815605,0.991787,0.823938,0.992107
3,False,128,1,1,0,1.0,/home/joseph/systematic-evaluation/data/imagenet1k,/home/joseph/Projects/binary-networks/data,cifar10,False,float32,150,False,0,None,None,gaussian,device,image-classification.log,50,0.01,0.3,"75,100,125",False,imperative,resnet18_e2,0.9,4,adam,meta/plot,True,model,False,None,,10,123,4,0,False,False,0.0,meta/tblogs'),15,,.,0.815104,0.990184,0.830443,0.992607
3,False,128,1,1,0,1.0,/home/joseph/systematic-evaluation/data/imagenet1k,/home/joseph/Projects/binary-networks/data,cifar10,False,float32,150,False,0,None,None,gaussian,device,image-classification.log,50,0.01,0.3,"75,100,125",False,imperative,resnet18_e2,0.9,4,adam,meta/plot,True,model,False,None,,10,123,4,0,False,False,0.0,meta/tblogs'),16,,.,0.801082,0.985777,0.835357,0.993490
3,False,128,1,1,0,1.0,/home/joseph/systematic-evaluation/data/imagenet1k,/home/joseph/Projects/binary-networks/data,cifar10,False,float32,150,False,0,None,None,gaussian,device,image-classification.log,50,0.01,0.3,"75,100,125",False,imperative,resnet18_e2,0.9,4,adam,meta/plot,True,model,False,None,,10,123,4,0,False,False,0.0,meta/tblogs'),17,,.,0.819027,0.992484,0.844369,0.993846
3,False,128,1,1,0,1.0,/home/joseph/systematic-evaluation/data/imagenet1k,/home/joseph/Projects/binary-networks/data,cifar10,False,float32,150,False,0,None,None,gaussian,device,image-classification.log,50,0.01,0.3,"75,100,125",False,imperative,resnet18_e2,0.9,4,adam,meta/plot,True,model,False,None,,10,123,4,0,False,False,0.0,meta/tblogs'),18,,.,0.828826,0.992588,0.850583,0.994345
3,False,128,1,1,0,1.0,/home/joseph/systematic-evaluation/data/imagenet1k,/home/joseph/Projects/binary-networks/data,cifar10,False,float32,150,False,0,None,None,gaussian,device,image-classification.log,50,0.01,0.3,"75,100,125",False,imperative,resnet18_e2,0.9,4,adam,meta/plot,True,model,False,None,,10,123,4,0,False,False,0.0,meta/tblogs'),19,,.,0.832031,0.992989,0.851663,0.993990
3,False,128,1,1,0,1.0,/home/joseph/systematic-evaluation/data/imagenet1k,/home/joseph/Projects/binary-networks/data,cifar10,False,float32,150,False,0,None,None,gaussian,device,image-classification.log,50,0.01,0.3,"75,100,125",False,imperative,resnet18_e2,0.9,4,adam,meta/plot,True,model,False,None,,10,123,4,0,False,False,0.0,meta/tblogs'),20,,.,0.822716,0.989683,0.856558,0.995504
3,False,128,1,1,0,1.0,/home/joseph/systematic-evaluation/data/imagenet1k,/home/joseph/Projects/binary-networks/data,cifar10,False,float32,150,False,0,None,None,gaussian,device,image-classification.log,50,0.01,0.3,"75,100,125",False,imperative,resnet18_e2,0.9,4,adam,meta/plot,True,model,False,None,,10,123,4,0,False,False,0.0,meta/tblogs'),21,,.,0.829427,0.992688,0.862752,0.995604
3,False,128,1,1,0,1.0,/home/joseph/systematic-evaluation/data/imagenet1k,/home/joseph/Projects/binary-networks/data,cifar10,False,float32,150,False,0,None,None,gaussian,device,image-classification.log,50,0.01,0.3,"75,100,125",False,imperative,resnet18_e2,0.9,4,adam,meta/plot,True,model,False,None,,10,123,4,0,False,False,0.0,meta/tblogs'),22,,.,0.829026,0.992087,0.868189,0.996114
3,False,128,1,1,0,1.0,/home/joseph/systematic-evaluation/data/imagenet1k,/home/joseph/Projects/binary-networks/data,cifar10,False,float32,150,False,0,None,None,gaussian,device,image-classification.log,50,0.01,0.3,"75,100,125",False,imperative,resnet18_e2,0.9,4,adam,meta/plot,True,model,False,None,,10,123,4,0,False,False,0.0,meta/tblogs'),23,,.,0.833534,0.992788,0.870884,0.996084
3,False,128,1,1,0,1.0,/home/joseph/systematic-evaluation/data/imagenet1k,/home/joseph/Projects/binary-networks/data,cifar10,False,float32,150,False,0,None,None,gaussian,device,image-classification.log,50,0.01,0.3,"75,100,125",False,imperative,resnet18_e2,0.9,4,adam,meta/plot,True,model,False,None,,10,123,4,0,False,False,0.0,meta/tblogs'),24,,.,0.832732,0.993189,0.871715,0.996855
3,False,128,1,1,0,1.0,/home/joseph/systematic-evaluation/data/imagenet1k,/home/joseph/Projects/binary-networks/data,cifar10,False,float32,150,False,0,None,None,gaussian,device,image-classification.log,50,0.01,0.3,"75,100,125",False,imperative,resnet18_e2,0.9,4,adam,meta/plot,True,model,False,None,,10,123,4,0,False,False,0.0,meta/tblogs'),25,,.,0.822488,0.992583,0.875020,0.996663
3,False,128,1,1,0,1.0,/home/joseph/systematic-evaluation/data/imagenet1k,/home/joseph/Projects/binary-networks/data,cifar10,False,float32,150,False,0,None,None,gaussian,device,image-classification.log,50,0.01,0.3,"75,100,125",False,imperative,resnet18_e2,0.9,4,adam,meta/plot,True,model,False,None,,10,123,4,0,False,False,0.0,meta/tblogs'),26,,.,0.835437,0.993189,0.880615,0.997163
3,False,128,1,1,0,1.0,/home/joseph/systematic-evaluation/data/imagenet1k,/home/joseph/Projects/binary-networks/data,cifar10,False,float32,150,False,0,None,None,gaussian,device,image-classification.log,50,0.01,0.3,"75,100,125",False,imperative,resnet18_e2,0.9,4,adam,meta/plot,True,model,False,None,,10,123,4,0,False,False,0.0,meta/tblogs'),27,,.,0.839543,0.993590,0.886579,0.997155
3,False,128,1,1,0,1.0,/home/joseph/systematic-evaluation/data/imagenet1k,/home/joseph/Projects/binary-networks/data,cifar10,False,float32,150,False,0,None,None,gaussian,device,image-classification.log,50,0.01,0.3,"75,100,125",False,imperative,resnet18_e2,0.9,4,adam,meta/plot,True,model,False,None,,10,123,4,0,False,False,0.0,meta/tblogs'),28,,.,0.831731,0.992588,0.888187,0.997562
3,False,128,1,1,0,1.0,/home/joseph/systematic-evaluation/data/imagenet1k,/home/joseph/Projects/binary-networks/data,cifar10,False,float32,150,False,0,None,None,gaussian,device,image-classification.log,50,0.01,0.3,"75,100,125",False,imperative,resnet18_e2,0.9,4,adam,meta/plot,True,model,False,None,,10,123,4,0,False,False,0.0,meta/tblogs'),29,,.,0.831130,0.991186,0.889326,0.997383
3,False,128,1,1,0,1.0,/home/joseph/systematic-evaluation/data/imagenet1k,/home/joseph/Projects/binary-networks/data,cifar10,False,float32,150,False,0,None,None,gaussian,device,image-classification.log,50,0.01,0.3,"75,100,125",False,imperative,resnet18_e2,0.9,4,adam,meta/plot,True,model,False,None,,10,123,4,0,False,False,0.0,meta/tblogs'),30,,.,0.841947,0.993389,0.893129,0.997837
3,False,128,1,1,0,1.0,/home/joseph/systematic-evaluation/data/imagenet1k,/home/joseph/Projects/binary-networks/data,cifar10,False,float32,150,False,0,None,None,gaussian,device,image-classification.log,50,0.01,0.3,"75,100,125",False,imperative,resnet18_e2,0.9,4,adam,meta/plot,True,model,False,None,,10,123,4,0,False,False,0.0,meta/tblogs'),31,,.,0.834736,0.991787,0.895480,0.997962
3,False,128,1,1,0,1.0,/home/joseph/systematic-evaluation/data/imagenet1k,/home/joseph/Projects/binary-networks/data,cifar10,False,float32,150,False,0,None,None,gaussian,device,image-classification.log,50,0.01,0.3,"75,100,125",False,imperative,resnet18_e2,0.9,4,adam,meta/plot,True,model,False,None,,10,123,4,0,False,False,0.0,meta/tblogs'),32,,.,0.829527,0.992188,0.897837,0.997296
3,False,128,1,1,0,1.0,/home/joseph/systematic-evaluation/data/imagenet1k,/home/joseph/Projects/binary-networks/data,cifar10,False,float32,150,False,0,None,None,gaussian,device,image-classification.log,50,0.01,0.3,"75,100,125",False,imperative,resnet18_e2,0.9,4,adam,meta/plot,True,model,False,None,,10,123,4,0,False,False,0.0,meta/tblogs'),33,,.,0.835740,0.991199,0.901754,0.998322
3,False,128,1,1,0,1.0,/home/joseph/systematic-evaluation/data/imagenet1k,/home/joseph/Projects/binary-networks/data,cifar10,False,float32,150,False,0,None,None,gaussian,device,image-classification.log,50,0.01,0.3,"75,100,125",False,imperative,resnet18_e2,0.9,4,adam,meta/plot,True,model,False,None,,10,123,4,0,False,False,0.0,meta/tblogs'),34,,.,0.844752,0.994491,0.900875,0.998042
3,False,128,1,1,0,1.0,/home/joseph/systematic-evaluation/data/imagenet1k,/home/joseph/Projects/binary-networks/data,cifar10,False,float32,150,False,0,None,None,gaussian,device,image-classification.log,50,0.01,0.3,"75,100,125",False,imperative,resnet18_e2,0.9,4,adam,meta/plot,True,model,False,None,,10,123,4,0,False,False,0.0,meta/tblogs'),35,,.,0.838842,0.991587,0.905208,0.998197
3,False,128,1,1,0,1.0,/home/joseph/systematic-evaluation/data/imagenet1k,/home/joseph/Projects/binary-networks/data,cifar10,False,float32,150,False,0,None,None,gaussian,device,image-classification.log,50,0.01,0.3,"75,100,125",False,imperative,resnet18_e2,0.9,4,adam,meta/plot,True,model,False,None,,10,123,4,0,False,False,0.0,meta/tblogs'),36,,.,0.839042,0.994391,0.908808,0.998262
3,False,128,1,1,0,1.0,/home/joseph/systematic-evaluation/data/imagenet1k,/home/joseph/Projects/binary-networks/data,cifar10,False,float32,150,False,0,None,None,gaussian,device,image-classification.log,50,0.01,0.3,"75,100,125",False,imperative,resnet18_e2,0.9,4,adam,meta/plot,True,model,False,None,,10,123,4,0,False,False,0.0,meta/tblogs'),37,,.,0.841647,0.994091,0.909827,0.998501
3,False,128,1,1,0,1.0,/home/joseph/systematic-evaluation/data/imagenet1k,/home/joseph/Projects/binary-networks/data,cifar10,False,float32,150,False,0,None,None,gaussian,device,image-classification.log,50,0.01,0.3,"75,100,125",False,imperative,resnet18_e2,0.9,4,adam,meta/plot,True,model,False,None,,10,123,4,0,False,False,0.0,meta/tblogs'),38,,.,0.848858,0.993790,0.911979,0.998498
3,False,128,1,1,0,1.0,/home/joseph/systematic-evaluation/data/imagenet1k,/home/joseph/Projects/binary-networks/data,cifar10,False,float32,150,False,0,None,None,gaussian,device,image-classification.log,50,0.01,0.3,"75,100,125",False,imperative,resnet18_e2,0.9,4,adam,meta/plot,True,model,False,None,,10,123,4,0,False,False,0.0,meta/tblogs'),39,,.,0.832031,0.992388,0.914782,0.999081
3,False,128,1,1,0,1.0,/home/joseph/systematic-evaluation/data/imagenet1k,/home/joseph/Projects/binary-networks/data,cifar10,False,float32,150,False,0,None,None,gaussian,device,image-classification.log,50,0.01,0.3,"75,100,125",False,imperative,resnet18_e2,0.9,4,adam,meta/plot,True,model,False,None,,10,123,4,0,False,False,0.0,meta/tblogs'),40,,.,0.846254,0.992989,0.916947,0.998818
3,False,128,1,1,0,1.0,/home/joseph/systematic-evaluation/data/imagenet1k,/home/joseph/Projects/binary-networks/data,cifar10,False,float32,150,False,0,None,None,gaussian,device,image-classification.log,50,0.01,0.3,"75,100,125",False,imperative,resnet18_e2,0.9,4,adam,meta/plot,True,model,False,None,,10,123,4,0,False,False,0.0,meta/tblogs'),41,,.,0.839597,0.991891,0.916540,0.998801
3,False,128,1,1,0,1.0,/home/joseph/systematic-evaluation/data/imagenet1k,/home/joseph/Projects/binary-networks/data,cifar10,False,float32,150,False,0,None,None,gaussian,device,image-classification.log,50,0.01,0.3,"75,100,125",False,imperative,resnet18_e2,0.9,4,adam,meta/plot,True,model,False,None,,10,123,4,0,False,False,0.0,meta/tblogs'),42,,.,0.833534,0.993189,0.917399,0.998941
3,False,128,1,1,0,1.0,/home/joseph/systematic-evaluation/data/imagenet1k,/home/joseph/Projects/binary-networks/data,cifar10,False,float32,150,False,0,None,None,gaussian,device,image-classification.log,50,0.01,0.3,"75,100,125",False,imperative,resnet18_e2,0.9,4,adam,meta/plot,True,model,False,None,,10,123,4,0,False,False,0.0,meta/tblogs'),43,,.,0.847356,0.993790,0.919491,0.998858
3,False,128,1,1,0,1.0,/home/joseph/systematic-evaluation/data/imagenet1k,/home/joseph/Projects/binary-networks/data,cifar10,False,float32,150,False,0,None,None,gaussian,device,image-classification.log,50,0.01,0.3,"75,100,125",False,imperative,resnet18_e2,0.9,4,adam,meta/plot,True,model,False,None,,10,123,4,0,False,False,0.0,meta/tblogs'),44,,.,0.849359,0.993690,0.922814,0.998941
3,False,128,1,1,0,1.0,/home/joseph/systematic-evaluation/data/imagenet1k,/home/joseph/Projects/binary-networks/data,cifar10,False,float32,150,False,0,None,None,gaussian,device,image-classification.log,50,0.01,0.3,"75,100,125",False,imperative,resnet18_e2,0.9,4,adam,meta/plot,True,model,False,None,,10,123,4,0,False,False,0.0,meta/tblogs'),45,,.,0.840545,0.993089,0.924572,0.998821
3,False,128,1,1,0,1.0,/home/joseph/systematic-evaluation/data/imagenet1k,/home/joseph/Projects/binary-networks/data,cifar10,False,float32,150,False,0,None,None,gaussian,device,image-classification.log,50,0.01,0.3,"75,100,125",False,imperative,resnet18_e2,0.9,4,adam,meta/plot,True,model,False,None,,10,123,4,0,False,False,0.0,meta/tblogs'),46,,.,0.834034,0.991486,0.924960,0.998938
3,False,128,1,1,0,1.0,/home/joseph/systematic-evaluation/data/imagenet1k,/home/joseph/Projects/binary-networks/data,cifar10,False,float32,150,False,0,None,None,gaussian,device,image-classification.log,50,0.01,0.3,"75,100,125",False,imperative,resnet18_e2,0.9,4,adam,meta/plot,True,model,False,None,,10,123,4,0,False,False,0.0,meta/tblogs'),47,,.,0.845653,0.991987,0.926051,0.999401
3,False,128,1,1,0,1.0,/home/joseph/systematic-evaluation/data/imagenet1k,/home/joseph/Projects/binary-networks/data,cifar10,False,float32,150,False,0,None,None,gaussian,device,image-classification.log,50,0.01,0.3,"75,100,125",False,imperative,resnet18_e2,0.9,4,adam,meta/plot,True,model,False,None,,10,123,4,0,False,False,0.0,meta/tblogs'),48,,.,0.838742,0.991587,0.925481,0.998938
3,False,128,1,1,0,1.0,/home/joseph/systematic-evaluation/data/imagenet1k,/home/joseph/Projects/binary-networks/data,cifar10,False,float32,150,False,0,None,None,gaussian,device,image-classification.log,50,0.01,0.3,"75,100,125",False,imperative,resnet18_e2,0.9,4,adam,meta/plot,True,model,False,None,,10,123,4,0,False,False,0.0,meta/tblogs'),49,,.,0.842267,0.993176,0.929548,0.998861
3,False,128,1,1,0,1.0,/home/joseph/systematic-evaluation/data/imagenet1k,/home/joseph/Projects/binary-networks/data,cifar10,False,float32,150,False,0,None,None,gaussian,device,image-classification.log,50,0.01,0.3,"75,100,125",False,imperative,resnet18_e2,0.9,4,adam,meta/plot,True,model,False,None,,10,123,4,0,False,False,0.0,meta/tblogs'),50,,.,0.842748,0.993690,0.929348,0.999201
3,False,128,1,1,0,1.0,/home/joseph/systematic-evaluation/data/imagenet1k,/home/joseph/Projects/binary-networks/data,cifar10,False,float32,150,False,0,None,None,gaussian,device,image-classification.log,50,0.01,0.3,"75,100,125",False,imperative,resnet18_e2,0.9,4,adam,meta/plot,True,model,False,None,,10,123,4,0,False,False,0.0,meta/tblogs'),51,,.,0.850561,0.993790,0.929347,0.999439
3,False,128,1,1,0,1.0,/home/joseph/systematic-evaluation/data/imagenet1k,/home/joseph/Projects/binary-networks/data,cifar10,False,float32,150,False,0,None,None,gaussian,device,image-classification.log,50,0.01,0.3,"75,100,125",False,imperative,resnet18_e2,0.9,4,adam,meta/plot,True,model,False,None,,10,123,4,0,False,False,0.0,meta/tblogs'),52,,.,0.841747,0.991486,0.935322,0.999161
3,False,128,1,1,0,1.0,/home/joseph/systematic-evaluation/data/imagenet1k,/home/joseph/Projects/binary-networks/data,cifar10,False,float32,150,False,0,None,None,gaussian,device,image-classification.log,50,0.01,0.3,"75,100,125",False,imperative,resnet18_e2,0.9,4,adam,meta/plot,True,model,False,None,,10,123,4,0,False,False,0.0,meta/tblogs'),53,,.,0.843750,0.992388,0.934243,0.999321
3,False,128,1,1,0,1.0,/home/joseph/systematic-evaluation/data/imagenet1k,/home/joseph/Projects/binary-networks/data,cifar10,False,float32,150,False,0,None,None,gaussian,device,image-classification.log,50,0.01,0.3,"75,100,125",False,imperative,resnet18_e2,0.9,4,adam,meta/plot,True,model,False,None,,10,123,4,0,False,False,0.0,meta/tblogs'),54,,.,0.845453,0.992488,0.935497,0.999379
3,False,128,1,1,0,1.0,/home/joseph/systematic-evaluation/data/imagenet1k,/home/joseph/Projects/binary-networks/data,cifar10,False,float32,150,False,0,None,None,gaussian,device,image-classification.log,50,0.01,0.3,"75,100,125",False,imperative,resnet18_e2,0.9,4,adam,meta/plot,True,model,False,None,,10,123,4,0,False,False,0.0,meta/tblogs'),55,,.,0.853666,0.993490,0.933604,0.999281
3,False,128,1,1,0,1.0,/home/joseph/systematic-evaluation/data/imagenet1k,/home/joseph/Projects/binary-networks/data,cifar10,False,float32,150,False,0,None,None,gaussian,device,image-classification.log,50,0.01,0.3,"75,100,125",False,imperative,resnet18_e2,0.9,4,adam,meta/plot,True,model,False,None,,10,123,4,0,False,False,0.0,meta/tblogs'),56,,.,0.844050,0.993089,0.937600,0.999459
3,False,128,1,1,0,1.0,/home/joseph/systematic-evaluation/data/imagenet1k,/home/joseph/Projects/binary-networks/data,cifar10,False,float32,150,False,0,None,None,gaussian,device,image-classification.log,50,0.01,0.3,"75,100,125",False,imperative,resnet18_e2,0.9,4,adam,meta/plot,True,model,False,None,,10,123,4,0,False,False,0.0,meta/tblogs'),57,,.,0.851958,0.993078,0.936701,0.999161
3,False,128,1,1,0,1.0,/home/joseph/systematic-evaluation/data/imagenet1k,/home/joseph/Projects/binary-networks/data,cifar10,False,float32,150,False,0,None,None,gaussian,device,image-classification.log,50,0.01,0.3,"75,100,125",False,imperative,resnet18_e2,0.9,4,adam,meta/plot,True,model,False,None,,10,123,4,0,False,False,0.0,meta/tblogs'),58,,.,0.835337,0.991687,0.940177,0.999401
3,False,128,1,1,0,1.0,/home/joseph/systematic-evaluation/data/imagenet1k,/home/joseph/Projects/binary-networks/data,cifar10,False,float32,150,False,0,None,None,gaussian,device,image-classification.log,50,0.01,0.3,"75,100,125",False,imperative,resnet18_e2,0.9,4,adam,meta/plot,True,model,False,None,,10,123,4,0,False,False,0.0,meta/tblogs'),59,,.,0.848658,0.993089,0.939704,0.999399
3,False,128,1,1,0,1.0,/home/joseph/systematic-evaluation/data/imagenet1k,/home/joseph/Projects/binary-networks/data,cifar10,False,float32,150,False,0,None,None,gaussian,device,image-classification.log,50,0.01,0.3,"75,100,125",False,imperative,resnet18_e2,0.9,4,adam,meta/plot,True,model,False,None,,10,123,4,0,False,False,0.0,meta/tblogs'),60,,.,0.833433,0.991987,0.940437,0.999441
3,False,128,1,1,0,1.0,/home/joseph/systematic-evaluation/data/imagenet1k,/home/joseph/Projects/binary-networks/data,cifar10,False,float32,150,False,0,None,None,gaussian,device,image-classification.log,50,0.01,0.3,"75,100,125",False,imperative,resnet18_e2,0.9,4,adam,meta/plot,True,model,False,None,,10,123,4,0,False,False,0.0,meta/tblogs'),61,,.,0.849058,0.993690,0.941316,0.999560
3,False,128,1,1,0,1.0,/home/joseph/systematic-evaluation/data/imagenet1k,/home/joseph/Projects/binary-networks/data,cifar10,False,float32,150,False,0,None,None,gaussian,device,image-classification.log,50,0.01,0.3,"75,100,125",False,imperative,resnet18_e2,0.9,4,adam,meta/plot,True,model,False,None,,10,123,4,0,False,False,0.0,meta/tblogs'),62,,.,0.850361,0.992188,0.941607,0.999579
3,False,128,1,1,0,1.0,/home/joseph/systematic-evaluation/data/imagenet1k,/home/joseph/Projects/binary-networks/data,cifar10,False,float32,150,False,0,None,None,gaussian,device,image-classification.log,50,0.01,0.3,"75,100,125",False,imperative,resnet18_e2,0.9,4,adam,meta/plot,True,model,False,None,,10,123,4,0,False,False,0.0,meta/tblogs'),63,,.,0.840645,0.993189,0.944214,0.999640
3,False,128,1,1,0,1.0,/home/joseph/systematic-evaluation/data/imagenet1k,/home/joseph/Projects/binary-networks/data,cifar10,False,float32,150,False,0,None,None,gaussian,device,image-classification.log,50,0.01,0.3,"75,100,125",False,imperative,resnet18_e2,0.9,4,adam,meta/plot,True,model,False,None,,10,123,4,0,False,False,0.0,meta/tblogs'),64,,.,0.852364,0.991787,0.943970,0.999659
3,False,128,1,1,0,1.0,/home/joseph/systematic-evaluation/data/imagenet1k,/home/joseph/Projects/binary-networks/data,cifar10,False,float32,150,False,0,None,None,gaussian,device,image-classification.log,50,0.01,0.3,"75,100,125",False,imperative,resnet18_e2,0.9,4,adam,meta/plot,True,model,False,None,,10,123,4,0,False,False,0.0,meta/tblogs'),65,,.,0.846321,0.993869,0.944553,0.999800
3,False,128,1,1,0,1.0,/home/joseph/systematic-evaluation/data/imagenet1k,/home/joseph/Projects/binary-networks/data,cifar10,False,float32,150,False,0,None,None,gaussian,device,image-classification.log,50,0.01,0.3,"75,100,125",False,imperative,resnet18_e2,0.9,4,adam,meta/plot,True,model,False,None,,10,123,4,0,False,False,0.0,meta/tblogs'),66,,.,0.843049,0.994091,0.947151,0.999660
3,False,128,1,1,0,1.0,/home/joseph/systematic-evaluation/data/imagenet1k,/home/joseph/Projects/binary-networks/data,cifar10,False,float32,150,False,0,None,None,gaussian,device,image-classification.log,50,0.01,0.3,"75,100,125",False,imperative,resnet18_e2,0.9,4,adam,meta/plot,True,model,False,None,,10,123,4,0,False,False,0.0,meta/tblogs'),67,,.,0.843249,0.992087,0.946174,0.999740
3,False,128,1,1,0,1.0,/home/joseph/systematic-evaluation/data/imagenet1k,/home/joseph/Projects/binary-networks/data,cifar10,False,float32,150,False,0,None,None,gaussian,device,image-classification.log,50,0.01,0.3,"75,100,125",False,imperative,resnet18_e2,0.9,4,adam,meta/plot,True,model,False,None,,10,123,4,0,False,False,0.0,meta/tblogs'),68,,.,0.838842,0.991286,0.945992,0.999441
3,False,128,1,1,0,1.0,/home/joseph/systematic-evaluation/data/imagenet1k,/home/joseph/Projects/binary-networks/data,cifar10,False,float32,150,False,0,None,None,gaussian,device,image-classification.log,50,0.01,0.3,"75,100,125",False,imperative,resnet18_e2,0.9,4,adam,meta/plot,True,model,False,None,,10,123,4,0,False,False,0.0,meta/tblogs'),69,,.,0.853766,0.993490,0.948170,0.999860
3,False,128,1,1,0,1.0,/home/joseph/systematic-evaluation/data/imagenet1k,/home/joseph/Projects/binary-networks/data,cifar10,False,float32,150,False,0,None,None,gaussian,device,image-classification.log,50,0.01,0.3,"75,100,125",False,imperative,resnet18_e2,0.9,4,adam,meta/plot,True,model,False,None,,10,123,4,0,False,False,0.0,meta/tblogs'),70,,.,0.845252,0.992388,0.949359,0.999559
3,False,128,1,1,0,1.0,/home/joseph/systematic-evaluation/data/imagenet1k,/home/joseph/Projects/binary-networks/data,cifar10,False,float32,150,False,0,None,None,gaussian,device,image-classification.log,50,0.01,0.3,"75,100,125",False,imperative,resnet18_e2,0.9,4,adam,meta/plot,True,model,False,None,,10,123,4,0,False,False,0.0,meta/tblogs'),71,,.,0.847356,0.992087,0.947770,0.999560
3,False,128,1,1,0,1.0,/home/joseph/systematic-evaluation/data/imagenet1k,/home/joseph/Projects/binary-networks/data,cifar10,False,float32,150,False,0,None,None,gaussian,device,image-classification.log,50,0.01,0.3,"75,100,125",False,imperative,resnet18_e2,0.9,4,adam,meta/plot,True,model,False,None,,10,123,4,0,False,False,0.0,meta/tblogs'),72,,.,0.850661,0.992288,0.950000,0.999700
3,False,128,1,1,0,1.0,/home/joseph/systematic-evaluation/data/imagenet1k,/home/joseph/Projects/binary-networks/data,cifar10,False,float32,150,False,0,None,None,gaussian,device,image-classification.log,50,0.01,0.3,"75,100,125",False,imperative,resnet18_e2,0.9,4,adam,meta/plot,True,model,False,None,,10,123,4,0,False,False,0.0,meta/tblogs'),73,,.,0.847903,0.992188,0.950787,0.999580
3,False,128,1,1,0,1.0,/home/joseph/systematic-evaluation/data/imagenet1k,/home/joseph/Projects/binary-networks/data,cifar10,False,float32,150,False,0,None,None,gaussian,device,image-classification.log,50,0.01,0.3,"75,100,125",False,imperative,resnet18_e2,0.9,4,adam,meta/plot,True,model,False,None,,10,123,4,0,False,False,0.0,meta/tblogs'),74,,.,0.837740,0.990685,0.949548,0.999840
3,False,128,1,1,0,1.0,/home/joseph/systematic-evaluation/data/imagenet1k,/home/joseph/Projects/binary-networks/data,cifar10,False,float32,150,False,0,None,None,gaussian,device,image-classification.log,50,0.01,0.3,"75,100,125",False,imperative,resnet18_e2,0.9,4,adam,meta/plot,True,model,False,None,,10,123,4,0,False,False,0.0,meta/tblogs'),75,,.,0.845853,0.992488,0.950481,0.999820
3,False,128,1,1,0,1.0,/home/joseph/systematic-evaluation/data/imagenet1k,/home/joseph/Projects/binary-networks/data,cifar10,False,float32,150,False,0,None,None,gaussian,device,image-classification.log,50,0.01,0.3,"75,100,125",False,imperative,resnet18_e2,0.9,4,adam,meta/plot,True,model,False,None,,10,123,4,0,False,False,0.0,meta/tblogs'),76,,.,0.847756,0.991887,0.951966,0.999780
3,False,128,1,1,0,1.0,/home/joseph/systematic-evaluation/data/imagenet1k,/home/joseph/Projects/binary-networks/data,cifar10,False,float32,150,False,0,None,None,gaussian,device,image-classification.log,50,0.01,0.3,"75,100,125",False,imperative,resnet18_e2,0.9,4,adam,meta/plot,True,model,False,None,,10,123,4,0,False,False,0.0,meta/tblogs'),77,,.,0.856871,0.992288,0.966412,0.999680
3,False,128,1,1,0,1.0,/home/joseph/systematic-evaluation/data/imagenet1k,/home/joseph/Projects/binary-networks/data,cifar10,False,float32,150,False,0,None,None,gaussian,device,image-classification.log,50,0.01,0.3,"75,100,125",False,imperative,resnet18_e2,0.9,4,adam,meta/plot,True,model,False,None,,10,123,4,0,False,False,0.0,meta/tblogs'),78,,.,0.857472,0.992488,0.972015,0.999840
3,False,128,1,1,0,1.0,/home/joseph/systematic-evaluation/data/imagenet1k,/home/joseph/Projects/binary-networks/data,cifar10,False,float32,150,False,0,None,None,gaussian,device,image-classification.log,50,0.01,0.3,"75,100,125",False,imperative,resnet18_e2,0.9,4,adam,meta/plot,True,model,False,None,,10,123,4,0,False,False,0.0,meta/tblogs'),79,,.,0.855769,0.992989,0.973825,0.999900
3,False,128,1,1,0,1.0,/home/joseph/systematic-evaluation/data/imagenet1k,/home/joseph/Projects/binary-networks/data,cifar10,False,float32,150,False,0,None,None,gaussian,device,image-classification.log,50,0.01,0.3,"75,100,125",False,imperative,resnet18_e2,0.9,4,adam,meta/plot,True,model,False,None,,10,123,4,0,False,False,0.0,meta/tblogs'),80,,.,0.857071,0.993590,0.975942,0.999980
3,False,128,1,1,0,1.0,/home/joseph/systematic-evaluation/data/imagenet1k,/home/joseph/Projects/binary-networks/data,cifar10,False,float32,150,False,0,None,None,gaussian,device,image-classification.log,50,0.01,0.3,"75,100,125",False,imperative,resnet18_e2,0.9,4,adam,meta/plot,True,model,False,None,,10,123,4,0,False,False,0.0,meta/tblogs'),81,,.,0.858188,0.992682,0.975923,0.999960
3,False,128,1,1,0,1.0,/home/joseph/systematic-evaluation/data/imagenet1k,/home/joseph/Projects/binary-networks/data,cifar10,False,float32,150,False,0,None,None,gaussian,device,image-classification.log,50,0.01,0.3,"75,100,125",False,imperative,resnet18_e2,0.9,4,adam,meta/plot,True,model,False,None,,10,123,4,0,False,False,0.0,meta/tblogs'),82,,.,0.860477,0.993490,0.977482,0.999920
3,False,128,1,1,0,1.0,/home/joseph/systematic-evaluation/data/imagenet1k,/home/joseph/Projects/binary-networks/data,cifar10,False,float32,150,False,0,None,None,gaussian,device,image-classification.log,50,0.01,0.3,"75,100,125",False,imperative,resnet18_e2,0.9,4,adam,meta/plot,True,model,False,None,,10,123,4,0,False,False,0.0,meta/tblogs'),83,,.,0.857572,0.993690,0.977484,0.999920
3,False,128,1,1,0,1.0,/home/joseph/systematic-evaluation/data/imagenet1k,/home/joseph/Projects/binary-networks/data,cifar10,False,float32,150,False,0,None,None,gaussian,device,image-classification.log,50,0.01,0.3,"75,100,125",False,imperative,resnet18_e2,0.9,4,adam,meta/plot,True,model,False,None,,10,123,4,0,False,False,0.0,meta/tblogs'),84,,.,0.857772,0.992788,0.979739,0.999960
3,False,128,1,1,0,1.0,/home/joseph/systematic-evaluation/data/imagenet1k,/home/joseph/Projects/binary-networks/data,cifar10,False,float32,150,False,0,None,None,gaussian,device,image-classification.log,50,0.01,0.3,"75,100,125",False,imperative,resnet18_e2,0.9,4,adam,meta/plot,True,model,False,None,,10,123,4,0,False,False,0.0,meta/tblogs'),85,,.,0.860377,0.994491,0.978001,0.999860
3,False,128,1,1,0,1.0,/home/joseph/systematic-evaluation/data/imagenet1k,/home/joseph/Projects/binary-networks/data,cifar10,False,float32,150,False,0,None,None,gaussian,device,image-classification.log,50,0.01,0.3,"75,100,125",False,imperative,resnet18_e2,0.9,4,adam,meta/plot,True,model,False,None,,10,123,4,0,False,False,0.0,meta/tblogs'),86,,.,0.856470,0.993289,0.979728,0.999980
3,False,128,1,1,0,1.0,/home/joseph/systematic-evaluation/data/imagenet1k,/home/joseph/Projects/binary-networks/data,cifar10,False,float32,150,False,0,None,None,gaussian,device,image-classification.log,50,0.01,0.3,"75,100,125",False,imperative,resnet18_e2,0.9,4,adam,meta/plot,True,model,False,None,,10,123,4,0,False,False,0.0,meta/tblogs'),87,,.,0.860176,0.994291,0.979959,0.999940
3,False,128,1,1,0,1.0,/home/joseph/systematic-evaluation/data/imagenet1k,/home/joseph/Projects/binary-networks/data,cifar10,False,float32,150,False,0,None,None,gaussian,device,image-classification.log,50,0.01,0.3,"75,100,125",False,imperative,resnet18_e2,0.9,4,adam,meta/plot,True,model,False,None,,10,123,4,0,False,False,0.0,meta/tblogs'),88,,.,0.864583,0.994491,0.979467,0.999960
3,False,128,1,1,0,1.0,/home/joseph/systematic-evaluation/data/imagenet1k,/home/joseph/Projects/binary-networks/data,cifar10,False,float32,150,False,0,None,None,gaussian,device,image-classification.log,50,0.01,0.3,"75,100,125",False,imperative,resnet18_e2,0.9,4,adam,meta/plot,True,model,False,None,,10,123,4,0,False,False,0.0,meta/tblogs'),89,,.,0.859968,0.993572,0.980079,0.999940
3,False,128,1,1,0,1.0,/home/joseph/systematic-evaluation/data/imagenet1k,/home/joseph/Projects/binary-networks/data,cifar10,False,float32,150,False,0,None,None,gaussian,device,image-classification.log,50,0.01,0.3,"75,100,125",False,imperative,resnet18_e2,0.9,4,adam,meta/plot,True,model,False,None,,10,123,4,0,False,False,0.0,meta/tblogs'),90,,.,0.864984,0.994191,0.981498,1.000000
3,False,128,1,1,0,1.0,/home/joseph/systematic-evaluation/data/imagenet1k,/home/joseph/Projects/binary-networks/data,cifar10,False,float32,150,False,0,None,None,gaussian,device,image-classification.log,50,0.01,0.3,"75,100,125",False,imperative,resnet18_e2,0.9,4,adam,meta/plot,True,model,False,None,,10,123,4,0,False,False,0.0,meta/tblogs'),91,,.,0.861879,0.992889,0.980709,0.999940
3,False,128,1,1,0,1.0,/home/joseph/systematic-evaluation/data/imagenet1k,/home/joseph/Projects/binary-networks/data,cifar10,False,float32,150,False,0,None,None,gaussian,device,image-classification.log,50,0.01,0.3,"75,100,125",False,imperative,resnet18_e2,0.9,4,adam,meta/plot,True,model,False,None,,10,123,4,0,False,False,0.0,meta/tblogs'),92,,.,0.858273,0.993790,0.981078,0.999980
3,False,128,1,1,0,1.0,/home/joseph/systematic-evaluation/data/imagenet1k,/home/joseph/Projects/binary-networks/data,cifar10,False,float32,150,False,0,None,None,gaussian,device,image-classification.log,50,0.01,0.3,"75,100,125",False,imperative,resnet18_e2,0.9,4,adam,meta/plot,True,model,False,None,,10,123,4,0,False,False,0.0,meta/tblogs'),93,,.,0.859876,0.992889,0.981518,0.999980
3,False,128,1,1,0,1.0,/home/joseph/systematic-evaluation/data/imagenet1k,/home/joseph/Projects/binary-networks/data,cifar10,False,float32,150,False,0,None,None,gaussian,device,image-classification.log,50,0.01,0.3,"75,100,125",False,imperative,resnet18_e2,0.9,4,adam,meta/plot,True,model,False,None,,10,123,4,0,False,False,0.0,meta/tblogs'),94,,.,0.863682,0.994191,0.981090,0.999940
3,False,128,1,1,0,1.0,/home/joseph/systematic-evaluation/data/imagenet1k,/home/joseph/Projects/binary-networks/data,cifar10,False,float32,150,False,0,None,None,gaussian,device,image-classification.log,50,0.01,0.3,"75,100,125",False,imperative,resnet18_e2,0.9,4,adam,meta/plot,True,model,False,None,,10,123,4,0,False,False,0.0,meta/tblogs'),95,,.,0.861979,0.992688,0.981877,0.999920
3,False,128,1,1,0,1.0,/home/joseph/systematic-evaluation/data/imagenet1k,/home/joseph/Projects/binary-networks/data,cifar10,False,float32,150,False,0,None,None,gaussian,device,image-classification.log,50,0.01,0.3,"75,100,125",False,imperative,resnet18_e2,0.9,4,adam,meta/plot,True,model,False,None,,10,123,4,0,False,False,0.0,meta/tblogs'),96,,.,0.859275,0.992688,0.981651,0.999960
3,False,128,1,1,0,1.0,/home/joseph/systematic-evaluation/data/imagenet1k,/home/joseph/Projects/binary-networks/data,cifar10,False,float32,150,False,0,None,None,gaussian,device,image-classification.log,50,0.01,0.3,"75,100,125",False,imperative,resnet18_e2,0.9,4,adam,meta/plot,True,model,False,None,,10,123,4,0,False,False,0.0,meta/tblogs'),97,,.,0.861155,0.993176,0.982377,0.999940
3,False,128,1,1,0,1.0,/home/joseph/systematic-evaluation/data/imagenet1k,/home/joseph/Projects/binary-networks/data,cifar10,False,float32,150,False,0,None,None,gaussian,device,image-classification.log,50,0.01,0.3,"75,100,125",False,imperative,resnet18_e2,0.9,4,adam,meta/plot,True,model,False,None,,10,123,4,0,False,False,0.0,meta/tblogs'),98,,.,0.862280,0.993089,0.981618,0.999980
3,False,128,1,1,0,1.0,/home/joseph/systematic-evaluation/data/imagenet1k,/home/joseph/Projects/binary-networks/data,cifar10,False,float32,150,False,0,None,None,gaussian,device,image-classification.log,50,0.01,0.3,"75,100,125",False,imperative,resnet18_e2,0.9,4,adam,meta/plot,True,model,False,None,,10,123,4,0,False,False,0.0,meta/tblogs'),99,,.,0.860577,0.992889,0.983073,0.999960
3,False,128,1,1,0,1.0,/home/joseph/systematic-evaluation/data/imagenet1k,/home/joseph/Projects/binary-networks/data,cifar10,False,float32,150,False,0,None,None,gaussian,device,image-classification.log,50,0.01,0.3,"75,100,125",False,imperative,resnet18_e2,0.9,4,adam,meta/plot,True,model,False,None,,10,123,4,0,False,False,0.0,meta/tblogs'),100,,.,0.861178,0.993289,0.983136,0.999960
3,False,128,1,1,0,1.0,/home/joseph/systematic-evaluation/data/imagenet1k,/home/joseph/Projects/binary-networks/data,cifar10,False,float32,150,False,0,None,None,gaussian,device,image-classification.log,50,0.01,0.3,"75,100,125",False,imperative,resnet18_e2,0.9,4,adam,meta/plot,True,model,False,None,,10,123,4,0,False,False,0.0,meta/tblogs'),101,,.,0.858774,0.993690,0.982297,0.999980
3,False,128,1,1,0,1.0,/home/joseph/systematic-evaluation/data/imagenet1k,/home/joseph/Projects/binary-networks/data,cifar10,False,float32,150,False,0,None,None,gaussian,device,image-classification.log,50,0.01,0.3,"75,100,125",False,imperative,resnet18_e2,0.9,4,adam,meta/plot,True,model,False,None,,10,123,4,0,False,False,0.0,meta/tblogs'),102,,.,0.860677,0.993590,0.985437,1.000000
3,False,128,1,1,0,1.0,/home/joseph/systematic-evaluation/data/imagenet1k,/home/joseph/Projects/binary-networks/data,cifar10,False,float32,150,False,0,None,None,gaussian,device,image-classification.log,50,0.01,0.3,"75,100,125",False,imperative,resnet18_e2,0.9,4,adam,meta/plot,True,model,False,None,,10,123,4,0,False,False,0.0,meta/tblogs'),103,,.,0.863782,0.993490,0.987092,0.999980
3,False,128,1,1,0,1.0,/home/joseph/systematic-evaluation/data/imagenet1k,/home/joseph/Projects/binary-networks/data,cifar10,False,float32,150,False,0,None,None,gaussian,device,image-classification.log,50,0.01,0.3,"75,100,125",False,imperative,resnet18_e2,0.9,4,adam,meta/plot,True,model,False,None,,10,123,4,0,False,False,0.0,meta/tblogs'),104,,.,0.860978,0.993389,0.987740,0.999960
3,False,128,1,1,0,1.0,/home/joseph/systematic-evaluation/data/imagenet1k,/home/joseph/Projects/binary-networks/data,cifar10,False,float32,150,False,0,None,None,gaussian,device,image-classification.log,50,0.01,0.3,"75,100,125",False,imperative,resnet18_e2,0.9,4,adam,meta/plot,True,model,False,None,,10,123,4,0,False,False,0.0,meta/tblogs'),105,,.,0.863034,0.993770,0.988331,0.999960
3,False,128,1,1,0,1.0,/home/joseph/systematic-evaluation/data/imagenet1k,/home/joseph/Projects/binary-networks/data,cifar10,False,float32,150,False,0,None,None,gaussian,device,image-classification.log,50,0.01,0.3,"75,100,125",False,imperative,resnet18_e2,0.9,4,adam,meta/plot,True,model,False,None,,10,123,4,0,False,False,0.0,meta/tblogs'),106,,.,0.860076,0.992788,0.988831,1.000000
3,False,128,1,1,0,1.0,/home/joseph/systematic-evaluation/data/imagenet1k,/home/joseph/Projects/binary-networks/data,cifar10,False,float32,150,False,0,None,None,gaussian,device,image-classification.log,50,0.01,0.3,"75,100,125",False,imperative,resnet18_e2,0.9,4,adam,meta/plot,True,model,False,None,,10,123,4,0,False,False,0.0,meta/tblogs'),107,,.,0.861078,0.993890,0.989163,0.999980
3,False,128,1,1,0,1.0,/home/joseph/systematic-evaluation/data/imagenet1k,/home/joseph/Projects/binary-networks/data,cifar10,False,float32,150,False,0,None,None,gaussian,device,image-classification.log,50,0.01,0.3,"75,100,125",False,imperative,resnet18_e2,0.9,4,adam,meta/plot,True,model,False,None,,10,123,4,0,False,False,0.0,meta/tblogs'),108,,.,0.860076,0.993189,0.989170,1.000000
3,False,128,1,1,0,1.0,/home/joseph/systematic-evaluation/data/imagenet1k,/home/joseph/Projects/binary-networks/data,cifar10,False,float32,150,False,0,None,None,gaussian,device,image-classification.log,50,0.01,0.3,"75,100,125",False,imperative,resnet18_e2,0.9,4,adam,meta/plot,True,model,False,None,,10,123,4,0,False,False,0.0,meta/tblogs'),109,,.,0.862480,0.993389,0.989051,0.999980
3,False,128,1,1,0,1.0,/home/joseph/systematic-evaluation/data/imagenet1k,/home/joseph/Projects/binary-networks/data,cifar10,False,float32,150,False,0,None,None,gaussian,device,image-classification.log,50,0.01,0.3,"75,100,125",False,imperative,resnet18_e2,0.9,4,adam,meta/plot,True,model,False,None,,10,123,4,0,False,False,0.0,meta/tblogs'),110,,.,0.864784,0.992989,0.988361,1.000000
3,False,128,1,1,0,1.0,/home/joseph/systematic-evaluation/data/imagenet1k,/home/joseph/Projects/binary-networks/data,cifar10,False,float32,150,False,0,None,None,gaussian,device,image-classification.log,50,0.01,0.3,"75,100,125",False,imperative,resnet18_e2,0.9,4,adam,meta/plot,True,model,False,None,,10,123,4,0,False,False,0.0,meta/tblogs'),111,,.,0.862580,0.994191,0.989750,0.999980
3,False,128,1,1,0,1.0,/home/joseph/systematic-evaluation/data/imagenet1k,/home/joseph/Projects/binary-networks/data,cifar10,False,float32,150,False,0,None,None,gaussian,device,image-classification.log,50,0.01,0.3,"75,100,125",False,imperative,resnet18_e2,0.9,4,adam,meta/plot,True,model,False,None,,10,123,4,0,False,False,0.0,meta/tblogs'),112,,.,0.859375,0.992788,0.988822,1.000000
3,False,128,1,1,0,1.0,/home/joseph/systematic-evaluation/data/imagenet1k,/home/joseph/Projects/binary-networks/data,cifar10,False,float32,150,False,0,None,None,gaussian,device,image-classification.log,50,0.01,0.3,"75,100,125",False,imperative,resnet18_e2,0.9,4,adam,meta/plot,True,model,False,None,,10,123,4,0,False,False,0.0,meta/tblogs'),113,,.,0.865704,0.994165,0.989950,0.999980
3,False,128,1,1,0,1.0,/home/joseph/systematic-evaluation/data/imagenet1k,/home/joseph/Projects/binary-networks/data,cifar10,False,float32,150,False,0,None,None,gaussian,device,image-classification.log,50,0.01,0.3,"75,100,125",False,imperative,resnet18_e2,0.9,4,adam,meta/plot,True,model,False,None,,10,123,4,0,False,False,0.0,meta/tblogs'),114,,.,0.864283,0.993790,0.990489,1.000000
3,False,128,1,1,0,1.0,/home/joseph/systematic-evaluation/data/imagenet1k,/home/joseph/Projects/binary-networks/data,cifar10,False,float32,150,False,0,None,None,gaussian,device,image-classification.log,50,0.01,0.3,"75,100,125",False,imperative,resnet18_e2,0.9,4,adam,meta/plot,True,model,False,None,,10,123,4,0,False,False,0.0,meta/tblogs'),115,,.,0.866587,0.993490,0.990184,0.999980
3,False,128,1,1,0,1.0,/home/joseph/systematic-evaluation/data/imagenet1k,/home/joseph/Projects/binary-networks/data,cifar10,False,float32,150,False,0,None,None,gaussian,device,image-classification.log,50,0.01,0.3,"75,100,125",False,imperative,resnet18_e2,0.9,4,adam,meta/plot,True,model,False,None,,10,123,4,0,False,False,0.0,meta/tblogs'),116,,.,0.865385,0.994391,0.991308,0.999960
3,False,128,1,1,0,1.0,/home/joseph/systematic-evaluation/data/imagenet1k,/home/joseph/Projects/binary-networks/data,cifar10,False,float32,150,False,0,None,None,gaussian,device,image-classification.log,50,0.01,0.3,"75,100,125",False,imperative,resnet18_e2,0.9,4,adam,meta/plot,True,model,False,None,,10,123,4,0,False,False,0.0,meta/tblogs'),117,,.,0.862881,0.993490,0.990469,0.999960
3,False,128,1,1,0,1.0,/home/joseph/systematic-evaluation/data/imagenet1k,/home/joseph/Projects/binary-networks/data,cifar10,False,float32,150,False,0,None,None,gaussian,device,image-classification.log,50,0.01,0.3,"75,100,125",False,imperative,resnet18_e2,0.9,4,adam,meta/plot,True,model,False,None,,10,123,4,0,False,False,0.0,meta/tblogs'),118,,.,0.863682,0.993389,0.990585,1.000000
3,False,128,1,1,0,1.0,/home/joseph/systematic-evaluation/data/imagenet1k,/home/joseph/Projects/binary-networks/data,cifar10,False,float32,150,False,0,None,None,gaussian,device,image-classification.log,50,0.01,0.3,"75,100,125",False,imperative,resnet18_e2,0.9,4,adam,meta/plot,True,model,False,None,,10,123,4,0,False,False,0.0,meta/tblogs'),119,,.,0.867588,0.993189,0.990589,0.999980
3,False,128,1,1,0,1.0,/home/joseph/systematic-evaluation/data/imagenet1k,/home/joseph/Projects/binary-networks/data,cifar10,False,float32,150,False,0,None,None,gaussian,device,image-classification.log,50,0.01,0.3,"75,100,125",False,imperative,resnet18_e2,0.9,4,adam,meta/plot,True,model,False,None,,10,123,4,0,False,False,0.0,meta/tblogs'),120,,.,0.867889,0.993590,0.989844,0.999960
3,False,128,1,1,0,1.0,/home/joseph/systematic-evaluation/data/imagenet1k,/home/joseph/Projects/binary-networks/data,cifar10,False,float32,150,False,0,None,None,gaussian,device,image-classification.log,50,0.01,0.3,"75,100,125",False,imperative,resnet18_e2,0.9,4,adam,meta/plot,True,model,False,None,,10,123,4,0,False,False,0.0,meta/tblogs'),121,,.,0.865111,0.994462,0.990050,1.000000
3,False,128,1,1,0,1.0,/home/joseph/systematic-evaluation/data/imagenet1k,/home/joseph/Projects/binary-networks/data,cifar10,False,float32,150,False,0,None,None,gaussian,device,image-classification.log,50,0.01,0.3,"75,100,125",False,imperative,resnet18_e2,0.9,4,adam,meta/plot,True,model,False,None,,10,123,4,0,False,False,0.0,meta/tblogs'),122,,.,0.864183,0.993790,0.990569,1.000000
3,False,128,1,1,0,1.0,/home/joseph/systematic-evaluation/data/imagenet1k,/home/joseph/Projects/binary-networks/data,cifar10,False,float32,150,False,0,None,None,gaussian,device,image-classification.log,50,0.01,0.3,"75,100,125",False,imperative,resnet18_e2,0.9,4,adam,meta/plot,True,model,False,None,,10,123,4,0,False,False,0.0,meta/tblogs'),123,,.,0.868289,0.993389,0.990264,1.000000
3,False,128,1,1,0,1.0,/home/joseph/systematic-evaluation/data/imagenet1k,/home/joseph/Projects/binary-networks/data,cifar10,False,float32,150,False,0,None,None,gaussian,device,image-classification.log,50,0.01,0.3,"75,100,125",False,imperative,resnet18_e2,0.9,4,adam,meta/plot,True,model,False,None,,10,123,4,0,False,False,0.0,meta/tblogs'),124,,.,0.863281,0.993690,0.990249,1.000000
3,False,128,1,1,0,1.0,/home/joseph/systematic-evaluation/data/imagenet1k,/home/joseph/Projects/binary-networks/data,cifar10,False,float32,150,False,0,None,None,gaussian,device,image-classification.log,50,0.01,0.3,"75,100,125",False,imperative,resnet18_e2,0.9,4,adam,meta/plot,True,model,False,None,,10,123,4,0,False,False,0.0,meta/tblogs'),125,,.,0.861478,0.994091,0.990809,1.000000
3,False,128,1,1,0,1.0,/home/joseph/systematic-evaluation/data/imagenet1k,/home/joseph/Projects/binary-networks/data,cifar10,False,float32,150,False,0,None,None,gaussian,device,image-classification.log,50,0.01,0.3,"75,100,125",False,imperative,resnet18_e2,0.9,4,adam,meta/plot,True,model,False,None,,10,123,4,0,False,False,0.0,meta/tblogs'),126,,.,0.864483,0.993990,0.990665,1.000000
3,False,128,1,1,0,1.0,/home/joseph/systematic-evaluation/data/imagenet1k,/home/joseph/Projects/binary-networks/data,cifar10,False,float32,150,False,0,None,None,gaussian,device,image-classification.log,50,0.01,0.3,"75,100,125",False,imperative,resnet18_e2,0.9,4,adam,meta/plot,True,model,False,None,,10,123,4,0,False,False,0.0,meta/tblogs'),127,,.,0.866887,0.994291,0.991628,1.000000
3,False,128,1,1,0,1.0,/home/joseph/systematic-evaluation/data/imagenet1k,/home/joseph/Projects/binary-networks/data,cifar10,False,float32,150,False,0,None,None,gaussian,device,image-classification.log,50,0.01,0.3,"75,100,125",False,imperative,resnet18_e2,0.9,4,adam,meta/plot,True,model,False,None,,10,123,4,0,False,False,0.0,meta/tblogs'),128,,.,0.863281,0.994091,0.991747,1.000000
3,False,128,1,1,0,1.0,/home/joseph/systematic-evaluation/data/imagenet1k,/home/joseph/Projects/binary-networks/data,cifar10,False,float32,150,False,0,None,None,gaussian,device,image-classification.log,50,0.01,0.3,"75,100,125",False,imperative,resnet18_e2,0.9,4,adam,meta/plot,True,model,False,None,,10,123,4,0,False,False,0.0,meta/tblogs'),129,,.,0.867188,0.994165,0.991848,1.000000
3,False,128,1,1,0,1.0,/home/joseph/systematic-evaluation/data/imagenet1k,/home/joseph/Projects/binary-networks/data,cifar10,False,float32,150,False,0,None,None,gaussian,device,image-classification.log,50,0.01,0.3,"75,100,125",False,imperative,resnet18_e2,0.9,4,adam,meta/plot,True,model,False,None,,10,123,4,0,False,False,0.0,meta/tblogs'),130,,.,0.866587,0.994792,0.991988,1.000000
3,False,128,1,1,0,1.0,/home/joseph/systematic-evaluation/data/imagenet1k,/home/joseph/Projects/binary-networks/data,cifar10,False,float32,150,False,0,None,None,gaussian,device,image-classification.log,50,0.01,0.3,"75,100,125",False,imperative,resnet18_e2,0.9,4,adam,meta/plot,True,model,False,None,,10,123,4,0,False,False,0.0,meta/tblogs'),131,,.,0.864483,0.994091,0.992508,1.000000
3,False,128,1,1,0,1.0,/home/joseph/systematic-evaluation/data/imagenet1k,/home/joseph/Projects/binary-networks/data,cifar10,False,float32,150,False,0,None,None,gaussian,device,image-classification.log,50,0.01,0.3,"75,100,125",False,imperative,resnet18_e2,0.9,4,adam,meta/plot,True,model,False,None,,10,123,4,0,False,False,0.0,meta/tblogs'),132,,.,0.866787,0.993890,0.992227,0.999980
3,False,128,1,1,0,1.0,/home/joseph/systematic-evaluation/data/imagenet1k,/home/joseph/Projects/binary-networks/data,cifar10,False,float32,150,False,0,None,None,gaussian,device,image-classification.log,50,0.01,0.3,"75,100,125",False,imperative,resnet18_e2,0.9,4,adam,meta/plot,True,model,False,None,,10,123,4,0,False,False,0.0,meta/tblogs'),133,,.,0.865785,0.993990,0.992028,1.000000
3,False,128,1,1,0,1.0,/home/joseph/systematic-evaluation/data/imagenet1k,/home/joseph/Projects/binary-networks/data,cifar10,False,float32,150,False,0,None,None,gaussian,device,image-classification.log,50,0.01,0.3,"75,100,125",False,imperative,resnet18_e2,0.9,4,adam,meta/plot,True,model,False,None,,10,123,4,0,False,False,0.0,meta/tblogs'),134,,.,0.866887,0.993490,0.992308,0.999980
3,False,128,1,1,0,1.0,/home/joseph/systematic-evaluation/data/imagenet1k,/home/joseph/Projects/binary-networks/data,cifar10,False,float32,150,False,0,None,None,gaussian,device,image-classification.log,50,0.01,0.3,"75,100,125",False,imperative,resnet18_e2,0.9,4,adam,meta/plot,True,model,False,None,,10,123,4,0,False,False,0.0,meta/tblogs'),135,,.,0.870693,0.994692,0.992747,1.000000
3,False,128,1,1,0,1.0,/home/joseph/systematic-evaluation/data/imagenet1k,/home/joseph/Projects/binary-networks/data,cifar10,False,float32,150,False,0,None,None,gaussian,device,image-classification.log,50,0.01,0.3,"75,100,125",False,imperative,resnet18_e2,0.9,4,adam,meta/plot,True,model,False,None,,10,123,4,0,False,False,0.0,meta/tblogs'),136,,.,0.866787,0.993990,0.991627,0.999980
3,False,128,1,1,0,1.0,/home/joseph/systematic-evaluation/data/imagenet1k,/home/joseph/Projects/binary-networks/data,cifar10,False,float32,150,False,0,None,None,gaussian,device,image-classification.log,50,0.01,0.3,"75,100,125",False,imperative,resnet18_e2,0.9,4,adam,meta/plot,True,model,False,None,,10,123,4,0,False,False,0.0,meta/tblogs'),137,,.,0.866990,0.993770,0.992168,1.000000
3,False,128,1,1,0,1.0,/home/joseph/systematic-evaluation/data/imagenet1k,/home/joseph/Projects/binary-networks/data,cifar10,False,float32,150,False,0,None,None,gaussian,device,image-classification.log,50,0.01,0.3,"75,100,125",False,imperative,resnet18_e2,0.9,4,adam,meta/plot,True,model,False,None,,10,123,4,0,False,False,0.0,meta/tblogs'),138,,.,0.865986,0.994091,0.992967,1.000000
3,False,128,1,1,0,1.0,/home/joseph/systematic-evaluation/data/imagenet1k,/home/joseph/Projects/binary-networks/data,cifar10,False,float32,150,False,0,None,None,gaussian,device,image-classification.log,50,0.01,0.3,"75,100,125",False,imperative,resnet18_e2,0.9,4,adam,meta/plot,True,model,False,None,,10,123,4,0,False,False,0.0,meta/tblogs'),139,,.,0.866587,0.993690,0.993069,1.000000
3,False,128,1,1,0,1.0,/home/joseph/systematic-evaluation/data/imagenet1k,/home/joseph/Projects/binary-networks/data,cifar10,False,float32,150,False,0,None,None,gaussian,device,image-classification.log,50,0.01,0.3,"75,100,125",False,imperative,resnet18_e2,0.9,4,adam,meta/plot,True,model,False,None,,10,123,4,0,False,False,0.0,meta/tblogs'),140,,.,0.867989,0.994291,0.992787,1.000000
3,False,128,1,1,0,1.0,/home/joseph/systematic-evaluation/data/imagenet1k,/home/joseph/Projects/binary-networks/data,cifar10,False,float32,150,False,0,None,None,gaussian,device,image-classification.log,50,0.01,0.3,"75,100,125",False,imperative,resnet18_e2,0.9,4,adam,meta/plot,True,model,False,None,,10,123,4,0,False,False,0.0,meta/tblogs'),141,,.,0.870793,0.993790,0.992647,1.000000
3,False,128,1,1,0,1.0,/home/joseph/systematic-evaluation/data/imagenet1k,/home/joseph/Projects/binary-networks/data,cifar10,False,float32,150,False,0,None,None,gaussian,device,image-classification.log,50,0.01,0.3,"75,100,125",False,imperative,resnet18_e2,0.9,4,adam,meta/plot,True,model,False,None,,10,123,4,0,False,False,0.0,meta/tblogs'),142,,.,0.870292,0.992989,0.993009,1.000000
3,False,128,1,1,0,1.0,/home/joseph/systematic-evaluation/data/imagenet1k,/home/joseph/Projects/binary-networks/data,cifar10,False,float32,150,False,0,None,None,gaussian,device,image-classification.log,50,0.01,0.3,"75,100,125",False,imperative,resnet18_e2,0.9,4,adam,meta/plot,True,model,False,None,,10,123,4,0,False,False,0.0,meta/tblogs'),143,,.,0.867388,0.993790,0.992128,1.000000
3,False,128,1,1,0,1.0,/home/joseph/systematic-evaluation/data/imagenet1k,/home/joseph/Projects/binary-networks/data,cifar10,False,float32,150,False,0,None,None,gaussian,device,image-classification.log,50,0.01,0.3,"75,100,125",False,imperative,resnet18_e2,0.9,4,adam,meta/plot,True,model,False,None,,10,123,4,0,False,False,0.0,meta/tblogs'),144,,.,0.864984,0.994091,0.992989,1.000000
3,False,128,1,1,0,1.0,/home/joseph/systematic-evaluation/data/imagenet1k,/home/joseph/Projects/binary-networks/data,cifar10,False,float32,150,False,0,None,None,gaussian,device,image-classification.log,50,0.01,0.3,"75,100,125",False,imperative,resnet18_e2,0.9,4,adam,meta/plot,True,model,False,None,,10,123,4,0,False,False,0.0,meta/tblogs'),145,,.,0.864616,0.993374,0.992887,1.000000
3,False,128,1,1,0,1.0,/home/joseph/systematic-evaluation/data/imagenet1k,/home/joseph/Projects/binary-networks/data,cifar10,False,float32,150,False,0,None,None,gaussian,device,image-classification.log,50,0.01,0.3,"75,100,125",False,imperative,resnet18_e2,0.9,4,adam,meta/plot,True,model,False,None,,10,123,4,0,False,False,0.0,meta/tblogs'),146,,.,0.869291,0.993189,0.993466,0.999980
3,False,128,1,1,0,1.0,/home/joseph/systematic-evaluation/data/imagenet1k,/home/joseph/Projects/binary-networks/data,cifar10,False,float32,150,False,0,None,None,gaussian,device,image-classification.log,50,0.01,0.3,"75,100,125",False,imperative,resnet18_e2,0.9,4,adam,meta/plot,True,model,False,None,,10,123,4,0,False,False,0.0,meta/tblogs'),147,,.,0.871695,0.993389,0.992708,1.000000
3,False,128,1,1,0,1.0,/home/joseph/systematic-evaluation/data/imagenet1k,/home/joseph/Projects/binary-networks/data,cifar10,False,float32,150,False,0,None,None,gaussian,device,image-classification.log,50,0.01,0.3,"75,100,125",False,imperative,resnet18_e2,0.9,4,adam,meta/plot,True,model,False,None,,10,123,4,0,False,False,0.0,meta/tblogs'),148,,.,0.868590,0.993590,0.993326,1.000000
3,False,128,1,1,0,1.0,/home/joseph/systematic-evaluation/data/imagenet1k,/home/joseph/Projects/binary-networks/data,cifar10,False,float32,150,False,0,None,None,gaussian,device,image-classification.log,50,0.01,0.3,"75,100,125",False,imperative,resnet18_e2,0.9,4,adam,meta/plot,True,model,False,None,,10,123,4,0,False,False,0.0,meta/tblogs'),149,,.,0.866587,0.994091,0.992427,1.000000
3,False,128,1,1,0,1.0,/home/joseph/systematic-evaluation/data/imagenet1k,/home/joseph/Projects/binary-networks/data,cifar10,False,float32,150,False,0,None,None,gaussian,device,image-classification.log,50,0.01,0.3,"75,100,125",False,imperative,resnet18_e2,0.9,4,adam,meta/plot,True,model,False,None,,10,123,4,0,False,False,0.0,meta/tblogs'),150,,.,0.866186,0.992688,0.993249,0.999980
