num_params,num_params_q,model_size,model_size_q,flops_total,flops_fp,flops_q,flops_combined,activation_method,approximation,augmentation,batch_norm,batch_size,bits,bits_a,block_config,builtin_profiler,clip_threshold,data_dir,data_path,dataset,dilated,downsample_sc_groups,downsample_structure,dry_run,dtype,epochs,fp_downsample_sc,gpus,growth_rate,init_features,initial_layers,initialization,interrupt_at,kvstore,log,log_interval,lr,lr_factor,lr_mode,lr_steps,mode,model,momentum,num_workers,optimizer,plot_network,pool_downsample_sc,prefix,profile,progress,reduction,resume,resume_states,save_frequency,seed,slices,start_epoch,test_run,use_group_norm,use_pretrained,warmup_epochs,warmup_lr,wd,weight_quantization,write_summary,epoch,time,exp_folder_name,val_acc,val_acc_top_k_5,train_acc,train_acc_top_k_5
12240264,11427840,46.69,4.46,4440000000.0,82210000.0,4350000000.0,150230000.0,det_sign,,medium,,32,1,1,"3,5,10,6",0,1.3,/mnt/ssd1/datasets/ImageNet/extracted/rec,/mnt/ssd1/joseph/cifar,imagenet,False,,"norm,max_pool,relu,cs,fp_conv:4",False,float32,120,,"0,1,2,3",None,None,grouped_stem,gaussian,20,device,image-classification.log,100,0.002000,0.1,cosine,"30,60,90",cosine,meliusnet_flex,0.9,4,radam,meta/plot,,model,False,meta/eta,"2,2.4,3",,,1,123,,0,False,False,False,0,0.0,0.0,det_sign,meta/tblogs,1, 3177.176107,003_imagenet_meliusnet_flex,0.273677,0.514726,0.124851,0.279186
12240264,11427840,46.69,4.46,4440000000.0,82210000.0,4350000000.0,150230000.0,det_sign,,medium,,32,1,1,"3,5,10,6",0,1.3,/mnt/ssd1/datasets/ImageNet/extracted/rec,/mnt/ssd1/joseph/cifar,imagenet,False,,"norm,max_pool,relu,cs,fp_conv:4",False,float32,120,,"0,1,2,3",None,None,grouped_stem,gaussian,20,device,image-classification.log,100,0.001999,0.1,cosine,"30,60,90",cosine,meliusnet_flex,0.9,4,radam,meta/plot,,model,False,meta/eta,"2,2.4,3",,,1,123,,0,False,False,False,0,0.0,0.0,det_sign,meta/tblogs,2, 3178.100771,003_imagenet_meliusnet_flex,0.387668,0.641364,0.283535,0.515375
12240264,11427840,46.69,4.46,4440000000.0,82210000.0,4350000000.0,150230000.0,det_sign,,medium,,32,1,1,"3,5,10,6",0,1.3,/mnt/ssd1/datasets/ImageNet/extracted/rec,/mnt/ssd1/joseph/cifar,imagenet,False,,"norm,max_pool,relu,cs,fp_conv:4",False,float32,120,,"0,1,2,3",None,None,grouped_stem,gaussian,20,device,image-classification.log,100,0.001997,0.1,cosine,"30,60,90",cosine,meliusnet_flex,0.9,4,radam,meta/plot,,model,False,meta/eta,"2,2.4,3",,,1,123,,0,False,False,False,0,0.0,0.0,det_sign,meta/tblogs,3, 3184.600711,003_imagenet_meliusnet_flex,0.437600,0.687540,0.351898,0.589210
12240264,11427840,46.69,4.46,4440000000.0,82210000.0,4350000000.0,150230000.0,det_sign,,medium,,32,1,1,"3,5,10,6",0,1.3,/mnt/ssd1/datasets/ImageNet/extracted/rec,/mnt/ssd1/joseph/cifar,imagenet,False,,"norm,max_pool,relu,cs,fp_conv:4",False,float32,120,,"0,1,2,3",None,None,grouped_stem,gaussian,20,device,image-classification.log,100,0.001995,0.1,cosine,"30,60,90",cosine,meliusnet_flex,0.9,4,radam,meta/plot,,model,False,meta/eta,"2,2.4,3",,,1,123,,0,False,False,False,0,0.0,0.0,det_sign,meta/tblogs,4, 3187.716238,003_imagenet_meliusnet_flex,0.467231,0.713395,0.390431,0.628591
12240264,11427840,46.69,4.46,4440000000.0,82210000.0,4350000000.0,150230000.0,det_sign,,medium,,32,1,1,"3,5,10,6",0,1.3,/mnt/ssd1/datasets/ImageNet/extracted/rec,/mnt/ssd1/joseph/cifar,imagenet,False,,"norm,max_pool,relu,cs,fp_conv:4",False,float32,120,,"0,1,2,3",None,None,grouped_stem,gaussian,20,device,image-classification.log,100,0.001991,0.1,cosine,"30,60,90",cosine,meliusnet_flex,0.9,4,radam,meta/plot,,model,False,meta/eta,"2,2.4,3",,,1,123,,0,False,False,False,0,0.0,0.0,det_sign,meta/tblogs,5, 3174.586441,003_imagenet_meliusnet_flex,0.486133,0.730459,0.415074,0.652512
12240264,11427840,46.69,4.46,4440000000.0,82210000.0,4350000000.0,150230000.0,det_sign,,medium,,32,1,1,"3,5,10,6",0,1.3,/mnt/ssd1/datasets/ImageNet/extracted/rec,/mnt/ssd1/joseph/cifar,imagenet,False,,"norm,max_pool,relu,cs,fp_conv:4",False,float32,120,,"0,1,2,3",None,None,grouped_stem,gaussian,20,device,image-classification.log,100,0.001988,0.1,cosine,"30,60,90",cosine,meliusnet_flex,0.9,4,radam,meta/plot,,model,False,meta/eta,"2,2.4,3",,,1,123,,0,False,False,False,0,0.0,0.0,det_sign,meta/tblogs,6, 3181.587502,003_imagenet_meliusnet_flex,0.507031,0.742829,0.433282,0.668975
12240264,11427840,46.69,4.46,4440000000.0,82210000.0,4350000000.0,150230000.0,det_sign,,medium,,32,1,1,"3,5,10,6",0,1.3,/mnt/ssd1/datasets/ImageNet/extracted/rec,/mnt/ssd1/joseph/cifar,imagenet,False,,"norm,max_pool,relu,cs,fp_conv:4",False,float32,120,,"0,1,2,3",None,None,grouped_stem,gaussian,20,device,image-classification.log,100,0.001983,0.1,cosine,"30,60,90",cosine,meliusnet_flex,0.9,4,radam,meta/plot,,model,False,meta/eta,"2,2.4,3",,,1,123,,0,False,False,False,0,0.0,0.0,det_sign,meta/tblogs,7, 3194.483587,003_imagenet_meliusnet_flex,0.515805,0.753936,0.446641,0.681585
12240264,11427840,46.69,4.46,4440000000.0,82210000.0,4350000000.0,150230000.0,det_sign,,medium,,32,1,1,"3,5,10,6",0,1.3,/mnt/ssd1/datasets/ImageNet/extracted/rec,/mnt/ssd1/joseph/cifar,imagenet,False,,"norm,max_pool,relu,cs,fp_conv:4",False,float32,120,,"0,1,2,3",None,None,grouped_stem,gaussian,20,device,image-classification.log,100,0.001978,0.1,cosine,"30,60,90",cosine,meliusnet_flex,0.9,4,radam,meta/plot,,model,False,meta/eta,"2,2.4,3",,,1,123,,0,False,False,False,0,0.0,0.0,det_sign,meta/tblogs,8, 3193.522186,003_imagenet_meliusnet_flex,0.528666,0.763582,0.457751,0.691240
12240264,11427840,46.69,4.46,4440000000.0,82210000.0,4350000000.0,150230000.0,det_sign,,medium,,32,1,1,"3,5,10,6",0,1.3,/mnt/ssd1/datasets/ImageNet/extracted/rec,/mnt/ssd1/joseph/cifar,imagenet,False,,"norm,max_pool,relu,cs,fp_conv:4",False,float32,120,,"0,1,2,3",None,None,grouped_stem,gaussian,20,device,image-classification.log,100,0.001972,0.1,cosine,"30,60,90",cosine,meliusnet_flex,0.9,4,radam,meta/plot,,model,False,meta/eta,"2,2.4,3",,,1,123,,0,False,False,False,0,0.0,0.0,det_sign,meta/tblogs,9, 3198.618002,003_imagenet_meliusnet_flex,0.533308,0.768183,0.466783,0.699322
12240264,11427840,46.69,4.46,4440000000.0,82210000.0,4350000000.0,150230000.0,det_sign,,medium,,32,1,1,"3,5,10,6",0,1.3,/mnt/ssd1/datasets/ImageNet/extracted/rec,/mnt/ssd1/joseph/cifar,imagenet,False,,"norm,max_pool,relu,cs,fp_conv:4",False,float32,120,,"0,1,2,3",None,None,grouped_stem,gaussian,20,device,image-classification.log,100,0.001966,0.1,cosine,"30,60,90",cosine,meliusnet_flex,0.9,4,radam,meta/plot,,model,False,meta/eta,"2,2.4,3",,,1,123,,0,False,False,False,0,0.0,0.0,det_sign,meta/tblogs,10, 3198.196858,003_imagenet_meliusnet_flex,0.537864,0.773118,0.473981,0.705172
12240264,11427840,46.69,4.46,4440000000.0,82210000.0,4350000000.0,150230000.0,det_sign,,medium,,32,1,1,"3,5,10,6",0,1.3,/mnt/ssd1/datasets/ImageNet/extracted/rec,/mnt/ssd1/joseph/cifar,imagenet,False,,"norm,max_pool,relu,cs,fp_conv:4",False,float32,120,,"0,1,2,3",None,None,grouped_stem,gaussian,20,device,image-classification.log,100,0.001959,0.1,cosine,"30,60,90",cosine,meliusnet_flex,0.9,4,radam,meta/plot,,model,False,meta/eta,"2,2.4,3",,,1,123,,0,False,False,False,0,0.0,0.0,det_sign,meta/tblogs,11, 3189.751020,003_imagenet_meliusnet_flex,0.547155,0.780068,0.480311,0.711655
12240264,11427840,46.69,4.46,4440000000.0,82210000.0,4350000000.0,150230000.0,det_sign,,medium,,32,1,1,"3,5,10,6",0,1.3,/mnt/ssd1/datasets/ImageNet/extracted/rec,/mnt/ssd1/joseph/cifar,imagenet,False,,"norm,max_pool,relu,cs,fp_conv:4",False,float32,120,,"0,1,2,3",None,None,grouped_stem,gaussian,20,device,image-classification.log,100,0.001951,0.1,cosine,"30,60,90",cosine,meliusnet_flex,0.9,4,radam,meta/plot,,model,False,meta/eta,"2,2.4,3",,,1,123,,0,False,False,False,0,0.0,0.0,det_sign,meta/tblogs,12, 3191.749535,003_imagenet_meliusnet_flex,0.548414,0.782329,0.486169,0.716234
12240264,11427840,46.69,4.46,4440000000.0,82210000.0,4350000000.0,150230000.0,det_sign,,medium,,32,1,1,"3,5,10,6",0,1.3,/mnt/ssd1/datasets/ImageNet/extracted/rec,/mnt/ssd1/joseph/cifar,imagenet,False,,"norm,max_pool,relu,cs,fp_conv:4",False,float32,120,,"0,1,2,3",None,None,grouped_stem,gaussian,20,device,image-classification.log,100,0.001943,0.1,cosine,"30,60,90",cosine,meliusnet_flex,0.9,4,radam,meta/plot,,model,False,meta/eta,"2,2.4,3",,,1,123,,0,False,False,False,0,0.0,0.0,det_sign,meta/tblogs,13, 3198.301031,003_imagenet_meliusnet_flex,0.553948,0.786845,0.491427,0.719902
12240264,11427840,46.69,4.46,4440000000.0,82210000.0,4350000000.0,150230000.0,det_sign,,medium,,32,1,1,"3,5,10,6",0,1.3,/mnt/ssd1/datasets/ImageNet/extracted/rec,/mnt/ssd1/joseph/cifar,imagenet,False,,"norm,max_pool,relu,cs,fp_conv:4",False,float32,120,,"0,1,2,3",None,None,grouped_stem,gaussian,20,device,image-classification.log,100,0.001934,0.1,cosine,"30,60,90",cosine,meliusnet_flex,0.9,4,radam,meta/plot,,model,False,meta/eta,"2,2.4,3",,,1,123,,0,False,False,False,0,0.0,0.0,det_sign,meta/tblogs,14, 3199.101058,003_imagenet_meliusnet_flex,0.557192,0.788482,0.495614,0.724702
12240264,11427840,46.69,4.46,4440000000.0,82210000.0,4350000000.0,150230000.0,det_sign,,medium,,32,1,1,"3,5,10,6",0,1.3,/mnt/ssd1/datasets/ImageNet/extracted/rec,/mnt/ssd1/joseph/cifar,imagenet,False,,"norm,max_pool,relu,cs,fp_conv:4",False,float32,120,,"0,1,2,3",None,None,grouped_stem,gaussian,20,device,image-classification.log,100,0.001924,0.1,cosine,"30,60,90",cosine,meliusnet_flex,0.9,4,radam,meta/plot,,model,False,meta/eta,"2,2.4,3",,,1,123,,0,False,False,False,0,0.0,0.0,det_sign,meta/tblogs,15, 3195.782915,003_imagenet_meliusnet_flex,0.557505,0.790042,0.498400,0.727049
12240264,11427840,46.69,4.46,4440000000.0,82210000.0,4350000000.0,150230000.0,det_sign,,medium,,32,1,1,"3,5,10,6",0,1.3,/mnt/ssd1/datasets/ImageNet/extracted/rec,/mnt/ssd1/joseph/cifar,imagenet,False,,"norm,max_pool,relu,cs,fp_conv:4",False,float32,120,,"0,1,2,3",None,None,grouped_stem,gaussian,20,device,image-classification.log,100,0.001914,0.1,cosine,"30,60,90",cosine,meliusnet_flex,0.9,4,radam,meta/plot,,model,False,meta/eta,"2,2.4,3",,,1,123,,0,False,False,False,0,0.0,0.0,det_sign,meta/tblogs,16, 3193.247297,003_imagenet_meliusnet_flex,0.560917,0.791867,0.503246,0.730745
12240264,11427840,46.69,4.46,4440000000.0,82210000.0,4350000000.0,150230000.0,det_sign,,medium,,32,1,1,"3,5,10,6",0,1.3,/mnt/ssd1/datasets/ImageNet/extracted/rec,/mnt/ssd1/joseph/cifar,imagenet,False,,"norm,max_pool,relu,cs,fp_conv:4",False,float32,120,,"0,1,2,3",None,None,grouped_stem,gaussian,20,device,image-classification.log,100,0.001903,0.1,cosine,"30,60,90",cosine,meliusnet_flex,0.9,4,radam,meta/plot,,model,False,meta/eta,"2,2.4,3",,,1,123,,0,False,False,False,0,0.0,0.0,det_sign,meta/tblogs,17, 3191.054255,003_imagenet_meliusnet_flex,0.565817,0.794377,0.506306,0.734280
12240264,11427840,46.69,4.46,4440000000.0,82210000.0,4350000000.0,150230000.0,det_sign,,medium,,32,1,1,"3,5,10,6",0,1.3,/mnt/ssd1/datasets/ImageNet/extracted/rec,/mnt/ssd1/joseph/cifar,imagenet,False,,"norm,max_pool,relu,cs,fp_conv:4",False,float32,120,,"0,1,2,3",None,None,grouped_stem,gaussian,20,device,image-classification.log,100,0.001891,0.1,cosine,"30,60,90",cosine,meliusnet_flex,0.9,4,radam,meta/plot,,model,False,meta/eta,"2,2.4,3",,,1,123,,0,False,False,False,0,0.0,0.0,det_sign,meta/tblogs,18, 3190.537392,003_imagenet_meliusnet_flex,0.565897,0.798094,0.509569,0.736085
12240264,11427840,46.69,4.46,4440000000.0,82210000.0,4350000000.0,150230000.0,det_sign,,medium,,32,1,1,"3,5,10,6",0,1.3,/mnt/ssd1/datasets/ImageNet/extracted/rec,/mnt/ssd1/joseph/cifar,imagenet,False,,"norm,max_pool,relu,cs,fp_conv:4",False,float32,120,,"0,1,2,3",None,None,grouped_stem,gaussian,20,device,image-classification.log,100,0.001879,0.1,cosine,"30,60,90",cosine,meliusnet_flex,0.9,4,radam,meta/plot,,model,False,meta/eta,"2,2.4,3",,,1,123,,0,False,False,False,0,0.0,0.0,det_sign,meta/tblogs,19, 3186.800458,003_imagenet_meliusnet_flex,0.568490,0.797917,0.511834,0.738745
12240264,11427840,46.69,4.46,4440000000.0,82210000.0,4350000000.0,150230000.0,det_sign,,medium,,32,1,1,"3,5,10,6",0,1.3,/mnt/ssd1/datasets/ImageNet/extracted/rec,/mnt/ssd1/joseph/cifar,imagenet,False,,"norm,max_pool,relu,cs,fp_conv:4",False,float32,120,,"0,1,2,3",None,None,grouped_stem,gaussian,None,device,image-classification.log,100,0.002,0.1,cosine,"30,60,90",cosine,meliusnet_flex,0.9,4,radam,meta/plot,,model,False,meta/eta,"2,2.4,3",model/meliusnet_flex_1bit_0019_acc_0.5718.params,model/meliusnet_flex_1bit_0019_acc_0.5718.states,1,123,,20,False,False,False,0,0.0,0.0,det_sign,meta/tblogs,20, 3190.874798,003_imagenet_meliusnet_flex,0.571791,0.800771,0.514903,0.741293
12240264,11427840,46.69,4.46,4440000000.0,82210000.0,4350000000.0,150230000.0,det_sign,,medium,,32,1,1,"3,5,10,6",0,1.3,/mnt/ssd1/datasets/ImageNet/extracted/rec,/mnt/ssd1/joseph/cifar,imagenet,False,,"norm,max_pool,relu,cs,fp_conv:4",False,float32,120,,"0,1,2,3",None,None,grouped_stem,gaussian,None,device,image-classification.log,100,0.001853,0.1,cosine,"30,60,90",cosine,meliusnet_flex,0.9,4,radam,meta/plot,,model,False,meta/eta,"2,2.4,3",model/meliusnet_flex_1bit_0019_acc_0.5718.params,model/meliusnet_flex_1bit_0019_acc_0.5718.states,1,123,,20,False,False,False,0,0.0,0.0,det_sign,meta/tblogs,21, 3167.073825,003_imagenet_meliusnet_flex,0.572850,0.801710,0.517593,0.742972
12240264,11427840,46.69,4.46,4440000000.0,82210000.0,4350000000.0,150230000.0,det_sign,,medium,,32,1,1,"3,5,10,6",0,1.3,/mnt/ssd1/datasets/ImageNet/extracted/rec,/mnt/ssd1/joseph/cifar,imagenet,False,,"norm,max_pool,relu,cs,fp_conv:4",False,float32,120,,"0,1,2,3",None,None,grouped_stem,gaussian,None,device,image-classification.log,100,0.001839,0.1,cosine,"30,60,90",cosine,meliusnet_flex,0.9,4,radam,meta/plot,,model,False,meta/eta,"2,2.4,3",model/meliusnet_flex_1bit_0019_acc_0.5718.params,model/meliusnet_flex_1bit_0019_acc_0.5718.states,1,123,,20,False,False,False,0,0.0,0.0,det_sign,meta/tblogs,22, 3171.859509,003_imagenet_meliusnet_flex,0.574928,0.801551,0.519962,0.745282
12240264,11427840,46.69,4.46,4440000000.0,82210000.0,4350000000.0,150230000.0,det_sign,,medium,,32,1,1,"3,5,10,6",0,1.3,/mnt/ssd1/datasets/ImageNet/extracted/rec,/mnt/ssd1/joseph/cifar,imagenet,False,,"norm,max_pool,relu,cs,fp_conv:4",False,float32,120,,"0,1,2,3",None,None,grouped_stem,gaussian,None,device,image-classification.log,100,0.001824,0.1,cosine,"30,60,90",cosine,meliusnet_flex,0.9,4,radam,meta/plot,,model,False,meta/eta,"2,2.4,3",model/meliusnet_flex_1bit_0019_acc_0.5718.params,model/meliusnet_flex_1bit_0019_acc_0.5718.states,1,123,,20,False,False,False,0,0.0,0.0,det_sign,meta/tblogs,23, 3178.464232,003_imagenet_meliusnet_flex,0.577704,0.805889,0.522186,0.747024
12240264,11427840,46.69,4.46,4440000000.0,82210000.0,4350000000.0,150230000.0,det_sign,,medium,,32,1,1,"3,5,10,6",0,1.3,/mnt/ssd1/datasets/ImageNet/extracted/rec,/mnt/ssd1/joseph/cifar,imagenet,False,,"norm,max_pool,relu,cs,fp_conv:4",False,float32,120,,"0,1,2,3",None,None,grouped_stem,gaussian,None,device,image-classification.log,100,0.001809,0.1,cosine,"30,60,90",cosine,meliusnet_flex,0.9,4,radam,meta/plot,,model,False,meta/eta,"2,2.4,3",model/meliusnet_flex_1bit_0019_acc_0.5718.params,model/meliusnet_flex_1bit_0019_acc_0.5718.states,1,123,,20,False,False,False,0,0.0,0.0,det_sign,meta/tblogs,24, 3179.581864,003_imagenet_meliusnet_flex,0.579803,0.805307,0.524044,0.748532
12240264,11427840,46.69,4.46,4440000000.0,82210000.0,4350000000.0,150230000.0,det_sign,,medium,,32,1,1,"3,5,10,6",0,1.3,/mnt/ssd1/datasets/ImageNet/extracted/rec,/mnt/ssd1/joseph/cifar,imagenet,False,,"norm,max_pool,relu,cs,fp_conv:4",False,float32,120,,"0,1,2,3",None,None,grouped_stem,gaussian,None,device,image-classification.log,100,0.001793,0.1,cosine,"30,60,90",cosine,meliusnet_flex,0.9,4,radam,meta/plot,,model,False,meta/eta,"2,2.4,3",model/meliusnet_flex_1bit_0019_acc_0.5718.params,model/meliusnet_flex_1bit_0019_acc_0.5718.states,1,123,,20,False,False,False,0,0.0,0.0,det_sign,meta/tblogs,25, 3190.605878,003_imagenet_meliusnet_flex,0.580043,0.806326,0.526585,0.750627
12240264,11427840,46.69,4.46,4440000000.0,82210000.0,4350000000.0,150230000.0,det_sign,,medium,,32,1,1,"3,5,10,6",0,1.3,/mnt/ssd1/datasets/ImageNet/extracted/rec,/mnt/ssd1/joseph/cifar,imagenet,False,,"norm,max_pool,relu,cs,fp_conv:4",False,float32,120,,"0,1,2,3",None,None,grouped_stem,gaussian,None,device,image-classification.log,100,0.001777,0.1,cosine,"30,60,90",cosine,meliusnet_flex,0.9,4,radam,meta/plot,,model,False,meta/eta,"2,2.4,3",model/meliusnet_flex_1bit_0019_acc_0.5718.params,model/meliusnet_flex_1bit_0019_acc_0.5718.states,1,123,,20,False,False,False,0,0.0,0.0,det_sign,meta/tblogs,26, 3184.506472,003_imagenet_meliusnet_flex,0.581030,0.807973,0.528246,0.752119
12240264,11427840,46.69,4.46,4440000000.0,82210000.0,4350000000.0,150230000.0,det_sign,,medium,,32,1,1,"3,5,10,6",0,1.3,/mnt/ssd1/datasets/ImageNet/extracted/rec,/mnt/ssd1/joseph/cifar,imagenet,False,,"norm,max_pool,relu,cs,fp_conv:4",False,float32,120,,"0,1,2,3",None,None,grouped_stem,gaussian,None,device,image-classification.log,100,0.001760,0.1,cosine,"30,60,90",cosine,meliusnet_flex,0.9,4,radam,meta/plot,,model,False,meta/eta,"2,2.4,3",model/meliusnet_flex_1bit_0019_acc_0.5718.params,model/meliusnet_flex_1bit_0019_acc_0.5718.states,1,123,,20,False,False,False,0,0.0,0.0,det_sign,meta/tblogs,27, 3177.224472,003_imagenet_meliusnet_flex,0.583040,0.809663,0.530101,0.753901
12240264,11427840,46.69,4.46,4440000000.0,82210000.0,4350000000.0,150230000.0,det_sign,,medium,,32,1,1,"3,5,10,6",0,1.3,/mnt/ssd1/datasets/ImageNet/extracted/rec,/mnt/ssd1/joseph/cifar,imagenet,False,,"norm,max_pool,relu,cs,fp_conv:4",False,float32,120,,"0,1,2,3",None,None,grouped_stem,gaussian,None,device,image-classification.log,100,0.001743,0.1,cosine,"30,60,90",cosine,meliusnet_flex,0.9,4,radam,meta/plot,,model,False,meta/eta,"2,2.4,3",model/meliusnet_flex_1bit_0019_acc_0.5718.params,model/meliusnet_flex_1bit_0019_acc_0.5718.states,1,123,,20,False,False,False,0,0.0,0.0,det_sign,meta/tblogs,28, 3177.276621,003_imagenet_meliusnet_flex,0.586719,0.808614,0.532456,0.755440
12240264,11427840,46.69,4.46,4440000000.0,82210000.0,4350000000.0,150230000.0,det_sign,,medium,,32,1,1,"3,5,10,6",0,1.3,/mnt/ssd1/datasets/ImageNet/extracted/rec,/mnt/ssd1/joseph/cifar,imagenet,False,,"norm,max_pool,relu,cs,fp_conv:4",False,float32,120,,"0,1,2,3",None,None,grouped_stem,gaussian,None,device,image-classification.log,100,0.001725,0.1,cosine,"30,60,90",cosine,meliusnet_flex,0.9,4,radam,meta/plot,,model,False,meta/eta,"2,2.4,3",model/meliusnet_flex_1bit_0019_acc_0.5718.params,model/meliusnet_flex_1bit_0019_acc_0.5718.states,1,123,,20,False,False,False,0,0.0,0.0,det_sign,meta/tblogs,29, 3179.534680,003_imagenet_meliusnet_flex,0.584879,0.809223,0.533170,0.756287
12240264,11427840,46.69,4.46,4440000000.0,82210000.0,4350000000.0,150230000.0,det_sign,,medium,,32,1,1,"3,5,10,6",0,1.3,/mnt/ssd1/datasets/ImageNet/extracted/rec,/mnt/ssd1/joseph/cifar,imagenet,False,,"norm,max_pool,relu,cs,fp_conv:4",False,float32,120,,"0,1,2,3",None,None,grouped_stem,gaussian,None,device,image-classification.log,100,0.001707,0.1,cosine,"30,60,90",cosine,meliusnet_flex,0.9,4,radam,meta/plot,,model,False,meta/eta,"2,2.4,3",model/meliusnet_flex_1bit_0019_acc_0.5718.params,model/meliusnet_flex_1bit_0019_acc_0.5718.states,1,123,,20,False,False,False,0,0.0,0.0,det_sign,meta/tblogs,30, 3181.306489,003_imagenet_meliusnet_flex,0.589414,0.813119,0.535145,0.757361
12240264,11427840,46.69,4.46,4440000000.0,82210000.0,4350000000.0,150230000.0,det_sign,,medium,,32,1,1,"3,5,10,6",0,1.3,/mnt/ssd1/datasets/ImageNet/extracted/rec,/mnt/ssd1/joseph/cifar,imagenet,False,,"norm,max_pool,relu,cs,fp_conv:4",False,float32,120,,"0,1,2,3",None,None,grouped_stem,gaussian,None,device,image-classification.log,100,0.001688,0.1,cosine,"30,60,90",cosine,meliusnet_flex,0.9,4,radam,meta/plot,,model,False,meta/eta,"2,2.4,3",model/meliusnet_flex_1bit_0019_acc_0.5718.params,model/meliusnet_flex_1bit_0019_acc_0.5718.states,1,123,,20,False,False,False,0,0.0,0.0,det_sign,meta/tblogs,31, 3169.412802,003_imagenet_meliusnet_flex,0.589163,0.813702,0.536554,0.758610
12240264,11427840,46.69,4.46,4440000000.0,82210000.0,4350000000.0,150230000.0,det_sign,,medium,,32,1,1,"3,5,10,6",0,1.3,/mnt/ssd1/datasets/ImageNet/extracted/rec,/mnt/ssd1/joseph/cifar,imagenet,False,,"norm,max_pool,relu,cs,fp_conv:4",False,float32,120,,"0,1,2,3",None,None,grouped_stem,gaussian,None,device,image-classification.log,100,0.001669,0.1,cosine,"30,60,90",cosine,meliusnet_flex,0.9,4,radam,meta/plot,,model,False,meta/eta,"2,2.4,3",model/meliusnet_flex_1bit_0019_acc_0.5718.params,model/meliusnet_flex_1bit_0019_acc_0.5718.states,1,123,,20,False,False,False,0,0.0,0.0,det_sign,meta/tblogs,32, 3166.241537,003_imagenet_meliusnet_flex,0.591732,0.814738,0.537931,0.760348
12240264,11427840,46.69,4.46,4440000000.0,82210000.0,4350000000.0,150230000.0,det_sign,,medium,,32,1,1,"3,5,10,6",0,1.3,/mnt/ssd1/datasets/ImageNet/extracted/rec,/mnt/ssd1/joseph/cifar,imagenet,False,,"norm,max_pool,relu,cs,fp_conv:4",False,float32,120,,"0,1,2,3",None,None,grouped_stem,gaussian,None,device,image-classification.log,100,0.001649,0.1,cosine,"30,60,90",cosine,meliusnet_flex,0.9,4,radam,meta/plot,,model,False,meta/eta,"2,2.4,3",model/meliusnet_flex_1bit_0019_acc_0.5718.params,model/meliusnet_flex_1bit_0019_acc_0.5718.states,1,123,,20,False,False,False,0,0.0,0.0,det_sign,meta/tblogs,33, 3172.749172,003_imagenet_meliusnet_flex,0.589274,0.812940,0.539386,0.760983
12240264,11427840,46.69,4.46,4440000000.0,82210000.0,4350000000.0,150230000.0,det_sign,,medium,,32,1,1,"3,5,10,6",0,1.3,/mnt/ssd1/datasets/ImageNet/extracted/rec,/mnt/ssd1/joseph/cifar,imagenet,False,,"norm,max_pool,relu,cs,fp_conv:4",False,float32,120,,"0,1,2,3",None,None,grouped_stem,gaussian,None,device,image-classification.log,100,0.001629,0.1,cosine,"30,60,90",cosine,meliusnet_flex,0.9,4,radam,meta/plot,,model,False,meta/eta,"2,2.4,3",model/meliusnet_flex_1bit_0019_acc_0.5718.params,model/meliusnet_flex_1bit_0019_acc_0.5718.states,1,123,,20,False,False,False,0,0.0,0.0,det_sign,meta/tblogs,34, 3169.670356,003_imagenet_meliusnet_flex,0.593730,0.816186,0.541476,0.763126
12240264,11427840,46.69,4.46,4440000000.0,82210000.0,4350000000.0,150230000.0,det_sign,,medium,,32,1,1,"3,5,10,6",0,1.3,/mnt/ssd1/datasets/ImageNet/extracted/rec,/mnt/ssd1/joseph/cifar,imagenet,False,,"norm,max_pool,relu,cs,fp_conv:4",False,float32,120,,"0,1,2,3",None,None,grouped_stem,gaussian,None,device,image-classification.log,100,0.001609,0.1,cosine,"30,60,90",cosine,meliusnet_flex,0.9,4,radam,meta/plot,,model,False,meta/eta,"2,2.4,3",model/meliusnet_flex_1bit_0019_acc_0.5718.params,model/meliusnet_flex_1bit_0019_acc_0.5718.states,1,123,,20,False,False,False,0,0.0,0.0,det_sign,meta/tblogs,35, 3175.552663,003_imagenet_meliusnet_flex,0.594969,0.818494,0.542279,0.763513
12240264,11427840,46.69,4.46,4440000000.0,82210000.0,4350000000.0,150230000.0,det_sign,,medium,,32,1,1,"3,5,10,6",0,1.3,/mnt/ssd1/datasets/ImageNet/extracted/rec,/mnt/ssd1/joseph/cifar,imagenet,False,,"norm,max_pool,relu,cs,fp_conv:4",False,float32,120,,"0,1,2,3",None,None,grouped_stem,gaussian,None,device,image-classification.log,100,0.001588,0.1,cosine,"30,60,90",cosine,meliusnet_flex,0.9,4,radam,meta/plot,,model,False,meta/eta,"2,2.4,3",model/meliusnet_flex_1bit_0019_acc_0.5718.params,model/meliusnet_flex_1bit_0019_acc_0.5718.states,1,123,,20,False,False,False,0,0.0,0.0,det_sign,meta/tblogs,36, 3183.040580,003_imagenet_meliusnet_flex,0.590685,0.815084,0.543906,0.765039
12240264,11427840,46.69,4.46,4440000000.0,82210000.0,4350000000.0,150230000.0,det_sign,,medium,,32,1,1,"3,5,10,6",0,1.3,/mnt/ssd1/datasets/ImageNet/extracted/rec,/mnt/ssd1/joseph/cifar,imagenet,False,,"norm,max_pool,relu,cs,fp_conv:4",False,float32,120,,"0,1,2,3",None,None,grouped_stem,gaussian,None,device,image-classification.log,100,0.001566,0.1,cosine,"30,60,90",cosine,meliusnet_flex,0.9,4,radam,meta/plot,,model,False,meta/eta,"2,2.4,3",model/meliusnet_flex_1bit_0019_acc_0.5718.params,model/meliusnet_flex_1bit_0019_acc_0.5718.states,1,123,,20,False,False,False,0,0.0,0.0,det_sign,meta/tblogs,37, 3177.981853,003_imagenet_meliusnet_flex,0.593290,0.817136,0.545806,0.765934
12240264,11427840,46.69,4.46,4440000000.0,82210000.0,4350000000.0,150230000.0,det_sign,,medium,,32,1,1,"3,5,10,6",0,1.3,/mnt/ssd1/datasets/ImageNet/extracted/rec,/mnt/ssd1/joseph/cifar,imagenet,False,,"norm,max_pool,relu,cs,fp_conv:4",False,float32,120,,"0,1,2,3",None,None,grouped_stem,gaussian,None,device,image-classification.log,100,0.001545,0.1,cosine,"30,60,90",cosine,meliusnet_flex,0.9,4,radam,meta/plot,,model,False,meta/eta,"2,2.4,3",model/meliusnet_flex_1bit_0019_acc_0.5718.params,model/meliusnet_flex_1bit_0019_acc_0.5718.states,1,123,,20,False,False,False,0,0.0,0.0,det_sign,meta/tblogs,38, 3168.749332,003_imagenet_meliusnet_flex,0.596827,0.818115,0.546844,0.766717
12240264,11427840,46.69,4.46,4440000000.0,82210000.0,4350000000.0,150230000.0,det_sign,,medium,,32,1,1,"3,5,10,6",0,1.3,/mnt/ssd1/datasets/ImageNet/extracted/rec,/mnt/ssd1/joseph/cifar,imagenet,False,,"norm,max_pool,relu,cs,fp_conv:4",False,float32,120,,"0,1,2,3",None,None,grouped_stem,gaussian,None,device,image-classification.log,100,0.001523,0.1,cosine,"30,60,90",cosine,meliusnet_flex,0.9,4,radam,meta/plot,,model,False,meta/eta,"2,2.4,3",model/meliusnet_flex_1bit_0019_acc_0.5718.params,model/meliusnet_flex_1bit_0019_acc_0.5718.states,1,123,,20,False,False,False,0,0.0,0.0,det_sign,meta/tblogs,39, 3151.453213,003_imagenet_meliusnet_flex,0.597095,0.818670,0.548037,0.768334
12240264,11427840,46.69,4.46,4440000000.0,82210000.0,4350000000.0,150230000.0,det_sign,,medium,,32,1,1,"3,5,10,6",0,1.3,/mnt/ssd1/datasets/ImageNet/extracted/rec,/mnt/ssd1/joseph/cifar,imagenet,False,,"norm,max_pool,relu,cs,fp_conv:4",False,float32,120,,"0,1,2,3",None,None,grouped_stem,gaussian,None,device,image-classification.log,100,0.001500,0.1,cosine,"30,60,90",cosine,meliusnet_flex,0.9,4,radam,meta/plot,,model,False,meta/eta,"2,2.4,3",model/meliusnet_flex_1bit_0019_acc_0.5718.params,model/meliusnet_flex_1bit_0019_acc_0.5718.states,1,123,,20,False,False,False,0,0.0,0.0,det_sign,meta/tblogs,40, 3164.173560,003_imagenet_meliusnet_flex,0.597167,0.820293,0.548376,0.768693
12240264,11427840,46.69,4.46,4440000000.0,82210000.0,4350000000.0,150230000.0,det_sign,,medium,,32,1,1,"3,5,10,6",0,1.3,/mnt/ssd1/datasets/ImageNet/extracted/rec,/mnt/ssd1/joseph/cifar,imagenet,False,,"norm,max_pool,relu,cs,fp_conv:4",False,float32,120,,"0,1,2,3",None,None,grouped_stem,gaussian,None,device,image-classification.log,100,0.001477,0.1,cosine,"30,60,90",cosine,meliusnet_flex,0.9,4,radam,meta/plot,,model,False,meta/eta,"2,2.4,3",model/meliusnet_flex_1bit_0019_acc_0.5718.params,model/meliusnet_flex_1bit_0019_acc_0.5718.states,1,123,,20,False,False,False,0,0.0,0.0,det_sign,meta/tblogs,41, 3177.206357,003_imagenet_meliusnet_flex,0.598046,0.820572,0.550142,0.769320
12240264,11427840,46.69,4.46,4440000000.0,82210000.0,4350000000.0,150230000.0,det_sign,,medium,,32,1,1,"3,5,10,6",0,1.3,/mnt/ssd1/datasets/ImageNet/extracted/rec,/mnt/ssd1/joseph/cifar,imagenet,False,,"norm,max_pool,relu,cs,fp_conv:4",False,float32,120,,"0,1,2,3",None,None,grouped_stem,gaussian,None,device,image-classification.log,100,0.001454,0.1,cosine,"30,60,90",cosine,meliusnet_flex,0.9,4,radam,meta/plot,,model,False,meta/eta,"2,2.4,3",model/meliusnet_flex_1bit_0019_acc_0.5718.params,model/meliusnet_flex_1bit_0019_acc_0.5718.states,1,123,,20,False,False,False,0,0.0,0.0,det_sign,meta/tblogs,42, 3174.792499,003_imagenet_meliusnet_flex,0.600441,0.820833,0.551971,0.771236
12240264,11427840,46.69,4.46,4440000000.0,82210000.0,4350000000.0,150230000.0,det_sign,,medium,,32,1,1,"3,5,10,6",0,1.3,/mnt/ssd1/datasets/ImageNet/extracted/rec,/mnt/ssd1/joseph/cifar,imagenet,False,,"norm,max_pool,relu,cs,fp_conv:4",False,float32,120,,"0,1,2,3",None,None,grouped_stem,gaussian,None,device,image-classification.log,100,0.001431,0.1,cosine,"30,60,90",cosine,meliusnet_flex,0.9,4,radam,meta/plot,,model,False,meta/eta,"2,2.4,3",model/meliusnet_flex_1bit_0019_acc_0.5718.params,model/meliusnet_flex_1bit_0019_acc_0.5718.states,1,123,,20,False,False,False,0,0.0,0.0,det_sign,meta/tblogs,43, 3172.485424,003_imagenet_meliusnet_flex,0.599165,0.823489,0.552763,0.771528
12240264,11427840,46.69,4.46,4440000000.0,82210000.0,4350000000.0,150230000.0,det_sign,,medium,,32,1,1,"3,5,10,6",0,1.3,/mnt/ssd1/datasets/ImageNet/extracted/rec,/mnt/ssd1/joseph/cifar,imagenet,False,,"norm,max_pool,relu,cs,fp_conv:4",False,float32,120,,"0,1,2,3",None,None,grouped_stem,gaussian,None,device,image-classification.log,100,0.001407,0.1,cosine,"30,60,90",cosine,meliusnet_flex,0.9,4,radam,meta/plot,,model,False,meta/eta,"2,2.4,3",model/meliusnet_flex_1bit_0019_acc_0.5718.params,model/meliusnet_flex_1bit_0019_acc_0.5718.states,1,123,,20,False,False,False,0,0.0,0.0,det_sign,meta/tblogs,44, 3170.072525,003_imagenet_meliusnet_flex,0.600080,0.823177,0.554079,0.773121
12240264,11427840,46.69,4.46,4440000000.0,82210000.0,4350000000.0,150230000.0,det_sign,,medium,,32,1,1,"3,5,10,6",0,1.3,/mnt/ssd1/datasets/ImageNet/extracted/rec,/mnt/ssd1/joseph/cifar,imagenet,False,,"norm,max_pool,relu,cs,fp_conv:4",False,float32,120,,"0,1,2,3",None,None,grouped_stem,gaussian,None,device,image-classification.log,100,0.001383,0.1,cosine,"30,60,90",cosine,meliusnet_flex,0.9,4,radam,meta/plot,,model,False,meta/eta,"2,2.4,3",model/meliusnet_flex_1bit_0019_acc_0.5718.params,model/meliusnet_flex_1bit_0019_acc_0.5718.states,1,123,,20,False,False,False,0,0.0,0.0,det_sign,meta/tblogs,45, 3173.596468,003_imagenet_meliusnet_flex,0.601622,0.824488,0.554591,0.773350
12240264,11427840,46.69,4.46,4440000000.0,82210000.0,4350000000.0,150230000.0,det_sign,,medium,,32,1,1,"3,5,10,6",0,1.3,/mnt/ssd1/datasets/ImageNet/extracted/rec,/mnt/ssd1/joseph/cifar,imagenet,False,,"norm,max_pool,relu,cs,fp_conv:4",False,float32,120,,"0,1,2,3",None,None,grouped_stem,gaussian,None,device,image-classification.log,100,0.001358,0.1,cosine,"30,60,90",cosine,meliusnet_flex,0.9,4,radam,meta/plot,,model,False,meta/eta,"2,2.4,3",model/meliusnet_flex_1bit_0019_acc_0.5718.params,model/meliusnet_flex_1bit_0019_acc_0.5718.states,1,123,,20,False,False,False,0,0.0,0.0,det_sign,meta/tblogs,46, 3178.554374,003_imagenet_meliusnet_flex,0.603700,0.824389,0.556472,0.774692
12240264,11427840,46.69,4.46,4440000000.0,82210000.0,4350000000.0,150230000.0,det_sign,,medium,,32,1,1,"3,5,10,6",0,1.3,/mnt/ssd1/datasets/ImageNet/extracted/rec,/mnt/ssd1/joseph/cifar,imagenet,False,,"norm,max_pool,relu,cs,fp_conv:4",False,float32,120,,"0,1,2,3",None,None,grouped_stem,gaussian,None,device,image-classification.log,100,0.001334,0.1,cosine,"30,60,90",cosine,meliusnet_flex,0.9,4,radam,meta/plot,,model,False,meta/eta,"2,2.4,3",model/meliusnet_flex_1bit_0019_acc_0.5718.params,model/meliusnet_flex_1bit_0019_acc_0.5718.states,1,123,,20,False,False,False,0,0.0,0.0,det_sign,meta/tblogs,47, 3187.571338,003_imagenet_meliusnet_flex,0.604207,0.823818,0.557150,0.775191
12240264,11427840,46.69,4.46,4440000000.0,82210000.0,4350000000.0,150230000.0,det_sign,,medium,,32,1,1,"3,5,10,6",0,1.3,/mnt/ssd1/datasets/ImageNet/extracted/rec,/mnt/ssd1/joseph/cifar,imagenet,False,,"norm,max_pool,relu,cs,fp_conv:4",False,float32,120,,"0,1,2,3",None,None,grouped_stem,gaussian,None,device,image-classification.log,100,0.001309,0.1,cosine,"30,60,90",cosine,meliusnet_flex,0.9,4,radam,meta/plot,,model,False,meta/eta,"2,2.4,3",model/meliusnet_flex_1bit_0019_acc_0.5718.params,model/meliusnet_flex_1bit_0019_acc_0.5718.states,1,123,,20,False,False,False,0,0.0,0.0,det_sign,meta/tblogs,48, 3190.857645,003_imagenet_meliusnet_flex,0.604140,0.824289,0.557739,0.776622
12240264,11427840,46.69,4.46,4440000000.0,82210000.0,4350000000.0,150230000.0,det_sign,,medium,,32,1,1,"3,5,10,6",0,1.3,/mnt/ssd1/datasets/ImageNet/extracted/rec,/mnt/ssd1/joseph/cifar,imagenet,False,,"norm,max_pool,relu,cs,fp_conv:4",False,float32,120,,"0,1,2,3",None,None,grouped_stem,gaussian,None,device,image-classification.log,100,0.001284,0.1,cosine,"30,60,90",cosine,meliusnet_flex,0.9,4,radam,meta/plot,,model,False,meta/eta,"2,2.4,3",model/meliusnet_flex_1bit_0019_acc_0.5718.params,model/meliusnet_flex_1bit_0019_acc_0.5718.states,1,123,,20,False,False,False,0,0.0,0.0,det_sign,meta/tblogs,49, 3178.233450,003_imagenet_meliusnet_flex,0.607037,0.824548,0.559134,0.777101
12240264,11427840,46.69,4.46,4440000000.0,82210000.0,4350000000.0,150230000.0,det_sign,,medium,,32,1,1,"3,5,10,6",0,1.3,/mnt/ssd1/datasets/ImageNet/extracted/rec,/mnt/ssd1/joseph/cifar,imagenet,False,,"norm,max_pool,relu,cs,fp_conv:4",False,float32,120,,"0,1,2,3",None,None,grouped_stem,gaussian,None,device,image-classification.log,100,0.001259,0.1,cosine,"30,60,90",cosine,meliusnet_flex,0.9,4,radam,meta/plot,,model,False,meta/eta,"2,2.4,3",model/meliusnet_flex_1bit_0019_acc_0.5718.params,model/meliusnet_flex_1bit_0019_acc_0.5718.states,1,123,,20,False,False,False,0,0.0,0.0,det_sign,meta/tblogs,50, 3172.374993,003_imagenet_meliusnet_flex,0.607592,0.827564,0.560209,0.777484
12240264,11427840,46.69,4.46,4440000000.0,82210000.0,4350000000.0,150230000.0,det_sign,,medium,,32,1,1,"3,5,10,6",0,1.3,/mnt/ssd1/datasets/ImageNet/extracted/rec,/mnt/ssd1/joseph/cifar,imagenet,False,,"norm,max_pool,relu,cs,fp_conv:4",False,float32,120,,"0,1,2,3",None,None,grouped_stem,gaussian,None,device,image-classification.log,100,0.001233,0.1,cosine,"30,60,90",cosine,meliusnet_flex,0.9,4,radam,meta/plot,,model,False,meta/eta,"2,2.4,3",model/meliusnet_flex_1bit_0019_acc_0.5718.params,model/meliusnet_flex_1bit_0019_acc_0.5718.states,1,123,,20,False,False,False,0,0.0,0.0,det_sign,meta/tblogs,51, 3171.806899,003_imagenet_meliusnet_flex,0.607777,0.827206,0.560898,0.778423
12240264,11427840,46.69,4.46,4440000000.0,82210000.0,4350000000.0,150230000.0,det_sign,,medium,,32,1,1,"3,5,10,6",0,1.3,/mnt/ssd1/datasets/ImageNet/extracted/rec,/mnt/ssd1/joseph/cifar,imagenet,False,,"norm,max_pool,relu,cs,fp_conv:4",False,float32,120,,"0,1,2,3",None,None,grouped_stem,gaussian,None,device,image-classification.log,100,0.001208,0.1,cosine,"30,60,90",cosine,meliusnet_flex,0.9,4,radam,meta/plot,,model,False,meta/eta,"2,2.4,3",model/meliusnet_flex_1bit_0019_acc_0.5718.params,model/meliusnet_flex_1bit_0019_acc_0.5718.states,1,123,,20,False,False,False,0,0.0,0.0,det_sign,meta/tblogs,52, 3188.235907,003_imagenet_meliusnet_flex,0.608734,0.827183,0.561732,0.779599
12240264,11427840,46.69,4.46,4440000000.0,82210000.0,4350000000.0,150230000.0,det_sign,,medium,,32,1,1,"3,5,10,6",0,1.3,/mnt/ssd1/datasets/ImageNet/extracted/rec,/mnt/ssd1/joseph/cifar,imagenet,False,,"norm,max_pool,relu,cs,fp_conv:4",False,float32,120,,"0,1,2,3",None,None,grouped_stem,gaussian,None,device,image-classification.log,100,0.001182,0.1,cosine,"30,60,90",cosine,meliusnet_flex,0.9,4,radam,meta/plot,,model,False,meta/eta,"2,2.4,3",model/meliusnet_flex_1bit_0019_acc_0.5718.params,model/meliusnet_flex_1bit_0019_acc_0.5718.states,1,123,,20,False,False,False,0,0.0,0.0,det_sign,meta/tblogs,53, 3190.575363,003_imagenet_meliusnet_flex,0.609115,0.827725,0.563744,0.780082
12240264,11427840,46.69,4.46,4440000000.0,82210000.0,4350000000.0,150230000.0,det_sign,,medium,,32,1,1,"3,5,10,6",0,1.3,/mnt/ssd1/datasets/ImageNet/extracted/rec,/mnt/ssd1/joseph/cifar,imagenet,False,,"norm,max_pool,relu,cs,fp_conv:4",False,float32,120,,"0,1,2,3",None,None,grouped_stem,gaussian,None,device,image-classification.log,100,0.001156,0.1,cosine,"30,60,90",cosine,meliusnet_flex,0.9,4,radam,meta/plot,,model,False,meta/eta,"2,2.4,3",model/meliusnet_flex_1bit_0019_acc_0.5718.params,model/meliusnet_flex_1bit_0019_acc_0.5718.states,1,123,,20,False,False,False,0,0.0,0.0,det_sign,meta/tblogs,54, 3191.970583,003_imagenet_meliusnet_flex,0.608656,0.828365,0.564847,0.781481
12240264,11427840,46.69,4.46,4440000000.0,82210000.0,4350000000.0,150230000.0,det_sign,,medium,,32,1,1,"3,5,10,6",0,1.3,/mnt/ssd1/datasets/ImageNet/extracted/rec,/mnt/ssd1/joseph/cifar,imagenet,False,,"norm,max_pool,relu,cs,fp_conv:4",False,float32,120,,"0,1,2,3",None,None,grouped_stem,gaussian,None,device,image-classification.log,100,0.001131,0.1,cosine,"30,60,90",cosine,meliusnet_flex,0.9,4,radam,meta/plot,,model,False,meta/eta,"2,2.4,3",model/meliusnet_flex_1bit_0019_acc_0.5718.params,model/meliusnet_flex_1bit_0019_acc_0.5718.states,1,123,,20,False,False,False,0,0.0,0.0,det_sign,meta/tblogs,55, 3188.605890,003_imagenet_meliusnet_flex,0.612159,0.827284,0.564987,0.781875
12240264,11427840,46.69,4.46,4440000000.0,82210000.0,4350000000.0,150230000.0,det_sign,,medium,,32,1,1,"3,5,10,6",0,1.3,/mnt/ssd1/datasets/ImageNet/extracted/rec,/mnt/ssd1/joseph/cifar,imagenet,False,,"norm,max_pool,relu,cs,fp_conv:4",False,float32,120,,"0,1,2,3",None,None,grouped_stem,gaussian,None,device,image-classification.log,100,0.001105,0.1,cosine,"30,60,90",cosine,meliusnet_flex,0.9,4,radam,meta/plot,,model,False,meta/eta,"2,2.4,3",model/meliusnet_flex_1bit_0019_acc_0.5718.params,model/meliusnet_flex_1bit_0019_acc_0.5718.states,1,123,,20,False,False,False,0,0.0,0.0,det_sign,meta/tblogs,56, 3178.936460,003_imagenet_meliusnet_flex,0.611133,0.829903,0.566048,0.782440
12240264,11427840,46.69,4.46,4440000000.0,82210000.0,4350000000.0,150230000.0,det_sign,,medium,,32,1,1,"3,5,10,6",0,1.3,/mnt/ssd1/datasets/ImageNet/extracted/rec,/mnt/ssd1/joseph/cifar,imagenet,False,,"norm,max_pool,relu,cs,fp_conv:4",False,float32,120,,"0,1,2,3",None,None,grouped_stem,gaussian,None,device,image-classification.log,100,0.001078,0.1,cosine,"30,60,90",cosine,meliusnet_flex,0.9,4,radam,meta/plot,,model,False,meta/eta,"2,2.4,3",model/meliusnet_flex_1bit_0019_acc_0.5718.params,model/meliusnet_flex_1bit_0019_acc_0.5718.states,1,123,,20,False,False,False,0,0.0,0.0,det_sign,meta/tblogs,57, 3173.612609,003_imagenet_meliusnet_flex,0.611533,0.828465,0.567064,0.782849
12240264,11427840,46.69,4.46,4440000000.0,82210000.0,4350000000.0,150230000.0,det_sign,,medium,,32,1,1,"3,5,10,6",0,1.3,/mnt/ssd1/datasets/ImageNet/extracted/rec,/mnt/ssd1/joseph/cifar,imagenet,False,,"norm,max_pool,relu,cs,fp_conv:4",False,float32,120,,"0,1,2,3",None,None,grouped_stem,gaussian,None,device,image-classification.log,100,0.001052,0.1,cosine,"30,60,90",cosine,meliusnet_flex,0.9,4,radam,meta/plot,,model,False,meta/eta,"2,2.4,3",model/meliusnet_flex_1bit_0019_acc_0.5718.params,model/meliusnet_flex_1bit_0019_acc_0.5718.states,1,123,,20,False,False,False,0,0.0,0.0,det_sign,meta/tblogs,58, 3181.139851,003_imagenet_meliusnet_flex,0.612380,0.830469,0.567859,0.783882
12240264,11427840,46.69,4.46,4440000000.0,82210000.0,4350000000.0,150230000.0,det_sign,,medium,,32,1,1,"3,5,10,6",0,1.3,/mnt/ssd1/datasets/ImageNet/extracted/rec,/mnt/ssd1/joseph/cifar,imagenet,False,,"norm,max_pool,relu,cs,fp_conv:4",False,float32,120,,"0,1,2,3",None,None,grouped_stem,gaussian,None,device,image-classification.log,100,0.001026,0.1,cosine,"30,60,90",cosine,meliusnet_flex,0.9,4,radam,meta/plot,,model,False,meta/eta,"2,2.4,3",model/meliusnet_flex_1bit_0019_acc_0.5718.params,model/meliusnet_flex_1bit_0019_acc_0.5718.states,1,123,,20,False,False,False,0,0.0,0.0,det_sign,meta/tblogs,59, 3187.401104,003_imagenet_meliusnet_flex,0.613171,0.831022,0.568968,0.784457
12240264,11427840,46.69,4.46,4440000000.0,82210000.0,4350000000.0,150230000.0,det_sign,,medium,,32,1,1,"3,5,10,6",0,1.3,/mnt/ssd1/datasets/ImageNet/extracted/rec,/mnt/ssd1/joseph/cifar,imagenet,False,,"norm,max_pool,relu,cs,fp_conv:4",False,float32,120,,"0,1,2,3",None,None,grouped_stem,gaussian,None,device,image-classification.log,100,0.001000,0.1,cosine,"30,60,90",cosine,meliusnet_flex,0.9,4,radam,meta/plot,,model,False,meta/eta,"2,2.4,3",model/meliusnet_flex_1bit_0019_acc_0.5718.params,model/meliusnet_flex_1bit_0019_acc_0.5718.states,1,123,,20,False,False,False,0,0.0,0.0,det_sign,meta/tblogs,60, 3185.510666,003_imagenet_meliusnet_flex,0.612861,0.831250,0.570334,0.786005
12240264,11427840,46.69,4.46,4440000000.0,82210000.0,4350000000.0,150230000.0,det_sign,,medium,,32,1,1,"3,5,10,6",0,1.3,/mnt/ssd1/datasets/ImageNet/extracted/rec,/mnt/ssd1/joseph/cifar,imagenet,False,,"norm,max_pool,relu,cs,fp_conv:4",False,float32,120,,"0,1,2,3",None,None,grouped_stem,gaussian,None,device,image-classification.log,100,0.000974,0.1,cosine,"30,60,90",cosine,meliusnet_flex,0.9,4,radam,meta/plot,,model,False,meta/eta,"2,2.4,3",model/meliusnet_flex_1bit_0019_acc_0.5718.params,model/meliusnet_flex_1bit_0019_acc_0.5718.states,1,123,,20,False,False,False,0,0.0,0.0,det_sign,meta/tblogs,61, 3175.786524,003_imagenet_meliusnet_flex,0.612832,0.830683,0.570850,0.786115
12240264,11427840,46.69,4.46,4440000000.0,82210000.0,4350000000.0,150230000.0,det_sign,,medium,,32,1,1,"3,5,10,6",0,1.3,/mnt/ssd1/datasets/ImageNet/extracted/rec,/mnt/ssd1/joseph/cifar,imagenet,False,,"norm,max_pool,relu,cs,fp_conv:4",False,float32,120,,"0,1,2,3",None,None,grouped_stem,gaussian,None,device,image-classification.log,100,0.000948,0.1,cosine,"30,60,90",cosine,meliusnet_flex,0.9,4,radam,meta/plot,,model,False,meta/eta,"2,2.4,3",model/meliusnet_flex_1bit_0019_acc_0.5718.params,model/meliusnet_flex_1bit_0019_acc_0.5718.states,1,123,,20,False,False,False,0,0.0,0.0,det_sign,meta/tblogs,62, 3178.680238,003_imagenet_meliusnet_flex,0.613991,0.833500,0.572071,0.786644
12240264,11427840,46.69,4.46,4440000000.0,82210000.0,4350000000.0,150230000.0,det_sign,,medium,,32,1,1,"3,5,10,6",0,1.3,/mnt/ssd1/datasets/ImageNet/extracted/rec,/mnt/ssd1/joseph/cifar,imagenet,False,,"norm,max_pool,relu,cs,fp_conv:4",False,float32,120,,"0,1,2,3",None,None,grouped_stem,gaussian,None,device,image-classification.log,100,0.000922,0.1,cosine,"30,60,90",cosine,meliusnet_flex,0.9,4,radam,meta/plot,,model,False,meta/eta,"2,2.4,3",model/meliusnet_flex_1bit_0019_acc_0.5718.params,model/meliusnet_flex_1bit_0019_acc_0.5718.states,1,123,,20,False,False,False,0,0.0,0.0,det_sign,meta/tblogs,63, 3180.294267,003_imagenet_meliusnet_flex,0.615264,0.833073,0.572524,0.787507
12240264,11427840,46.69,4.46,4440000000.0,82210000.0,4350000000.0,150230000.0,det_sign,,medium,,32,1,1,"3,5,10,6",0,1.3,/mnt/ssd1/datasets/ImageNet/extracted/rec,/mnt/ssd1/joseph/cifar,imagenet,False,,"norm,max_pool,relu,cs,fp_conv:4",False,float32,120,,"0,1,2,3",None,None,grouped_stem,gaussian,None,device,image-classification.log,100,0.000895,0.1,cosine,"30,60,90",cosine,meliusnet_flex,0.9,4,radam,meta/plot,,model,False,meta/eta,"2,2.4,3",model/meliusnet_flex_1bit_0019_acc_0.5718.params,model/meliusnet_flex_1bit_0019_acc_0.5718.states,1,123,,20,False,False,False,0,0.0,0.0,det_sign,meta/tblogs,64, 3181.874104,003_imagenet_meliusnet_flex,0.615050,0.833959,0.573108,0.787789
12240264,11427840,46.69,4.46,4440000000.0,82210000.0,4350000000.0,150230000.0,det_sign,,medium,,32,1,1,"3,5,10,6",0,1.3,/mnt/ssd1/datasets/ImageNet/extracted/rec,/mnt/ssd1/joseph/cifar,imagenet,False,,"norm,max_pool,relu,cs,fp_conv:4",False,float32,120,,"0,1,2,3",None,None,grouped_stem,gaussian,None,device,image-classification.log,100,0.000869,0.1,cosine,"30,60,90",cosine,meliusnet_flex,0.9,4,radam,meta/plot,,model,False,meta/eta,"2,2.4,3",model/meliusnet_flex_1bit_0019_acc_0.5718.params,model/meliusnet_flex_1bit_0019_acc_0.5718.states,1,123,,20,False,False,False,0,0.0,0.0,det_sign,meta/tblogs,65, 3188.743838,003_imagenet_meliusnet_flex,0.616648,0.833320,0.574058,0.788557
12240264,11427840,46.69,4.46,4440000000.0,82210000.0,4350000000.0,150230000.0,det_sign,,medium,,32,1,1,"3,5,10,6",0,1.3,/mnt/ssd1/datasets/ImageNet/extracted/rec,/mnt/ssd1/joseph/cifar,imagenet,False,,"norm,max_pool,relu,cs,fp_conv:4",False,float32,120,,"0,1,2,3",None,None,grouped_stem,gaussian,None,device,image-classification.log,100,0.000844,0.1,cosine,"30,60,90",cosine,meliusnet_flex,0.9,4,radam,meta/plot,,model,False,meta/eta,"2,2.4,3",model/meliusnet_flex_1bit_0019_acc_0.5718.params,model/meliusnet_flex_1bit_0019_acc_0.5718.states,1,123,,20,False,False,False,0,0.0,0.0,det_sign,meta/tblogs,66, 3191.081207,003_imagenet_meliusnet_flex,0.616186,0.833874,0.575115,0.789347
12240264,11427840,46.69,4.46,4440000000.0,82210000.0,4350000000.0,150230000.0,det_sign,,medium,,32,1,1,"3,5,10,6",0,1.3,/mnt/ssd1/datasets/ImageNet/extracted/rec,/mnt/ssd1/joseph/cifar,imagenet,False,,"norm,max_pool,relu,cs,fp_conv:4",False,float32,120,,"0,1,2,3",None,None,grouped_stem,gaussian,None,device,image-classification.log,100,0.000818,0.1,cosine,"30,60,90",cosine,meliusnet_flex,0.9,4,radam,meta/plot,,model,False,meta/eta,"2,2.4,3",model/meliusnet_flex_1bit_0019_acc_0.5718.params,model/meliusnet_flex_1bit_0019_acc_0.5718.states,1,123,,20,False,False,False,0,0.0,0.0,det_sign,meta/tblogs,67, 3191.360826,003_imagenet_meliusnet_flex,0.619405,0.836397,0.577316,0.790425
12240264,11427840,46.69,4.46,4440000000.0,82210000.0,4350000000.0,150230000.0,det_sign,,medium,,32,1,1,"3,5,10,6",0,1.3,/mnt/ssd1/datasets/ImageNet/extracted/rec,/mnt/ssd1/joseph/cifar,imagenet,False,,"norm,max_pool,relu,cs,fp_conv:4",False,float32,120,,"0,1,2,3",None,None,grouped_stem,gaussian,None,device,image-classification.log,100,0.000792,0.1,cosine,"30,60,90",cosine,meliusnet_flex,0.9,4,radam,meta/plot,,model,False,meta/eta,"2,2.4,3",model/meliusnet_flex_1bit_0019_acc_0.5718.params,model/meliusnet_flex_1bit_0019_acc_0.5718.states,1,123,,20,False,False,False,0,0.0,0.0,det_sign,meta/tblogs,68, 3188.013954,003_imagenet_meliusnet_flex,0.617087,0.835717,0.576508,0.790702
12240264,11427840,46.69,4.46,4440000000.0,82210000.0,4350000000.0,150230000.0,det_sign,,medium,,32,1,1,"3,5,10,6",0,1.3,/mnt/ssd1/datasets/ImageNet/extracted/rec,/mnt/ssd1/joseph/cifar,imagenet,False,,"norm,max_pool,relu,cs,fp_conv:4",False,float32,120,,"0,1,2,3",None,None,grouped_stem,gaussian,None,device,image-classification.log,100,0.000767,0.1,cosine,"30,60,90",cosine,meliusnet_flex,0.9,4,radam,meta/plot,,model,False,meta/eta,"2,2.4,3",model/meliusnet_flex_1bit_0019_acc_0.5718.params,model/meliusnet_flex_1bit_0019_acc_0.5718.states,1,123,,20,False,False,False,0,0.0,0.0,det_sign,meta/tblogs,69, 3189.401592,003_imagenet_meliusnet_flex,0.620305,0.835818,0.577649,0.791591
12240264,11427840,46.69,4.46,4440000000.0,82210000.0,4350000000.0,150230000.0,det_sign,,medium,,32,1,1,"3,5,10,6",0,1.3,/mnt/ssd1/datasets/ImageNet/extracted/rec,/mnt/ssd1/joseph/cifar,imagenet,False,,"norm,max_pool,relu,cs,fp_conv:4",False,float32,120,,"0,1,2,3",None,None,grouped_stem,gaussian,None,device,image-classification.log,100,0.000741,0.1,cosine,"30,60,90",cosine,meliusnet_flex,0.9,4,radam,meta/plot,,model,False,meta/eta,"2,2.4,3",model/meliusnet_flex_1bit_0019_acc_0.5718.params,model/meliusnet_flex_1bit_0019_acc_0.5718.states,1,123,,20,False,False,False,0,0.0,0.0,det_sign,meta/tblogs,70, 3191.675141,003_imagenet_meliusnet_flex,0.619305,0.836037,0.578309,0.791926
12240264,11427840,46.69,4.46,4440000000.0,82210000.0,4350000000.0,150230000.0,det_sign,,medium,,32,1,1,"3,5,10,6",0,1.3,/mnt/ssd1/datasets/ImageNet/extracted/rec,/mnt/ssd1/joseph/cifar,imagenet,False,,"norm,max_pool,relu,cs,fp_conv:4",False,float32,120,,"0,1,2,3",None,None,grouped_stem,gaussian,None,device,image-classification.log,100,0.000716,0.1,cosine,"30,60,90",cosine,meliusnet_flex,0.9,4,radam,meta/plot,,model,False,meta/eta,"2,2.4,3",model/meliusnet_flex_1bit_0019_acc_0.5718.params,model/meliusnet_flex_1bit_0019_acc_0.5718.states,1,123,,20,False,False,False,0,0.0,0.0,det_sign,meta/tblogs,71, 3190.902769,003_imagenet_meliusnet_flex,0.621394,0.838021,0.579443,0.792392
12240264,11427840,46.69,4.46,4440000000.0,82210000.0,4350000000.0,150230000.0,det_sign,,medium,,32,1,1,"3,5,10,6",0,1.3,/mnt/ssd1/datasets/ImageNet/extracted/rec,/mnt/ssd1/joseph/cifar,imagenet,False,,"norm,max_pool,relu,cs,fp_conv:4",False,float32,120,,"0,1,2,3",None,None,grouped_stem,gaussian,None,device,image-classification.log,100,0.000691,0.1,cosine,"30,60,90",cosine,meliusnet_flex,0.9,4,radam,meta/plot,,model,False,meta/eta,"2,2.4,3",model/meliusnet_flex_1bit_0019_acc_0.5718.params,model/meliusnet_flex_1bit_0019_acc_0.5718.states,1,123,,20,False,False,False,0,0.0,0.0,det_sign,meta/tblogs,72, 3186.246748,003_imagenet_meliusnet_flex,0.620724,0.835858,0.580160,0.793410
12240264,11427840,46.69,4.46,4440000000.0,82210000.0,4350000000.0,150230000.0,det_sign,,medium,,32,1,1,"3,5,10,6",0,1.3,/mnt/ssd1/datasets/ImageNet/extracted/rec,/mnt/ssd1/joseph/cifar,imagenet,False,,"norm,max_pool,relu,cs,fp_conv:4",False,float32,120,,"0,1,2,3",None,None,grouped_stem,gaussian,None,device,image-classification.log,100,0.000666,0.1,cosine,"30,60,90",cosine,meliusnet_flex,0.9,4,radam,meta/plot,,model,False,meta/eta,"2,2.4,3",model/meliusnet_flex_1bit_0019_acc_0.5718.params,model/meliusnet_flex_1bit_0019_acc_0.5718.states,1,123,,20,False,False,False,0,0.0,0.0,det_sign,meta/tblogs,73, 3187.343929,003_imagenet_meliusnet_flex,0.622243,0.836437,0.581041,0.793723
12240264,11427840,46.69,4.46,4440000000.0,82210000.0,4350000000.0,150230000.0,det_sign,,medium,,32,1,1,"3,5,10,6",0,1.3,/mnt/ssd1/datasets/ImageNet/extracted/rec,/mnt/ssd1/joseph/cifar,imagenet,False,,"norm,max_pool,relu,cs,fp_conv:4",False,float32,120,,"0,1,2,3",None,None,grouped_stem,gaussian,None,device,image-classification.log,100,0.000642,0.1,cosine,"30,60,90",cosine,meliusnet_flex,0.9,4,radam,meta/plot,,model,False,meta/eta,"2,2.4,3",model/meliusnet_flex_1bit_0019_acc_0.5718.params,model/meliusnet_flex_1bit_0019_acc_0.5718.states,1,123,,20,False,False,False,0,0.0,0.0,det_sign,meta/tblogs,74, 3188.839732,003_imagenet_meliusnet_flex,0.622436,0.838862,0.582260,0.794347
12240264,11427840,46.69,4.46,4440000000.0,82210000.0,4350000000.0,150230000.0,det_sign,,medium,,32,1,1,"3,5,10,6",0,1.3,/mnt/ssd1/datasets/ImageNet/extracted/rec,/mnt/ssd1/joseph/cifar,imagenet,False,,"norm,max_pool,relu,cs,fp_conv:4",False,float32,120,,"0,1,2,3",None,None,grouped_stem,gaussian,None,device,image-classification.log,100,0.000617,0.1,cosine,"30,60,90",cosine,meliusnet_flex,0.9,4,radam,meta/plot,,model,False,meta/eta,"2,2.4,3",model/meliusnet_flex_1bit_0019_acc_0.5718.params,model/meliusnet_flex_1bit_0019_acc_0.5718.states,1,123,,20,False,False,False,0,0.0,0.0,det_sign,meta/tblogs,75, 3186.306051,003_imagenet_meliusnet_flex,0.624021,0.838655,0.582735,0.795059
12240264,11427840,46.69,4.46,4440000000.0,82210000.0,4350000000.0,150230000.0,det_sign,,medium,,32,1,1,"3,5,10,6",0,1.3,/mnt/ssd1/datasets/ImageNet/extracted/rec,/mnt/ssd1/joseph/cifar,imagenet,False,,"norm,max_pool,relu,cs,fp_conv:4",False,float32,120,,"0,1,2,3",None,None,grouped_stem,gaussian,None,device,image-classification.log,100,0.000593,0.1,cosine,"30,60,90",cosine,meliusnet_flex,0.9,4,radam,meta/plot,,model,False,meta/eta,"2,2.4,3",model/meliusnet_flex_1bit_0019_acc_0.5718.params,model/meliusnet_flex_1bit_0019_acc_0.5718.states,1,123,,20,False,False,False,0,0.0,0.0,det_sign,meta/tblogs,76, 3184.751009,003_imagenet_meliusnet_flex,0.623878,0.840084,0.583813,0.795951
12240264,11427840,46.69,4.46,4440000000.0,82210000.0,4350000000.0,150230000.0,det_sign,,medium,,32,1,1,"3,5,10,6",0,1.3,/mnt/ssd1/datasets/ImageNet/extracted/rec,/mnt/ssd1/joseph/cifar,imagenet,False,,"norm,max_pool,relu,cs,fp_conv:4",False,float32,120,,"0,1,2,3",None,None,grouped_stem,gaussian,None,device,image-classification.log,100,0.000569,0.1,cosine,"30,60,90",cosine,meliusnet_flex,0.9,4,radam,meta/plot,,model,False,meta/eta,"2,2.4,3",model/meliusnet_flex_1bit_0019_acc_0.5718.params,model/meliusnet_flex_1bit_0019_acc_0.5718.states,1,123,,20,False,False,False,0,0.0,0.0,det_sign,meta/tblogs,77, 3187.924092,003_imagenet_meliusnet_flex,0.623581,0.840014,0.584527,0.796655
12240264,11427840,46.69,4.46,4440000000.0,82210000.0,4350000000.0,150230000.0,det_sign,,medium,,32,1,1,"3,5,10,6",0,1.3,/mnt/ssd1/datasets/ImageNet/extracted/rec,/mnt/ssd1/joseph/cifar,imagenet,False,,"norm,max_pool,relu,cs,fp_conv:4",False,float32,120,,"0,1,2,3",None,None,grouped_stem,gaussian,None,device,image-classification.log,100,0.000546,0.1,cosine,"30,60,90",cosine,meliusnet_flex,0.9,4,radam,meta/plot,,model,False,meta/eta,"2,2.4,3",model/meliusnet_flex_1bit_0019_acc_0.5718.params,model/meliusnet_flex_1bit_0019_acc_0.5718.states,1,123,,20,False,False,False,0,0.0,0.0,det_sign,meta/tblogs,78, 3188.960000,003_imagenet_meliusnet_flex,0.625260,0.840074,0.585592,0.797218
12240264,11427840,46.69,4.46,4440000000.0,82210000.0,4350000000.0,150230000.0,det_sign,,medium,,32,1,1,"3,5,10,6",0,1.3,/mnt/ssd1/datasets/ImageNet/extracted/rec,/mnt/ssd1/joseph/cifar,imagenet,False,,"norm,max_pool,relu,cs,fp_conv:4",False,float32,120,,"0,1,2,3",None,None,grouped_stem,gaussian,None,device,image-classification.log,100,0.000523,0.1,cosine,"30,60,90",cosine,meliusnet_flex,0.9,4,radam,meta/plot,,model,False,meta/eta,"2,2.4,3",model/meliusnet_flex_1bit_0019_acc_0.5718.params,model/meliusnet_flex_1bit_0019_acc_0.5718.states,1,123,,20,False,False,False,0,0.0,0.0,det_sign,meta/tblogs,79, 3180.880624,003_imagenet_meliusnet_flex,0.624740,0.840505,0.585945,0.797425
12240264,11427840,46.69,4.46,4440000000.0,82210000.0,4350000000.0,150230000.0,det_sign,,medium,,32,1,1,"3,5,10,6",0,1.3,/mnt/ssd1/datasets/ImageNet/extracted/rec,/mnt/ssd1/joseph/cifar,imagenet,False,,"norm,max_pool,relu,cs,fp_conv:4",False,float32,120,,"0,1,2,3",None,None,grouped_stem,gaussian,None,device,image-classification.log,100,0.000500,0.1,cosine,"30,60,90",cosine,meliusnet_flex,0.9,4,radam,meta/plot,,model,False,meta/eta,"2,2.4,3",model/meliusnet_flex_1bit_0019_acc_0.5718.params,model/meliusnet_flex_1bit_0019_acc_0.5718.states,1,123,,20,False,False,False,0,0.0,0.0,det_sign,meta/tblogs,80, 3170.581599,003_imagenet_meliusnet_flex,0.625859,0.839654,0.586900,0.797864
12240264,11427840,46.69,4.46,4440000000.0,82210000.0,4350000000.0,150230000.0,det_sign,,medium,,32,1,1,"3,5,10,6",0,1.3,/mnt/ssd1/datasets/ImageNet/extracted/rec,/mnt/ssd1/joseph/cifar,imagenet,False,,"norm,max_pool,relu,cs,fp_conv:4",False,float32,120,,"0,1,2,3",None,None,grouped_stem,gaussian,None,device,image-classification.log,100,0.000477,0.1,cosine,"30,60,90",cosine,meliusnet_flex,0.9,4,radam,meta/plot,,model,False,meta/eta,"2,2.4,3",model/meliusnet_flex_1bit_0019_acc_0.5718.params,model/meliusnet_flex_1bit_0019_acc_0.5718.states,1,123,,20,False,False,False,0,0.0,0.0,det_sign,meta/tblogs,81, 3171.609569,003_imagenet_meliusnet_flex,0.626578,0.841292,0.587694,0.798615
12240264,11427840,46.69,4.46,4440000000.0,82210000.0,4350000000.0,150230000.0,det_sign,,medium,,32,1,1,"3,5,10,6",0,1.3,/mnt/ssd1/datasets/ImageNet/extracted/rec,/mnt/ssd1/joseph/cifar,imagenet,False,,"norm,max_pool,relu,cs,fp_conv:4",False,float32,120,,"0,1,2,3",None,None,grouped_stem,gaussian,None,device,image-classification.log,100,0.000455,0.1,cosine,"30,60,90",cosine,meliusnet_flex,0.9,4,radam,meta/plot,,model,False,meta/eta,"2,2.4,3",model/meliusnet_flex_1bit_0019_acc_0.5718.params,model/meliusnet_flex_1bit_0019_acc_0.5718.states,1,123,,20,False,False,False,0,0.0,0.0,det_sign,meta/tblogs,82, 3180.498861,003_imagenet_meliusnet_flex,0.623738,0.840966,0.588402,0.799376
12240264,11427840,46.69,4.46,4440000000.0,82210000.0,4350000000.0,150230000.0,det_sign,,medium,,32,1,1,"3,5,10,6",0,1.3,/mnt/ssd1/datasets/ImageNet/extracted/rec,/mnt/ssd1/joseph/cifar,imagenet,False,,"norm,max_pool,relu,cs,fp_conv:4",False,float32,120,,"0,1,2,3",None,None,grouped_stem,gaussian,None,device,image-classification.log,100,0.000434,0.1,cosine,"30,60,90",cosine,meliusnet_flex,0.9,4,radam,meta/plot,,model,False,meta/eta,"2,2.4,3",model/meliusnet_flex_1bit_0019_acc_0.5718.params,model/meliusnet_flex_1bit_0019_acc_0.5718.states,1,123,,20,False,False,False,0,0.0,0.0,det_sign,meta/tblogs,83, 3187.356070,003_imagenet_meliusnet_flex,0.626918,0.841812,0.589637,0.800006
12240264,11427840,46.69,4.46,4440000000.0,82210000.0,4350000000.0,150230000.0,det_sign,,medium,,32,1,1,"3,5,10,6",0,1.3,/mnt/ssd1/datasets/ImageNet/extracted/rec,/mnt/ssd1/joseph/cifar,imagenet,False,,"norm,max_pool,relu,cs,fp_conv:4",False,float32,120,,"0,1,2,3",None,None,grouped_stem,gaussian,None,device,image-classification.log,100,0.000412,0.1,cosine,"30,60,90",cosine,meliusnet_flex,0.9,4,radam,meta/plot,,model,False,meta/eta,"2,2.4,3",model/meliusnet_flex_1bit_0019_acc_0.5718.params,model/meliusnet_flex_1bit_0019_acc_0.5718.states,1,123,,20,False,False,False,0,0.0,0.0,det_sign,meta/tblogs,84, 3167.168649,003_imagenet_meliusnet_flex,0.626382,0.840144,0.590395,0.800669
12240264,11427840,46.69,4.46,4440000000.0,82210000.0,4350000000.0,150230000.0,det_sign,,medium,,32,1,1,"3,5,10,6",0,1.3,/mnt/ssd1/datasets/ImageNet/extracted/rec,/mnt/ssd1/joseph/cifar,imagenet,False,,"norm,max_pool,relu,cs,fp_conv:4",False,float32,120,,"0,1,2,3",None,None,grouped_stem,gaussian,None,device,image-classification.log,100,0.000391,0.1,cosine,"30,60,90",cosine,meliusnet_flex,0.9,4,radam,meta/plot,,model,False,meta/eta,"2,2.4,3",model/meliusnet_flex_1bit_0019_acc_0.5718.params,model/meliusnet_flex_1bit_0019_acc_0.5718.states,1,123,,20,False,False,False,0,0.0,0.0,det_sign,meta/tblogs,85, 3162.485531,003_imagenet_meliusnet_flex,0.629196,0.841932,0.589964,0.800548
12240264,11427840,46.69,4.46,4440000000.0,82210000.0,4350000000.0,150230000.0,det_sign,,medium,,32,1,1,"3,5,10,6",0,1.3,/mnt/ssd1/datasets/ImageNet/extracted/rec,/mnt/ssd1/joseph/cifar,imagenet,False,,"norm,max_pool,relu,cs,fp_conv:4",False,float32,120,,"0,1,2,3",None,None,grouped_stem,gaussian,None,device,image-classification.log,100,0.000371,0.1,cosine,"30,60,90",cosine,meliusnet_flex,0.9,4,radam,meta/plot,,model,False,meta/eta,"2,2.4,3",model/meliusnet_flex_1bit_0019_acc_0.5718.params,model/meliusnet_flex_1bit_0019_acc_0.5718.states,1,123,,20,False,False,False,0,0.0,0.0,det_sign,meta/tblogs,86, 3170.814173,003_imagenet_meliusnet_flex,0.627657,0.841972,0.591621,0.801325
12240264,11427840,46.69,4.46,4440000000.0,82210000.0,4350000000.0,150230000.0,det_sign,,medium,,32,1,1,"3,5,10,6",0,1.3,/mnt/ssd1/datasets/ImageNet/extracted/rec,/mnt/ssd1/joseph/cifar,imagenet,False,,"norm,max_pool,relu,cs,fp_conv:4",False,float32,120,,"0,1,2,3",None,None,grouped_stem,gaussian,None,device,image-classification.log,100,0.000351,0.1,cosine,"30,60,90",cosine,meliusnet_flex,0.9,4,radam,meta/plot,,model,False,meta/eta,"2,2.4,3",model/meliusnet_flex_1bit_0019_acc_0.5718.params,model/meliusnet_flex_1bit_0019_acc_0.5718.states,1,123,,20,False,False,False,0,0.0,0.0,det_sign,meta/tblogs,87, 3177.466747,003_imagenet_meliusnet_flex,0.629227,0.842268,0.592065,0.801970
12240264,11427840,46.69,4.46,4440000000.0,82210000.0,4350000000.0,150230000.0,det_sign,,medium,,32,1,1,"3,5,10,6",0,1.3,/mnt/ssd1/datasets/ImageNet/extracted/rec,/mnt/ssd1/joseph/cifar,imagenet,False,,"norm,max_pool,relu,cs,fp_conv:4",False,float32,120,,"0,1,2,3",None,None,grouped_stem,gaussian,None,device,image-classification.log,100,0.000331,0.1,cosine,"30,60,90",cosine,meliusnet_flex,0.9,4,radam,meta/plot,,model,False,meta/eta,"2,2.4,3",model/meliusnet_flex_1bit_0019_acc_0.5718.params,model/meliusnet_flex_1bit_0019_acc_0.5718.states,1,123,,20,False,False,False,0,0.0,0.0,det_sign,meta/tblogs,88, 3184.274433,003_imagenet_meliusnet_flex,0.629975,0.841432,0.592957,0.802141
12240264,11427840,46.69,4.46,4440000000.0,82210000.0,4350000000.0,150230000.0,det_sign,,medium,,32,1,1,"3,5,10,6",0,1.3,/mnt/ssd1/datasets/ImageNet/extracted/rec,/mnt/ssd1/joseph/cifar,imagenet,False,,"norm,max_pool,relu,cs,fp_conv:4",False,float32,120,,"0,1,2,3",None,None,grouped_stem,gaussian,None,device,image-classification.log,100,0.000312,0.1,cosine,"30,60,90",cosine,meliusnet_flex,0.9,4,radam,meta/plot,,model,False,meta/eta,"2,2.4,3",model/meliusnet_flex_1bit_0019_acc_0.5718.params,model/meliusnet_flex_1bit_0019_acc_0.5718.states,1,123,,20,False,False,False,0,0.0,0.0,det_sign,meta/tblogs,89, 3185.943213,003_imagenet_meliusnet_flex,0.628217,0.842731,0.594244,0.803497
12240264,11427840,46.69,4.46,4440000000.0,82210000.0,4350000000.0,150230000.0,det_sign,,medium,,32,1,1,"3,5,10,6",0,1.3,/mnt/ssd1/datasets/ImageNet/extracted/rec,/mnt/ssd1/joseph/cifar,imagenet,False,,"norm,max_pool,relu,cs,fp_conv:4",False,float32,120,,"0,1,2,3",None,None,grouped_stem,gaussian,None,device,image-classification.log,100,0.000293,0.1,cosine,"30,60,90",cosine,meliusnet_flex,0.9,4,radam,meta/plot,,model,False,meta/eta,"2,2.4,3",model/meliusnet_flex_1bit_0019_acc_0.5718.params,model/meliusnet_flex_1bit_0019_acc_0.5718.states,1,123,,20,False,False,False,0,0.0,0.0,det_sign,meta/tblogs,90, 3185.598584,003_imagenet_meliusnet_flex,0.629968,0.843109,0.594310,0.803660
12240264,11427840,46.69,4.46,4440000000.0,82210000.0,4350000000.0,150230000.0,det_sign,,medium,,32,1,1,"3,5,10,6",0,1.3,/mnt/ssd1/datasets/ImageNet/extracted/rec,/mnt/ssd1/joseph/cifar,imagenet,False,,"norm,max_pool,relu,cs,fp_conv:4",False,float32,120,,"0,1,2,3",None,None,grouped_stem,gaussian,None,device,image-classification.log,100,0.000275,0.1,cosine,"30,60,90",cosine,meliusnet_flex,0.9,4,radam,meta/plot,,model,False,meta/eta,"2,2.4,3",model/meliusnet_flex_1bit_0019_acc_0.5718.params,model/meliusnet_flex_1bit_0019_acc_0.5718.states,1,123,,20,False,False,False,0,0.0,0.0,det_sign,meta/tblogs,91, 3162.446465,003_imagenet_meliusnet_flex,0.631534,0.843830,0.595558,0.804218
12240264,11427840,46.69,4.46,4440000000.0,82210000.0,4350000000.0,150230000.0,det_sign,,medium,,32,1,1,"3,5,10,6",0,1.3,/mnt/ssd1/datasets/ImageNet/extracted/rec,/mnt/ssd1/joseph/cifar,imagenet,False,,"norm,max_pool,relu,cs,fp_conv:4",False,float32,120,,"0,1,2,3",None,None,grouped_stem,gaussian,None,device,image-classification.log,100,0.000257,0.1,cosine,"30,60,90",cosine,meliusnet_flex,0.9,4,radam,meta/plot,,model,False,meta/eta,"2,2.4,3",model/meliusnet_flex_1bit_0019_acc_0.5718.params,model/meliusnet_flex_1bit_0019_acc_0.5718.states,1,123,,20,False,False,False,0,0.0,0.0,det_sign,meta/tblogs,92, 3157.845060,003_imagenet_meliusnet_flex,0.631751,0.844692,0.596003,0.804828
12240264,11427840,46.69,4.46,4440000000.0,82210000.0,4350000000.0,150230000.0,det_sign,,medium,,32,1,1,"3,5,10,6",0,1.3,/mnt/ssd1/datasets/ImageNet/extracted/rec,/mnt/ssd1/joseph/cifar,imagenet,False,,"norm,max_pool,relu,cs,fp_conv:4",False,float32,120,,"0,1,2,3",None,None,grouped_stem,gaussian,None,device,image-classification.log,100,0.000240,0.1,cosine,"30,60,90",cosine,meliusnet_flex,0.9,4,radam,meta/plot,,model,False,meta/eta,"2,2.4,3",model/meliusnet_flex_1bit_0019_acc_0.5718.params,model/meliusnet_flex_1bit_0019_acc_0.5718.states,1,123,,20,False,False,False,0,0.0,0.0,det_sign,meta/tblogs,93, 3167.152014,003_imagenet_meliusnet_flex,0.631274,0.843690,0.596523,0.805276
12240264,11427840,46.69,4.46,4440000000.0,82210000.0,4350000000.0,150230000.0,det_sign,,medium,,32,1,1,"3,5,10,6",0,1.3,/mnt/ssd1/datasets/ImageNet/extracted/rec,/mnt/ssd1/joseph/cifar,imagenet,False,,"norm,max_pool,relu,cs,fp_conv:4",False,float32,120,,"0,1,2,3",None,None,grouped_stem,gaussian,None,device,image-classification.log,100,0.000223,0.1,cosine,"30,60,90",cosine,meliusnet_flex,0.9,4,radam,meta/plot,,model,False,meta/eta,"2,2.4,3",model/meliusnet_flex_1bit_0019_acc_0.5718.params,model/meliusnet_flex_1bit_0019_acc_0.5718.states,1,123,,20,False,False,False,0,0.0,0.0,det_sign,meta/tblogs,94, 3173.270991,003_imagenet_meliusnet_flex,0.632593,0.844070,0.597427,0.805950
12240264,11427840,46.69,4.46,4440000000.0,82210000.0,4350000000.0,150230000.0,det_sign,,medium,,32,1,1,"3,5,10,6",0,1.3,/mnt/ssd1/datasets/ImageNet/extracted/rec,/mnt/ssd1/joseph/cifar,imagenet,False,,"norm,max_pool,relu,cs,fp_conv:4",False,float32,120,,"0,1,2,3",None,None,grouped_stem,gaussian,None,device,image-classification.log,100,0.000207,0.1,cosine,"30,60,90",cosine,meliusnet_flex,0.9,4,radam,meta/plot,,model,False,meta/eta,"2,2.4,3",model/meliusnet_flex_1bit_0019_acc_0.5718.params,model/meliusnet_flex_1bit_0019_acc_0.5718.states,1,123,,20,False,False,False,0,0.0,0.0,det_sign,meta/tblogs,95, 3169.764389,003_imagenet_meliusnet_flex,0.632312,0.844531,0.597742,0.806017
12240264,11427840,46.69,4.46,4440000000.0,82210000.0,4350000000.0,150230000.0,det_sign,,medium,,32,1,1,"3,5,10,6",0,1.3,/mnt/ssd1/datasets/ImageNet/extracted/rec,/mnt/ssd1/joseph/cifar,imagenet,False,,"norm,max_pool,relu,cs,fp_conv:4",False,float32,120,,"0,1,2,3",None,None,grouped_stem,gaussian,None,device,image-classification.log,100,0.000191,0.1,cosine,"30,60,90",cosine,meliusnet_flex,0.9,4,radam,meta/plot,,model,False,meta/eta,"2,2.4,3",model/meliusnet_flex_1bit_0019_acc_0.5718.params,model/meliusnet_flex_1bit_0019_acc_0.5718.states,1,123,,20,False,False,False,0,0.0,0.0,det_sign,meta/tblogs,96, 3178.675370,003_imagenet_meliusnet_flex,0.635390,0.844649,0.598590,0.806729
12240264,11427840,46.69,4.46,4440000000.0,82210000.0,4350000000.0,150230000.0,det_sign,,medium,,32,1,1,"3,5,10,6",0,1.3,/mnt/ssd1/datasets/ImageNet/extracted/rec,/mnt/ssd1/joseph/cifar,imagenet,False,,"norm,max_pool,relu,cs,fp_conv:4",False,float32,120,,"0,1,2,3",None,None,grouped_stem,gaussian,None,device,image-classification.log,100,0.000176,0.1,cosine,"30,60,90",cosine,meliusnet_flex,0.9,4,radam,meta/plot,,model,False,meta/eta,"2,2.4,3",model/meliusnet_flex_1bit_0019_acc_0.5718.params,model/meliusnet_flex_1bit_0019_acc_0.5718.states,1,123,,20,False,False,False,0,0.0,0.0,det_sign,meta/tblogs,97, 3181.659684,003_imagenet_meliusnet_flex,0.632733,0.845029,0.599392,0.806907
12240264,11427840,46.69,4.46,4440000000.0,82210000.0,4350000000.0,150230000.0,det_sign,,medium,,32,1,1,"3,5,10,6",0,1.3,/mnt/ssd1/datasets/ImageNet/extracted/rec,/mnt/ssd1/joseph/cifar,imagenet,False,,"norm,max_pool,relu,cs,fp_conv:4",False,float32,120,,"0,1,2,3",None,None,grouped_stem,gaussian,None,device,image-classification.log,100,0.000161,0.1,cosine,"30,60,90",cosine,meliusnet_flex,0.9,4,radam,meta/plot,,model,False,meta/eta,"2,2.4,3",model/meliusnet_flex_1bit_0019_acc_0.5718.params,model/meliusnet_flex_1bit_0019_acc_0.5718.states,1,123,,20,False,False,False,0,0.0,0.0,det_sign,meta/tblogs,98, 3173.086928,003_imagenet_meliusnet_flex,0.634014,0.846434,0.600354,0.808002
12240264,11427840,46.69,4.46,4440000000.0,82210000.0,4350000000.0,150230000.0,det_sign,,medium,,32,1,1,"3,5,10,6",0,1.3,/mnt/ssd1/datasets/ImageNet/extracted/rec,/mnt/ssd1/joseph/cifar,imagenet,False,,"norm,max_pool,relu,cs,fp_conv:4",False,float32,120,,"0,1,2,3",None,None,grouped_stem,gaussian,None,device,image-classification.log,100,0.000147,0.1,cosine,"30,60,90",cosine,meliusnet_flex,0.9,4,radam,meta/plot,,model,False,meta/eta,"2,2.4,3",model/meliusnet_flex_1bit_0019_acc_0.5718.params,model/meliusnet_flex_1bit_0019_acc_0.5718.states,1,123,,20,False,False,False,0,0.0,0.0,det_sign,meta/tblogs,99, 3182.347348,003_imagenet_meliusnet_flex,0.634970,0.846128,0.600549,0.807882
12240264,11427840,46.69,4.46,4440000000.0,82210000.0,4350000000.0,150230000.0,det_sign,,medium,,32,1,1,"3,5,10,6",0,1.3,/mnt/ssd1/datasets/ImageNet/extracted/rec,/mnt/ssd1/joseph/cifar,imagenet,False,,"norm,max_pool,relu,cs,fp_conv:4",False,float32,120,,"0,1,2,3",None,None,grouped_stem,gaussian,None,device,image-classification.log,100,0.000134,0.1,cosine,"30,60,90",cosine,meliusnet_flex,0.9,4,radam,meta/plot,,model,False,meta/eta,"2,2.4,3",model/meliusnet_flex_1bit_0019_acc_0.5718.params,model/meliusnet_flex_1bit_0019_acc_0.5718.states,1,123,,20,False,False,False,0,0.0,0.0,det_sign,meta/tblogs,100, 3185.365323,003_imagenet_meliusnet_flex,0.632913,0.846655,0.601171,0.808269
12240264,11427840,46.69,4.46,4440000000.0,82210000.0,4350000000.0,150230000.0,det_sign,,medium,,32,1,1,"3,5,10,6",0,1.3,/mnt/ssd1/datasets/ImageNet/extracted/rec,/mnt/ssd1/joseph/cifar,imagenet,False,,"norm,max_pool,relu,cs,fp_conv:4",False,float32,120,,"0,1,2,3",None,None,grouped_stem,gaussian,None,device,image-classification.log,100,0.000121,0.1,cosine,"30,60,90",cosine,meliusnet_flex,0.9,4,radam,meta/plot,,model,False,meta/eta,"2,2.4,3",model/meliusnet_flex_1bit_0019_acc_0.5718.params,model/meliusnet_flex_1bit_0019_acc_0.5718.states,1,123,,20,False,False,False,0,0.0,0.0,det_sign,meta/tblogs,101, 3182.177731,003_imagenet_meliusnet_flex,0.634571,0.848366,0.601986,0.808802
12240264,11427840,46.69,4.46,4440000000.0,82210000.0,4350000000.0,150230000.0,det_sign,,medium,,32,1,1,"3,5,10,6",0,1.3,/mnt/ssd1/datasets/ImageNet/extracted/rec,/mnt/ssd1/joseph/cifar,imagenet,False,,"norm,max_pool,relu,cs,fp_conv:4",False,float32,120,,"0,1,2,3",None,None,grouped_stem,gaussian,None,device,image-classification.log,100,0.000109,0.1,cosine,"30,60,90",cosine,meliusnet_flex,0.9,4,radam,meta/plot,,model,False,meta/eta,"2,2.4,3",model/meliusnet_flex_1bit_0019_acc_0.5718.params,model/meliusnet_flex_1bit_0019_acc_0.5718.states,1,123,,20,False,False,False,0,0.0,0.0,det_sign,meta/tblogs,102, 3187.843522,003_imagenet_meliusnet_flex,0.634231,0.846607,0.602846,0.809886
12240264,11427840,46.69,4.46,4440000000.0,82210000.0,4350000000.0,150230000.0,det_sign,,medium,,32,1,1,"3,5,10,6",0,1.3,/mnt/ssd1/datasets/ImageNet/extracted/rec,/mnt/ssd1/joseph/cifar,imagenet,False,,"norm,max_pool,relu,cs,fp_conv:4",False,float32,120,,"0,1,2,3",None,None,grouped_stem,gaussian,None,device,image-classification.log,100,0.000097,0.1,cosine,"30,60,90",cosine,meliusnet_flex,0.9,4,radam,meta/plot,,model,False,meta/eta,"2,2.4,3",model/meliusnet_flex_1bit_0019_acc_0.5718.params,model/meliusnet_flex_1bit_0019_acc_0.5718.states,1,123,,20,False,False,False,0,0.0,0.0,det_sign,meta/tblogs,103, 3181.845843,003_imagenet_meliusnet_flex,0.635897,0.848237,0.603263,0.810255
12240264,11427840,46.69,4.46,4440000000.0,82210000.0,4350000000.0,150230000.0,det_sign,,medium,,32,1,1,"3,5,10,6",0,1.3,/mnt/ssd1/datasets/ImageNet/extracted/rec,/mnt/ssd1/joseph/cifar,imagenet,False,,"norm,max_pool,relu,cs,fp_conv:4",False,float32,120,,"0,1,2,3",None,None,grouped_stem,gaussian,None,device,image-classification.log,100,0.000086,0.1,cosine,"30,60,90",cosine,meliusnet_flex,0.9,4,radam,meta/plot,,model,False,meta/eta,"2,2.4,3",model/meliusnet_flex_1bit_0019_acc_0.5718.params,model/meliusnet_flex_1bit_0019_acc_0.5718.states,1,123,,20,False,False,False,0,0.0,0.0,det_sign,meta/tblogs,104, 3177.415393,003_imagenet_meliusnet_flex,0.636649,0.846887,0.603207,0.810358
12240264,11427840,46.69,4.46,4440000000.0,82210000.0,4350000000.0,150230000.0,det_sign,,medium,,32,1,1,"3,5,10,6",0,1.3,/mnt/ssd1/datasets/ImageNet/extracted/rec,/mnt/ssd1/joseph/cifar,imagenet,False,,"norm,max_pool,relu,cs,fp_conv:4",False,float32,120,,"0,1,2,3",None,None,grouped_stem,gaussian,None,device,image-classification.log,100,0.000076,0.1,cosine,"30,60,90",cosine,meliusnet_flex,0.9,4,radam,meta/plot,,model,False,meta/eta,"2,2.4,3",model/meliusnet_flex_1bit_0019_acc_0.5718.params,model/meliusnet_flex_1bit_0019_acc_0.5718.states,1,123,,20,False,False,False,0,0.0,0.0,det_sign,meta/tblogs,105, 3185.729907,003_imagenet_meliusnet_flex,0.635470,0.846607,0.604358,0.811094
12240264,11427840,46.69,4.46,4440000000.0,82210000.0,4350000000.0,150230000.0,det_sign,,medium,,32,1,1,"3,5,10,6",0,1.3,/mnt/ssd1/datasets/ImageNet/extracted/rec,/mnt/ssd1/joseph/cifar,imagenet,False,,"norm,max_pool,relu,cs,fp_conv:4",False,float32,120,,"0,1,2,3",None,None,grouped_stem,gaussian,None,device,image-classification.log,100,0.000066,0.1,cosine,"30,60,90",cosine,meliusnet_flex,0.9,4,radam,meta/plot,,model,False,meta/eta,"2,2.4,3",model/meliusnet_flex_1bit_0019_acc_0.5718.params,model/meliusnet_flex_1bit_0019_acc_0.5718.states,1,123,,20,False,False,False,0,0.0,0.0,det_sign,meta/tblogs,106, 3190.430837,003_imagenet_meliusnet_flex,0.636458,0.847817,0.605264,0.811510
12240264,11427840,46.69,4.46,4440000000.0,82210000.0,4350000000.0,150230000.0,det_sign,,medium,,32,1,1,"3,5,10,6",0,1.3,/mnt/ssd1/datasets/ImageNet/extracted/rec,/mnt/ssd1/joseph/cifar,imagenet,False,,"norm,max_pool,relu,cs,fp_conv:4",False,float32,120,,"0,1,2,3",None,None,grouped_stem,gaussian,None,device,image-classification.log,100,0.000057,0.1,cosine,"30,60,90",cosine,meliusnet_flex,0.9,4,radam,meta/plot,,model,False,meta/eta,"2,2.4,3",model/meliusnet_flex_1bit_0019_acc_0.5718.params,model/meliusnet_flex_1bit_0019_acc_0.5718.states,1,123,,20,False,False,False,0,0.0,0.0,det_sign,meta/tblogs,107, 3186.696471,003_imagenet_meliusnet_flex,0.637288,0.848066,0.606119,0.812363
12240264,11427840,46.69,4.46,4440000000.0,82210000.0,4350000000.0,150230000.0,det_sign,,medium,,32,1,1,"3,5,10,6",0,1.3,/mnt/ssd1/datasets/ImageNet/extracted/rec,/mnt/ssd1/joseph/cifar,imagenet,False,,"norm,max_pool,relu,cs,fp_conv:4",False,float32,120,,"0,1,2,3",None,None,grouped_stem,gaussian,None,device,image-classification.log,100,0.000049,0.1,cosine,"30,60,90",cosine,meliusnet_flex,0.9,4,radam,meta/plot,,model,False,meta/eta,"2,2.4,3",model/meliusnet_flex_1bit_0019_acc_0.5718.params,model/meliusnet_flex_1bit_0019_acc_0.5718.states,1,123,,20,False,False,False,0,0.0,0.0,det_sign,meta/tblogs,108, 3177.808493,003_imagenet_meliusnet_flex,0.637480,0.847336,0.606543,0.812815
12240264,11427840,46.69,4.46,4440000000.0,82210000.0,4350000000.0,150230000.0,det_sign,,medium,,32,1,1,"3,5,10,6",0,1.3,/mnt/ssd1/datasets/ImageNet/extracted/rec,/mnt/ssd1/joseph/cifar,imagenet,False,,"norm,max_pool,relu,cs,fp_conv:4",False,float32,120,,"0,1,2,3",None,None,grouped_stem,gaussian,None,device,image-classification.log,100,0.000041,0.1,cosine,"30,60,90",cosine,meliusnet_flex,0.9,4,radam,meta/plot,,model,False,meta/eta,"2,2.4,3",model/meliusnet_flex_1bit_0019_acc_0.5718.params,model/meliusnet_flex_1bit_0019_acc_0.5718.states,1,123,,20,False,False,False,0,0.0,0.0,det_sign,meta/tblogs,109, 3175.574143,003_imagenet_meliusnet_flex,0.634651,0.849445,0.606740,0.812346
12240264,11427840,46.69,4.46,4440000000.0,82210000.0,4350000000.0,150230000.0,det_sign,,medium,,32,1,1,"3,5,10,6",0,1.3,/mnt/ssd1/datasets/ImageNet/extracted/rec,/mnt/ssd1/joseph/cifar,imagenet,False,,"norm,max_pool,relu,cs,fp_conv:4",False,float32,120,,"0,1,2,3",None,None,grouped_stem,gaussian,None,device,image-classification.log,100,0.000034,0.1,cosine,"30,60,90",cosine,meliusnet_flex,0.9,4,radam,meta/plot,,model,False,meta/eta,"2,2.4,3",model/meliusnet_flex_1bit_0019_acc_0.5718.params,model/meliusnet_flex_1bit_0019_acc_0.5718.states,1,123,,20,False,False,False,0,0.0,0.0,det_sign,meta/tblogs,110, 3179.251570,003_imagenet_meliusnet_flex,0.638747,0.849165,0.607264,0.812905
12240264,11427840,46.69,4.46,4440000000.0,82210000.0,4350000000.0,150230000.0,det_sign,,medium,,32,1,1,"3,5,10,6",0,1.3,/mnt/ssd1/datasets/ImageNet/extracted/rec,/mnt/ssd1/joseph/cifar,imagenet,False,,"norm,max_pool,relu,cs,fp_conv:4",False,float32,120,,"0,1,2,3",None,None,grouped_stem,gaussian,None,device,image-classification.log,100,0.000028,0.1,cosine,"30,60,90",cosine,meliusnet_flex,0.9,4,radam,meta/plot,,model,False,meta/eta,"2,2.4,3",model/meliusnet_flex_1bit_0019_acc_0.5718.params,model/meliusnet_flex_1bit_0019_acc_0.5718.states,1,123,,20,False,False,False,0,0.0,0.0,det_sign,meta/tblogs,111, 3177.409092,003_imagenet_meliusnet_flex,0.637901,0.849339,0.608353,0.813089
12240264,11427840,46.69,4.46,4440000000.0,82210000.0,4350000000.0,150230000.0,det_sign,,medium,,32,1,1,"3,5,10,6",0,1.3,/mnt/ssd1/datasets/ImageNet/extracted/rec,/mnt/ssd1/joseph/cifar,imagenet,False,,"norm,max_pool,relu,cs,fp_conv:4",False,float32,120,,"0,1,2,3",None,None,grouped_stem,gaussian,None,device,image-classification.log,100,0.000022,0.1,cosine,"30,60,90",cosine,meliusnet_flex,0.9,4,radam,meta/plot,,model,False,meta/eta,"2,2.4,3",model/meliusnet_flex_1bit_0019_acc_0.5718.params,model/meliusnet_flex_1bit_0019_acc_0.5718.states,1,123,,20,False,False,False,0,0.0,0.0,det_sign,meta/tblogs,112, 3187.302417,003_imagenet_meliusnet_flex,0.638427,0.849245,0.608575,0.813960
12240264,11427840,46.69,4.46,4440000000.0,82210000.0,4350000000.0,150230000.0,det_sign,,medium,,32,1,1,"3,5,10,6",0,1.3,/mnt/ssd1/datasets/ImageNet/extracted/rec,/mnt/ssd1/joseph/cifar,imagenet,False,,"norm,max_pool,relu,cs,fp_conv:4",False,float32,120,,"0,1,2,3",None,None,grouped_stem,gaussian,None,device,image-classification.log,100,0.000017,0.1,cosine,"30,60,90",cosine,meliusnet_flex,0.9,4,radam,meta/plot,,model,False,meta/eta,"2,2.4,3",model/meliusnet_flex_1bit_0019_acc_0.5718.params,model/meliusnet_flex_1bit_0019_acc_0.5718.states,1,123,,20,False,False,False,0,0.0,0.0,det_sign,meta/tblogs,113, 3173.918837,003_imagenet_meliusnet_flex,0.638427,0.849484,0.609010,0.813870
12240264,11427840,46.69,4.46,4440000000.0,82210000.0,4350000000.0,150230000.0,det_sign,,medium,,32,1,1,"3,5,10,6",0,1.3,/mnt/ssd1/datasets/ImageNet/extracted/rec,/mnt/ssd1/joseph/cifar,imagenet,False,,"norm,max_pool,relu,cs,fp_conv:4",False,float32,120,,"0,1,2,3",None,None,grouped_stem,gaussian,None,device,image-classification.log,100,0.000012,0.1,cosine,"30,60,90",cosine,meliusnet_flex,0.9,4,radam,meta/plot,,model,False,meta/eta,"2,2.4,3",model/meliusnet_flex_1bit_0019_acc_0.5718.params,model/meliusnet_flex_1bit_0019_acc_0.5718.states,1,123,,20,False,False,False,0,0.0,0.0,det_sign,meta/tblogs,114, 3162.903153,003_imagenet_meliusnet_flex,0.637119,0.849058,0.608799,0.814161
12240264,11427840,46.69,4.46,4440000000.0,82210000.0,4350000000.0,150230000.0,det_sign,,medium,,32,1,1,"3,5,10,6",0,1.3,/mnt/ssd1/datasets/ImageNet/extracted/rec,/mnt/ssd1/joseph/cifar,imagenet,False,,"norm,max_pool,relu,cs,fp_conv:4",False,float32,120,,"0,1,2,3",None,None,grouped_stem,gaussian,None,device,image-classification.log,100,0.000009,0.1,cosine,"30,60,90",cosine,meliusnet_flex,0.9,4,radam,meta/plot,,model,False,meta/eta,"2,2.4,3",model/meliusnet_flex_1bit_0019_acc_0.5718.params,model/meliusnet_flex_1bit_0019_acc_0.5718.states,1,123,,20,False,False,False,0,0.0,0.0,det_sign,meta/tblogs,115, 3168.547689,003_imagenet_meliusnet_flex,0.639706,0.850084,0.610157,0.814980
12240264,11427840,46.69,4.46,4440000000.0,82210000.0,4350000000.0,150230000.0,det_sign,,medium,,32,1,1,"3,5,10,6",0,1.3,/mnt/ssd1/datasets/ImageNet/extracted/rec,/mnt/ssd1/joseph/cifar,imagenet,False,,"norm,max_pool,relu,cs,fp_conv:4",False,float32,120,,"0,1,2,3",None,None,grouped_stem,gaussian,None,device,image-classification.log,100,0.000005,0.1,cosine,"30,60,90",cosine,meliusnet_flex,0.9,4,radam,meta/plot,,model,False,meta/eta,"2,2.4,3",model/meliusnet_flex_1bit_0019_acc_0.5718.params,model/meliusnet_flex_1bit_0019_acc_0.5718.states,1,123,,20,False,False,False,0,0.0,0.0,det_sign,meta/tblogs,116, 3169.362471,003_imagenet_meliusnet_flex,0.638922,0.848938,0.610494,0.815565
12240264,11427840,46.69,4.46,4440000000.0,82210000.0,4350000000.0,150230000.0,det_sign,,medium,,32,1,1,"3,5,10,6",0,1.3,/mnt/ssd1/datasets/ImageNet/extracted/rec,/mnt/ssd1/joseph/cifar,imagenet,False,,"norm,max_pool,relu,cs,fp_conv:4",False,float32,120,,"0,1,2,3",None,None,grouped_stem,gaussian,None,device,image-classification.log,100,0.000003,0.1,cosine,"30,60,90",cosine,meliusnet_flex,0.9,4,radam,meta/plot,,model,False,meta/eta,"2,2.4,3",model/meliusnet_flex_1bit_0019_acc_0.5718.params,model/meliusnet_flex_1bit_0019_acc_0.5718.states,1,123,,20,False,False,False,0,0.0,0.0,det_sign,meta/tblogs,117, 3178.411788,003_imagenet_meliusnet_flex,0.640305,0.850464,0.610657,0.815135
12240264,11427840,46.69,4.46,4440000000.0,82210000.0,4350000000.0,150230000.0,det_sign,,medium,,32,1,1,"3,5,10,6",0,1.3,/mnt/ssd1/datasets/ImageNet/extracted/rec,/mnt/ssd1/joseph/cifar,imagenet,False,,"norm,max_pool,relu,cs,fp_conv:4",False,float32,120,,"0,1,2,3",None,None,grouped_stem,gaussian,None,device,image-classification.log,100,0.000001,0.1,cosine,"30,60,90",cosine,meliusnet_flex,0.9,4,radam,meta/plot,,model,False,meta/eta,"2,2.4,3",model/meliusnet_flex_1bit_0019_acc_0.5718.params,model/meliusnet_flex_1bit_0019_acc_0.5718.states,1,123,,20,False,False,False,0,0.0,0.0,det_sign,meta/tblogs,118, 3180.859426,003_imagenet_meliusnet_flex,0.640385,0.850144,0.611721,0.816009
12240264,11427840,46.69,4.46,4440000000.0,82210000.0,4350000000.0,150230000.0,det_sign,,medium,,32,1,1,"3,5,10,6",0,1.3,/mnt/ssd1/datasets/ImageNet/extracted/rec,/mnt/ssd1/joseph/cifar,imagenet,False,,"norm,max_pool,relu,cs,fp_conv:4",False,float32,120,,"0,1,2,3",None,None,grouped_stem,gaussian,None,device,image-classification.log,100,0.000000,0.1,cosine,"30,60,90",cosine,meliusnet_flex,0.9,4,radam,meta/plot,,model,False,meta/eta,"2,2.4,3",model/meliusnet_flex_1bit_0019_acc_0.5718.params,model/meliusnet_flex_1bit_0019_acc_0.5718.states,1,123,,20,False,False,False,0,0.0,0.0,det_sign,meta/tblogs,119, 3182.421807,003_imagenet_meliusnet_flex,0.640525,0.850200,0.611074,0.815671
12240264,11427840,46.69,4.46,4440000000.0,82210000.0,4350000000.0,150230000.0,det_sign,,medium,,32,1,1,"3,5,10,6",0,1.3,/mnt/ssd1/datasets/ImageNet/extracted/rec,/mnt/ssd1/joseph/cifar,imagenet,False,,"norm,max_pool,relu,cs,fp_conv:4",False,float32,120,,"0,1,2,3",None,None,grouped_stem,gaussian,None,device,image-classification.log,100,0.000000,0.1,cosine,"30,60,90",cosine,meliusnet_flex,0.9,4,radam,meta/plot,,model,False,meta/eta,"2,2.4,3",model/meliusnet_flex_1bit_0019_acc_0.5718.params,model/meliusnet_flex_1bit_0019_acc_0.5718.states,1,123,,20,False,False,False,0,0.0,0.0,det_sign,meta/tblogs,120, 3171.982915,003_imagenet_meliusnet_flex,0.640665,0.850184,0.611371,0.815870
